pattern_signature,occurrences,unique_dates,unique_weekdays,unique_years,median_gap_minutes,min_gap_minutes,max_gap_minutes,first_seen,last_seen,persistence_score
20:59 -> 21:01 | 2m,129,129,4,6,2.0,2.0,2.0,2021-10-21 20:59:00,2026-08-11 20:59:00,0.96
21:59 -> 22:01 | 2m,106,106,4,6,2.0,2.0,2.0,2021-11-09 21:59:00,2026-02-26 21:59:00,0.96
21:02 -> 21:04 | 2m,80,80,4,6,2.0,2.0,2.0,2021-08-17 21:02:00,2026-08-11 21:02:00,0.96
22:03 -> 22:05 | 2m,60,60,4,6,2.0,2.0,2.0,2021-08-25 22:03:00,2026-02-25 22:03:00,0.96
22:02 -> 22:04 | 2m,56,56,4,6,2.0,2.0,2.0,2021-08-24 22:02:00,2026-01-13 22:02:00,0.96
21:01 -> 21:03 | 2m,45,45,4,6,2.0,2.0,2.0,2021-08-19 21:01:00,2026-05-28 21:01:00,0.96
22:02 -> 22:05 | 4m,36,36,4,6,3.0,3.0,3.0,2021-08-23 22:02:00,2026-02-26 22:02:00,0.96
22:00 -> 22:02 | 2m,27,27,4,6,2.0,2.0,2.0,2021-09-07 22:00:00,2026-01-20 22:00:00,0.96
22:01 -> 22:03 | 2m,25,25,4,6,2.0,2.0,2.0,2021-08-25 22:01:00,2026-02-05 22:01:00,0.96
21:01 -> 21:04 | 4m,24,24,4,6,3.0,3.0,3.0,2021-08-24 21:01:00,2026-04-15 21:01:00,0.96
21:07 -> 21:09 | 2m,26,26,5,5,2.0,2.0,2.0,2021-09-23 21:07:00,2025-05-12 21:07:00,0.9166666666666667
21:02 -> 21:05 | 4m,47,47,4,5,3.0,3.0,3.0,2021-09-20 21:02:00,2026-07-30 21:02:00,0.8766666666666667
22:01 -> 22:05 | 4m,45,45,4,5,4.0,4.0,4.0,2021-11-09 22:01:00,2026-02-24 22:01:00,0.8766666666666667
21:08 -> 21:10 | 2m,38,38,4,5,2.0,2.0,2.0,2021-09-01 21:08:00,2026-07-15 21:08:00,0.8766666666666667
21:59 -> 22:05 | 6m,28,28,4,5,6.0,6.0,6.0,2022-11-21 21:59:00,2026-03-04 21:59:00,0.8766666666666667
21:01 -> 21:05 | 4m,26,26,4,5,4.0,4.0,4.0,2021-09-15 21:01:00,2026-04-28 21:01:00,0.8766666666666667
20:59 -> 21:02 | 4m,24,24,4,5,3.0,3.0,3.0,2022-05-04 20:59:00,2026-07-13 20:59:00,0.8766666666666667
21:18 -> 21:20 | 2m,29,29,5,4,2.0,2.0,2.0,2021-09-15 21:18:00,2025-09-17 21:18:00,0.8333333333333333
20:32 -> 20:34 | 2m,25,25,5,4,2.0,2.0,2.0,2021-09-28 20:32:00,2024-08-26 20:32:00,0.8333333333333333
20:41 -> 20:43 | 2m,23,23,5,4,2.0,2.0,2.0,2021-09-01 20:41:00,2024-08-21 20:41:00,0.8333333333333333
20:33 -> 20:35 | 2m,22,22,5,4,2.0,2.0,2.0,2021-08-24 20:33:00,2024-08-22 20:33:00,0.8333333333333333
20:38 -> 20:40 | 2m,21,21,5,4,2.0,2.0,2.0,2021-08-17 20:38:00,2024-08-22 20:38:00,0.8333333333333333
20:39 -> 20:41 | 2m,20,20,5,4,2.0,2.0,2.0,2021-09-13 20:39:00,2024-08-30 20:39:00,0.8333333333333333
21:03 -> 21:05 | 2m,69,69,4,4,2.0,2.0,2.0,2021-08-19 21:03:00,2026-08-10 21:03:00,0.7933333333333333
23:58 -> 00:00 | 2m,62,62,4,4,2.0,2.0,2.0,2021-09-01 23:58:00,2024-04-18 23:58:00,0.7933333333333333
21:00 -> 21:02 | 2m,44,44,4,4,2.0,2.0,2.0,2021-09-06 21:00:00,2025-07-30 21:00:00,0.7933333333333333
22:20 -> 22:22 | 2m,41,41,4,4,2.0,2.0,2.0,2021-08-18 22:20:00,2024-08-19 22:20:00,0.7933333333333333
22:55 -> 22:57 | 2m,37,37,4,4,2.0,2.0,2.0,2021-08-17 22:55:00,2024-08-26 22:55:00,0.7933333333333333
22:08 -> 22:10 | 2m,34,34,4,4,2.0,2.0,2.0,2021-08-19 22:08:00,2025-12-23 22:08:00,0.7933333333333333
22:07 -> 22:09 | 2m,33,33,4,4,2.0,2.0,2.0,2021-08-26 22:07:00,2026-01-22 22:07:00,0.7933333333333333
22:06 -> 22:08 | 2m,32,32,4,4,2.0,2.0,2.0,2021-09-07 22:06:00,2024-11-05 22:06:00,0.7933333333333333
22:51 -> 22:53 | 2m,32,32,4,4,2.0,2.0,2.0,2021-08-17 22:51:00,2024-08-19 22:51:00,0.7933333333333333
21:06 -> 21:08 | 2m,31,31,4,4,2.0,2.0,2.0,2021-09-08 21:06:00,2026-07-28 21:06:00,0.7933333333333333
22:13 -> 22:15 | 2m,29,29,4,4,2.0,2.0,2.0,2021-08-17 22:13:00,2025-11-17 22:13:00,0.7933333333333333
22:38 -> 22:40 | 2m,29,29,4,4,2.0,2.0,2.0,2021-09-02 22:38:00,2024-08-29 22:38:00,0.7933333333333333
22:23 -> 22:25 | 2m,28,28,4,4,2.0,2.0,2.0,2021-09-02 22:23:00,2024-08-21 22:23:00,0.7933333333333333
22:30 -> 22:32 | 2m,27,27,4,4,2.0,2.0,2.0,2021-08-30 22:30:00,2024-08-19 22:30:00,0.7933333333333333
22:37 -> 22:39 | 2m,26,26,4,4,2.0,2.0,2.0,2021-08-19 22:37:00,2024-08-27 22:37:00,0.7933333333333333
22:40 -> 22:42 | 2m,26,26,4,4,2.0,2.0,2.0,2021-08-23 22:40:00,2024-08-21 22:40:00,0.7933333333333333
22:24 -> 22:26 | 2m,23,23,4,4,2.0,2.0,2.0,2021-08-18 22:24:00,2024-08-27 22:24:00,0.7933333333333333
21:20 -> 21:22 | 2m,21,21,4,4,2.0,2.0,2.0,2021-08-24 21:20:00,2025-09-17 21:20:00,0.7933333333333333
22:42 -> 22:44 | 2m,21,21,4,4,2.0,2.0,2.0,2021-08-18 22:42:00,2024-08-29 22:42:00,0.7933333333333333
22:47 -> 22:49 | 2m,21,21,4,4,2.0,2.0,2.0,2021-09-08 22:47:00,2024-08-27 22:47:00,0.7933333333333333
23:16 -> 23:18 | 2m,21,21,4,4,2.0,2.0,2.0,2021-09-21 23:16:00,2024-08-26 23:16:00,0.7933333333333333
22:35 -> 22:37 | 2m,20,20,4,4,2.0,2.0,2.0,2021-08-19 22:35:00,2024-08-29 22:35:00,0.7933333333333333
22:58 -> 23:00 | 2m,20,20,4,4,2.0,2.0,2.0,2021-08-24 22:58:00,2024-08-27 22:58:00,0.7933333333333333
21:41 -> 21:43 | 2m,30,30,5,3,2.0,2.0,2.0,2021-10-06 21:41:00,2023-06-13 21:41:00,0.75
21:31 -> 21:33 | 2m,29,29,5,3,2.0,2.0,2.0,2021-08-17 21:31:00,2023-03-27 21:31:00,0.75
21:35 -> 21:37 | 2m,29,29,5,3,2.0,2.0,2.0,2021-11-09 21:35:00,2023-04-18 21:35:00,0.75
20:25 -> 20:27 | 2m,28,28,5,3,2.0,2.0,2.0,2021-08-17 20:25:00,2023-06-01 20:25:00,0.75
21:26 -> 21:28 | 2m,28,28,5,3,2.0,2.0,2.0,2021-08-19 21:26:00,2023-09-14 21:26:00,0.75
21:28 -> 21:30 | 2m,28,28,5,3,2.0,2.0,2.0,2021-08-25 21:28:00,2023-11-01 21:28:00,0.75
21:30 -> 21:32 | 2m,28,28,5,3,2.0,2.0,2.0,2021-10-12 21:30:00,2023-09-18 21:30:00,0.75
21:21 -> 21:23 | 2m,27,27,5,3,2.0,2.0,2.0,2021-08-17 21:21:00,2023-10-31 21:21:00,0.75
21:25 -> 21:27 | 2m,26,26,5,3,2.0,2.0,2.0,2021-08-23 21:25:00,2023-11-02 21:25:00,0.75
21:27 -> 21:29 | 2m,26,26,5,3,2.0,2.0,2.0,2021-10-12 21:27:00,2023-10-02 21:27:00,0.75
21:19 -> 21:21 | 2m,24,24,5,3,2.0,2.0,2.0,2021-08-17 21:19:00,2023-10-11 21:19:00,0.75
20:22 -> 20:24 | 2m,23,23,5,3,2.0,2.0,2.0,2021-08-17 20:22:00,2023-06-07 20:22:00,0.75
20:40 -> 20:42 | 2m,23,23,5,3,2.0,2.0,2.0,2021-08-17 20:40:00,2023-06-01 20:40:00,0.75
21:15 -> 21:17 | 2m,23,23,5,3,2.0,2.0,2.0,2021-08-25 21:15:00,2023-10-18 21:15:00,0.75
21:23 -> 21:25 | 2m,23,23,5,3,2.0,2.0,2.0,2021-08-19 21:23:00,2023-10-11 21:23:00,0.75
21:33 -> 21:35 | 2m,23,23,5,3,2.0,2.0,2.0,2021-09-06 21:33:00,2023-08-22 21:33:00,0.75
21:51 -> 21:53 | 2m,23,23,5,3,2.0,2.0,2.0,2021-09-07 21:51:00,2023-09-13 21:51:00,0.75
20:35 -> 20:37 | 2m,22,22,5,3,2.0,2.0,2.0,2021-08-25 20:35:00,2023-06-02 20:35:00,0.75
21:47 -> 21:49 | 2m,22,22,5,3,2.0,2.0,2.0,2021-09-07 21:47:00,2023-06-15 21:47:00,0.75
21:45 -> 21:47 | 2m,21,21,5,3,2.0,2.0,2.0,2021-08-18 21:45:00,2023-04-24 21:45:00,0.75
20:36 -> 20:38 | 2m,20,20,5,3,2.0,2.0,2.0,2021-09-02 20:36:00,2023-06-09 20:36:00,0.75
20:45 -> 20:47 | 2m,20,20,5,3,2.0,2.0,2.0,2021-08-25 20:45:00,2023-05-15 20:45:00,0.75
21:32 -> 21:34 | 2m,20,20,5,3,2.0,2.0,2.0,2021-08-19 21:32:00,2023-05-23 21:32:00,0.75
22:22 -> 22:24 | 2m,40,40,4,3,2.0,2.0,2.0,2021-08-18 22:22:00,2023-05-23 22:22:00,0.71
22:28 -> 22:30 | 2m,36,36,4,3,2.0,2.0,2.0,2021-08-17 22:28:00,2023-05-30 22:28:00,0.71
21:37 -> 21:39 | 2m,35,35,4,3,2.0,2.0,2.0,2021-08-24 21:37:00,2023-08-23 21:37:00,0.71
22:05 -> 22:07 | 2m,34,34,4,3,2.0,2.0,2.0,2021-08-24 22:05:00,2023-12-28 22:05:00,0.71
22:16 -> 22:18 | 2m,32,32,4,3,2.0,2.0,2.0,2021-08-24 22:16:00,2023-06-08 22:16:00,0.71
22:41 -> 22:43 | 2m,32,32,4,3,2.0,2.0,2.0,2021-09-07 22:41:00,2023-06-15 22:41:00,0.71
21:17 -> 21:19 | 2m,30,30,4,3,2.0,2.0,2.0,2021-09-07 21:17:00,2023-11-01 21:17:00,0.71
21:43 -> 21:45 | 2m,29,29,4,3,2.0,2.0,2.0,2021-09-16 21:43:00,2023-05-01 21:43:00,0.71
22:10 -> 22:12 | 2m,29,29,4,3,2.0,2.0,2.0,2021-08-24 22:10:00,2023-04-20 22:10:00,0.71
22:15 -> 22:17 | 2m,29,29,4,3,2.0,2.0,2.0,2021-08-19 22:15:00,2023-06-14 22:15:00,0.71
22:11 -> 22:13 | 2m,28,28,4,3,2.0,2.0,2.0,2021-08-17 22:11:00,2023-05-04 22:11:00,0.71
22:26 -> 22:28 | 2m,28,28,4,3,2.0,2.0,2.0,2021-08-18 22:26:00,2023-04-19 22:26:00,0.71
21:10 -> 21:12 | 2m,27,27,4,3,2.0,2.0,2.0,2021-09-01 21:10:00,2023-11-02 21:10:00,0.71
21:39 -> 21:41 | 2m,27,27,4,3,2.0,2.0,2.0,2021-08-31 21:39:00,2023-03-15 21:39:00,0.71
21:13 -> 21:15 | 2m,26,26,4,3,2.0,2.0,2.0,2021-08-30 21:13:00,2023-10-25 21:13:00,0.71
21:16 -> 21:18 | 2m,26,26,4,3,2.0,2.0,2.0,2021-09-23 21:16:00,2023-09-26 21:16:00,0.71
21:11 -> 21:13 | 2m,25,25,4,3,2.0,2.0,2.0,2021-09-08 21:11:00,2023-09-07 21:11:00,0.71
22:17 -> 22:19 | 2m,25,25,4,3,2.0,2.0,2.0,2021-09-08 22:17:00,2023-06-06 22:17:00,0.71
22:36 -> 22:38 | 2m,25,25,4,3,2.0,2.0,2.0,2021-08-30 22:36:00,2023-06-12 22:36:00,0.71
22:46 -> 22:48 | 2m,25,25,4,3,2.0,2.0,2.0,2021-08-17 22:46:00,2023-06-12 22:46:00,0.71
22:48 -> 22:50 | 2m,25,25,4,3,2.0,2.0,2.0,2021-09-01 22:48:00,2023-05-25 22:48:00,0.71
21:53 -> 21:55 | 2m,24,24,4,3,2.0,2.0,2.0,2021-08-24 21:53:00,2023-06-22 21:53:00,0.71
22:21 -> 22:23 | 2m,24,24,4,3,2.0,2.0,2.0,2021-09-08 22:21:00,2023-06-01 22:21:00,0.71
22:27 -> 22:29 | 2m,24,24,4,3,2.0,2.0,2.0,2021-09-15 22:27:00,2023-06-06 22:27:00,0.71
22:49 -> 22:51 | 2m,24,24,4,3,2.0,2.0,2.0,2021-08-25 22:49:00,2023-05-23 22:49:00,0.71
22:50 -> 22:52 | 2m,24,24,4,3,2.0,2.0,2.0,2021-09-08 22:50:00,2023-06-13 22:50:00,0.71
22:53 -> 22:55 | 2m,23,23,4,3,2.0,2.0,2.0,2021-08-17 22:53:00,2023-05-30 22:53:00,0.71
23:15 -> 23:17 | 2m,23,23,4,3,2.0,2.0,2.0,2021-08-24 23:15:00,2023-06-12 23:15:00,0.71
21:50 -> 21:52 | 2m,22,22,4,3,2.0,2.0,2.0,2021-08-17 21:50:00,2023-06-07 21:50:00,0.71
22:18 -> 22:20 | 2m,22,22,4,3,2.0,2.0,2.0,2021-08-24 22:18:00,2023-06-01 22:18:00,0.71
22:52 -> 22:54 | 2m,22,22,4,3,2.0,2.0,2.0,2021-09-28 22:52:00,2023-05-10 22:52:00,0.71
21:22 -> 21:24 | 2m,21,21,4,3,2.0,2.0,2.0,2021-11-02 21:22:00,2023-10-17 21:22:00,0.71
22:12 -> 22:14 | 2m,21,21,4,3,2.0,2.0,2.0,2021-08-19 22:12:00,2023-06-15 22:12:00,0.71
22:33 -> 22:35 | 2m,21,21,4,3,2.0,2.0,2.0,2021-08-19 22:33:00,2023-06-06 22:33:00,0.71
22:39 -> 22:41 | 2m,21,21,4,3,2.0,2.0,2.0,2021-08-19 22:39:00,2023-06-08 22:39:00,0.71
23:37 -> 23:39 | 2m,21,21,4,3,2.0,2.0,2.0,2021-08-31 23:37:00,2023-05-16 23:37:00,0.71
21:36 -> 21:38 | 2m,20,20,4,3,2.0,2.0,2.0,2021-08-31 21:36:00,2023-06-08 21:36:00,0.71
21:46 -> 21:48 | 2m,20,20,4,3,2.0,2.0,2.0,2021-10-14 21:46:00,2023-06-14 21:46:00,0.71
22:25 -> 22:27 | 2m,20,20,4,3,2.0,2.0,2.0,2021-09-08 22:25:00,2023-06-13 22:25:00,0.71
22:34 -> 22:36 | 2m,20,20,4,3,2.0,2.0,2.0,2021-08-30 22:34:00,2023-05-23 22:34:00,0.71
22:45 -> 22:47 | 2m,20,20,4,3,2.0,2.0,2.0,2021-08-19 22:45:00,2023-05-01 22:45:00,0.71
