family_id,regime_id,start_date,end_date,occurrences,unique_dates,years,months,weekdays,observed_previous_clock,observed_current_clock,median_gap_minutes,min_gap_minutes,max_gap_minutes,median_previous_shift,median_current_shift,sequence_break_before
P30_C35_D64,P30_C35_D64_R001,2021-10-19 20:58:00,2021-11-04 20:58:00,11,11,2021,"10,11","Monday,Thursday,Tuesday,Wednesday",20:58,22:01,63.0,63.0,63.0,1.0,0.0,True
P30_C35_D64,P30_C35_D64_R002,2022-03-14 20:58:00,2022-03-17 20:58:00,4,4,2022,3,"Monday,Thursday,Tuesday,Wednesday",20:58,22:01,63.0,63.0,63.0,1.0,0.0,False
P30_C35_D64,P30_C35_D64_R003,2022-03-21 20:57:00,2022-11-03 20:57:00,127,127,2022,"3,4,5,6,7,8,9,10,11","Monday,Thursday,Tuesday,Wednesday",20:57,22:01,64.0,64.0,64.0,0.0,0.0,True
P30_C35_D64,P30_C35_D64_R004,2023-03-13 20:57:00,2023-11-02 20:57:00,130,130,2023,"3,4,5,6,7,8,9,10,11","Monday,Thursday,Tuesday,Wednesday",20:57,22:01,64.0,64.0,64.0,0.0,0.0,True
P30_C35_D64,P30_C35_D64_R005,2024-03-11 20:56:00,2024-03-13 20:56:00,3,3,2024,3,"Monday,Tuesday,Wednesday",20:56,22:01,65.0,65.0,65.0,-1.0,0.0,False
P30_C35_D64,P30_C35_D64_R006,2024-03-18 20:56:00,2024-03-21 20:56:00,4,4,2024,3,"Monday,Thursday,Tuesday,Wednesday",20:56,22:01,65.0,65.0,65.0,-1.0,0.0,False
P30_C35_D64,P30_C35_D64_R007,2024-03-26 20:56:00,2024-04-18 20:56:00,14,14,2024,"3,4","Monday,Thursday,Tuesday,Wednesday",20:56,22:01,65.0,65.0,65.0,-1.0,0.0,False
P30_C35_D64,P30_C35_D64_R008,2024-04-22 20:57:00,2024-10-31 20:57:00,108,108,2024,"4,5,6,7,8,9,10","Monday,Thursday,Tuesday,Wednesday",20:57,22:01,64.0,64.0,64.0,0.0,0.0,True
P30_C35_D64,P30_C35_D64_R009,2025-03-10 20:57:00,2025-04-21 20:57:00,23,23,2025,"3,4","Monday,Thursday,Tuesday,Wednesday",20:57,22:01,64.0,64.0,64.0,0.0,0.0,False
P30_C35_D64,P30_C35_D64_R010,2025-04-23 20:57:00,2025-05-13 20:57:00,9,9,2025,"4,5","Monday,Thursday,Tuesday,Wednesday",20:57,22:01,64.0,64.0,64.0,0.0,0.0,False
P30_C35_D64,P30_C35_D64_R011,2025-05-15 20:57:00,2025-06-05 20:57:00,12,12,2025,"5,6","Monday,Thursday,Tuesday,Wednesday",20:57,22:01,64.0,64.0,64.0,0.0,0.0,False
P30_C35_D64,P30_C35_D64_R012,2025-06-09 20:57:00,2025-10-30 20:57:00,82,82,2025,"6,7,8,9,10","Monday,Thursday,Tuesday,Wednesday",20:57,22:02,65.0,65.0,65.0,0.0,1.0,True
P30_C35_D64,P30_C35_D64_R013,2026-04-06 20:57:00,2026-04-14 20:57:00,6,6,2026,4,"Monday,Thursday,Tuesday,Wednesday",20:57,22:01,64.0,64.0,64.0,0.0,0.0,False
P30_C35_D64,P30_C35_D64_R014,2026-04-16 20:57:00,2026-04-22 20:57:00,4,4,2026,4,"Monday,Thursday,Tuesday,Wednesday",20:57,22:00,63.0,63.0,63.0,0.0,-1.0,False
P30_C35_D64,P30_C35_D64_R015,2026-04-23 20:57:00,2026-05-11 20:57:00,10,10,2026,"4,5","Monday,Thursday,Tuesday,Wednesday",20:57,22:01,64.0,64.0,64.0,0.0,0.0,False
P30_C35_D64,P30_C35_D64_R016,2026-05-12 20:57:00,2026-05-21 20:57:00,7,7,2026,5,"Monday,Thursday,Tuesday,Wednesday",20:57,22:00,63.0,63.0,63.0,0.0,-1.0,False
P30_C35_D64,P30_C35_D64_R017,2026-05-27 20:57:00,2026-08-12 20:57:00,45,45,2026,"5,6,7,8","Monday,Thursday,Tuesday,Wednesday",20:57,22:00,63.0,63.0,63.0,0.0,-1.0,False
P33_C39_D64,P33_C39_D64_R001,2021-11-08 21:58:00,2022-03-10 21:58:00,68,68,"2021,2022","1,2,3,11,12","Monday,Thursday,Tuesday,Wednesday",21:58,23:01,63.0,63.0,63.0,1.0,0.0,True
P33_C39_D64,P33_C39_D64_R002,2022-11-07 21:57:00,2023-03-09 21:57:00,66,66,"2022,2023","1,2,3,11,12","Monday,Thursday,Tuesday,Wednesday",21:57,23:01,64.0,64.0,64.0,0.0,0.0,True
P33_C39_D64,P33_C39_D64_R003,2023-11-06 21:57:00,2024-01-22 21:57:00,41,41,"2023,2024","1,11,12","Monday,Thursday,Tuesday,Wednesday",21:57,23:01,64.0,64.0,64.0,0.0,0.0,False
P33_C39_D64,P33_C39_D64_R004,2024-01-23 21:56:00,2024-01-25 21:56:00,3,3,2024,1,"Thursday,Tuesday,Wednesday",21:56,23:01,65.0,65.0,65.0,-1.0,0.0,False
P33_C39_D64,P33_C39_D64_R005,2024-01-29 21:57:00,2024-02-01 21:57:00,4,4,2024,"1,2","Monday,Thursday,Tuesday,Wednesday",21:57,23:01,64.0,64.0,64.0,0.0,0.0,False
P33_C39_D64,P33_C39_D64_R006,2024-02-05 21:56:00,2024-03-07 21:56:00,19,19,2024,"2,3","Monday,Thursday,Tuesday,Wednesday",21:56,23:01,65.0,65.0,65.0,-1.0,0.0,True
P33_C39_D64,P33_C39_D64_R007,2024-11-04 21:57:00,2025-01-16 21:57:00,37,37,"2024,2025","1,11,12","Monday,Thursday,Tuesday,Wednesday",21:57,23:01,64.0,64.0,64.0,0.0,0.0,False
P33_C39_D64,P33_C39_D64_R008,2025-01-23 21:57:00,2025-02-04 21:57:00,5,5,2025,"1,2","Monday,Thursday,Tuesday,Wednesday",21:57,23:01,64.0,64.0,64.0,0.0,0.0,False
P33_C39_D64,P33_C39_D64_R009,2025-02-06 21:57:00,2025-02-19 21:57:00,6,6,2025,2,"Monday,Thursday,Tuesday,Wednesday",21:57,23:01,64.0,64.0,64.0,0.0,0.0,False
P33_C39_D64,P33_C39_D64_R010,2025-02-24 21:57:00,2025-03-06 21:57:00,8,8,2025,"2,3","Monday,Thursday,Tuesday,Wednesday",21:57,23:01,64.0,64.0,64.0,0.0,0.0,True
P33_C39_D64,P33_C39_D64_R011,2025-11-03 21:57:00,2025-12-17 21:57:00,25,25,2025,"11,12","Monday,Thursday,Tuesday,Wednesday",21:57,23:00,63.0,63.0,63.0,0.0,-1.0,False
P33_C39_D64,P33_C39_D64_R012,2026-01-06 21:57:00,2026-01-15 21:57:00,6,6,2026,1,"Monday,Thursday,Tuesday,Wednesday",21:57,23:01,64.0,64.0,64.0,0.0,0.0,False
P33_C39_D64,P33_C39_D64_R013,2026-01-26 21:57:00,2026-02-05 21:57:00,7,7,2026,"1,2","Monday,Thursday,Tuesday,Wednesday",21:57,23:01,64.0,64.0,64.0,0.0,0.0,False
P41_C1_D2,P41_C1_D2_R001,2024-01-23 23:58:00,2024-04-18 23:58:00,53,53,2024,"1,2,3,4","Monday,Sunday,Thursday,Tuesday,Wednesday",23:58,00:00,2.0,2.0,2.0,0.0,0.0,False
