date,family_id,occurrences,first_previous_clock,last_previous_clock,first_current_clock,last_current_clock,median_gap_minutes,min_gap_minutes,max_gap_minutes,year,month,weekday
2021-10-19,P30_C35_D64,1,20:58,20:58,22:01,22:01,63.0,63.0,63.0,2021,10,Tuesday
2021-10-20,P30_C35_D64,1,20:58,20:58,22:01,22:01,63.0,63.0,63.0,2021,10,Wednesday
2021-10-21,P30_C35_D64,1,20:58,20:58,22:01,22:01,63.0,63.0,63.0,2021,10,Thursday
2021-10-25,P30_C35_D64,1,20:58,20:58,22:01,22:01,63.0,63.0,63.0,2021,10,Monday
2021-10-26,P30_C35_D64,1,20:58,20:58,22:01,22:01,63.0,63.0,63.0,2021,10,Tuesday
2021-10-27,P30_C35_D64,1,20:58,20:58,22:01,22:01,63.0,63.0,63.0,2021,10,Wednesday
2021-10-28,P30_C35_D64,1,20:58,20:58,22:01,22:01,63.0,63.0,63.0,2021,10,Thursday
2021-11-01,P30_C35_D64,1,20:58,20:58,22:01,22:01,63.0,63.0,63.0,2021,11,Monday
2021-11-02,P30_C35_D64,1,20:58,20:58,22:01,22:01,63.0,63.0,63.0,2021,11,Tuesday
2021-11-03,P30_C35_D64,1,20:58,20:58,22:01,22:01,63.0,63.0,63.0,2021,11,Wednesday
2021-11-04,P30_C35_D64,1,20:58,20:58,22:01,22:01,63.0,63.0,63.0,2021,11,Thursday
2021-11-08,P33_C39_D64,1,21:58,21:58,23:01,23:01,63.0,63.0,63.0,2021,11,Monday
2021-11-09,P33_C39_D64,1,21:58,21:58,23:01,23:01,63.0,63.0,63.0,2021,11,Tuesday
2021-11-10,P33_C39_D64,1,21:58,21:58,23:01,23:01,63.0,63.0,63.0,2021,11,Wednesday
2021-11-11,P33_C39_D64,1,21:58,21:58,23:01,23:01,63.0,63.0,63.0,2021,11,Thursday
2021-11-15,P33_C39_D64,1,21:58,21:58,23:01,23:01,63.0,63.0,63.0,2021,11,Monday
2021-11-16,P33_C39_D64,1,21:58,21:58,23:01,23:01,63.0,63.0,63.0,2021,11,Tuesday
2021-11-17,P33_C39_D64,1,21:58,21:58,23:01,23:01,63.0,63.0,63.0,2021,11,Wednesday
2021-11-18,P33_C39_D64,1,21:58,21:58,23:01,23:01,63.0,63.0,63.0,2021,11,Thursday
2021-11-22,P33_C39_D64,1,21:58,21:58,23:01,23:01,63.0,63.0,63.0,2021,11,Monday
2021-11-23,P33_C39_D64,1,21:58,21:58,23:01,23:01,63.0,63.0,63.0,2021,11,Tuesday
2021-11-24,P33_C39_D64,1,21:58,21:58,23:01,23:01,63.0,63.0,63.0,2021,11,Wednesday
2021-11-29,P33_C39_D64,1,21:58,21:58,23:01,23:01,63.0,63.0,63.0,2021,11,Monday
2021-11-30,P33_C39_D64,1,21:58,21:58,23:01,23:01,63.0,63.0,63.0,2021,11,Tuesday
2021-12-01,P33_C39_D64,1,21:58,21:58,23:01,23:01,63.0,63.0,63.0,2021,12,Wednesday
2021-12-02,P33_C39_D64,1,21:58,21:58,23:01,23:01,63.0,63.0,63.0,2021,12,Thursday
2021-12-06,P33_C39_D64,1,21:58,21:58,23:01,23:01,63.0,63.0,63.0,2021,12,Monday
2021-12-07,P33_C39_D64,1,21:58,21:58,23:01,23:01,63.0,63.0,63.0,2021,12,Tuesday
2021-12-08,P33_C39_D64,1,21:58,21:58,23:01,23:01,63.0,63.0,63.0,2021,12,Wednesday
2021-12-09,P33_C39_D64,1,21:58,21:58,23:01,23:01,63.0,63.0,63.0,2021,12,Thursday
2021-12-13,P33_C39_D64,1,21:58,21:58,23:01,23:01,63.0,63.0,63.0,2021,12,Monday
2021-12-14,P33_C39_D64,1,21:58,21:58,23:01,23:01,63.0,63.0,63.0,2021,12,Tuesday
2021-12-15,P33_C39_D64,1,21:58,21:58,23:01,23:01,63.0,63.0,63.0,2021,12,Wednesday
2021-12-16,P33_C39_D64,1,21:58,21:58,23:01,23:01,63.0,63.0,63.0,2021,12,Thursday
2021-12-20,P33_C39_D64,1,21:58,21:58,23:01,23:01,63.0,63.0,63.0,2021,12,Monday
2021-12-21,P33_C39_D64,1,21:58,21:58,23:01,23:01,63.0,63.0,63.0,2021,12,Tuesday
2021-12-22,P33_C39_D64,1,21:58,21:58,23:01,23:01,63.0,63.0,63.0,2021,12,Wednesday
2021-12-27,P33_C39_D64,1,21:58,21:58,23:01,23:01,63.0,63.0,63.0,2021,12,Monday
2021-12-28,P33_C39_D64,1,21:58,21:58,23:01,23:01,63.0,63.0,63.0,2021,12,Tuesday
2021-12-29,P33_C39_D64,1,21:58,21:58,23:01,23:01,63.0,63.0,63.0,2021,12,Wednesday
2021-12-30,P33_C39_D64,1,21:58,21:58,23:01,23:01,63.0,63.0,63.0,2021,12,Thursday
2022-01-03,P33_C39_D64,1,21:58,21:58,23:01,23:01,63.0,63.0,63.0,2022,1,Monday
2022-01-04,P33_C39_D64,1,21:58,21:58,23:01,23:01,63.0,63.0,63.0,2022,1,Tuesday
2022-01-05,P33_C39_D64,1,21:58,21:58,23:01,23:01,63.0,63.0,63.0,2022,1,Wednesday
2022-01-06,P33_C39_D64,1,21:58,21:58,23:01,23:01,63.0,63.0,63.0,2022,1,Thursday
2022-01-10,P33_C39_D64,1,21:58,21:58,23:01,23:01,63.0,63.0,63.0,2022,1,Monday
2022-01-11,P33_C39_D64,1,21:58,21:58,23:01,23:01,63.0,63.0,63.0,2022,1,Tuesday
2022-01-12,P33_C39_D64,1,21:58,21:58,23:01,23:01,63.0,63.0,63.0,2022,1,Wednesday
2022-01-13,P33_C39_D64,1,21:58,21:58,23:01,23:01,63.0,63.0,63.0,2022,1,Thursday
2022-01-18,P33_C39_D64,1,21:58,21:58,23:01,23:01,63.0,63.0,63.0,2022,1,Tuesday
2022-01-19,P33_C39_D64,1,21:58,21:58,23:01,23:01,63.0,63.0,63.0,2022,1,Wednesday
2022-01-20,P33_C39_D64,1,21:58,21:58,23:01,23:01,63.0,63.0,63.0,2022,1,Thursday
2022-01-24,P33_C39_D64,1,21:58,21:58,23:01,23:01,63.0,63.0,63.0,2022,1,Monday
2022-01-25,P33_C39_D64,1,21:58,21:58,23:01,23:01,63.0,63.0,63.0,2022,1,Tuesday
2022-01-26,P33_C39_D64,1,21:58,21:58,23:01,23:01,63.0,63.0,63.0,2022,1,Wednesday
2022-01-27,P33_C39_D64,1,21:58,21:58,23:01,23:01,63.0,63.0,63.0,2022,1,Thursday
2022-01-31,P33_C39_D64,1,21:58,21:58,23:01,23:01,63.0,63.0,63.0,2022,1,Monday
2022-02-01,P33_C39_D64,1,21:58,21:58,23:01,23:01,63.0,63.0,63.0,2022,2,Tuesday
2022-02-02,P33_C39_D64,1,21:58,21:58,23:01,23:01,63.0,63.0,63.0,2022,2,Wednesday
2022-02-03,P33_C39_D64,1,21:58,21:58,23:01,23:01,63.0,63.0,63.0,2022,2,Thursday
2022-02-07,P33_C39_D64,1,21:58,21:58,23:01,23:01,63.0,63.0,63.0,2022,2,Monday
2022-02-08,P33_C39_D64,1,21:58,21:58,23:01,23:01,63.0,63.0,63.0,2022,2,Tuesday
2022-02-09,P33_C39_D64,1,21:58,21:58,23:01,23:01,63.0,63.0,63.0,2022,2,Wednesday
2022-02-10,P33_C39_D64,1,21:58,21:58,23:01,23:01,63.0,63.0,63.0,2022,2,Thursday
2022-02-14,P33_C39_D64,1,21:58,21:58,23:01,23:01,63.0,63.0,63.0,2022,2,Monday
2022-02-15,P33_C39_D64,1,21:58,21:58,23:01,23:01,63.0,63.0,63.0,2022,2,Tuesday
2022-02-16,P33_C39_D64,1,21:58,21:58,23:01,23:01,63.0,63.0,63.0,2022,2,Wednesday
2022-02-17,P33_C39_D64,1,21:58,21:58,23:01,23:01,63.0,63.0,63.0,2022,2,Thursday
2022-02-22,P33_C39_D64,1,21:58,21:58,23:01,23:01,63.0,63.0,63.0,2022,2,Tuesday
2022-02-23,P33_C39_D64,1,21:58,21:58,23:01,23:01,63.0,63.0,63.0,2022,2,Wednesday
2022-02-24,P33_C39_D64,1,21:58,21:58,23:01,23:01,63.0,63.0,63.0,2022,2,Thursday
2022-02-28,P33_C39_D64,1,21:58,21:58,23:01,23:01,63.0,63.0,63.0,2022,2,Monday
2022-03-01,P33_C39_D64,1,21:58,21:58,23:01,23:01,63.0,63.0,63.0,2022,3,Tuesday
2022-03-02,P33_C39_D64,1,21:58,21:58,23:01,23:01,63.0,63.0,63.0,2022,3,Wednesday
2022-03-03,P33_C39_D64,1,21:58,21:58,23:01,23:01,63.0,63.0,63.0,2022,3,Thursday
2022-03-07,P33_C39_D64,1,21:58,21:58,23:01,23:01,63.0,63.0,63.0,2022,3,Monday
2022-03-08,P33_C39_D64,1,21:58,21:58,23:01,23:01,63.0,63.0,63.0,2022,3,Tuesday
2022-03-09,P33_C39_D64,1,21:58,21:58,23:01,23:01,63.0,63.0,63.0,2022,3,Wednesday
2022-03-10,P33_C39_D64,1,21:58,21:58,23:01,23:01,63.0,63.0,63.0,2022,3,Thursday
2022-03-14,P30_C35_D64,1,20:58,20:58,22:01,22:01,63.0,63.0,63.0,2022,3,Monday
2022-03-15,P30_C35_D64,1,20:58,20:58,22:01,22:01,63.0,63.0,63.0,2022,3,Tuesday
2022-03-16,P30_C35_D64,1,20:58,20:58,22:01,22:01,63.0,63.0,63.0,2022,3,Wednesday
2022-03-17,P30_C35_D64,1,20:58,20:58,22:01,22:01,63.0,63.0,63.0,2022,3,Thursday
2022-03-21,P30_C35_D64,1,20:57,20:57,22:01,22:01,64.0,64.0,64.0,2022,3,Monday
2022-03-22,P30_C35_D64,1,20:57,20:57,22:01,22:01,64.0,64.0,64.0,2022,3,Tuesday
2022-03-23,P30_C35_D64,1,20:57,20:57,22:01,22:01,64.0,64.0,64.0,2022,3,Wednesday
2022-03-24,P30_C35_D64,1,20:57,20:57,22:01,22:01,64.0,64.0,64.0,2022,3,Thursday
2022-03-28,P30_C35_D64,1,20:57,20:57,22:01,22:01,64.0,64.0,64.0,2022,3,Monday
2022-03-29,P30_C35_D64,1,20:57,20:57,22:01,22:01,64.0,64.0,64.0,2022,3,Tuesday
2022-03-30,P30_C35_D64,1,20:57,20:57,22:01,22:01,64.0,64.0,64.0,2022,3,Wednesday
2022-03-31,P30_C35_D64,1,20:57,20:57,22:01,22:01,64.0,64.0,64.0,2022,3,Thursday
2022-04-04,P30_C35_D64,1,20:57,20:57,22:01,22:01,64.0,64.0,64.0,2022,4,Monday
2022-04-05,P30_C35_D64,1,20:57,20:57,22:01,22:01,64.0,64.0,64.0,2022,4,Tuesday
2022-04-06,P30_C35_D64,1,20:57,20:57,22:01,22:01,64.0,64.0,64.0,2022,4,Wednesday
2022-04-07,P30_C35_D64,1,20:57,20:57,22:01,22:01,64.0,64.0,64.0,2022,4,Thursday
2022-04-11,P30_C35_D64,1,20:57,20:57,22:01,22:01,64.0,64.0,64.0,2022,4,Monday
2022-04-12,P30_C35_D64,1,20:57,20:57,22:01,22:01,64.0,64.0,64.0,2022,4,Tuesday
2022-04-13,P30_C35_D64,1,20:57,20:57,22:01,22:01,64.0,64.0,64.0,2022,4,Wednesday
2022-04-18,P30_C35_D64,1,20:57,20:57,22:01,22:01,64.0,64.0,64.0,2022,4,Monday
2022-04-19,P30_C35_D64,1,20:57,20:57,22:01,22:01,64.0,64.0,64.0,2022,4,Tuesday
2022-04-20,P30_C35_D64,1,20:57,20:57,22:01,22:01,64.0,64.0,64.0,2022,4,Wednesday
2022-04-21,P30_C35_D64,1,20:57,20:57,22:01,22:01,64.0,64.0,64.0,2022,4,Thursday
2022-04-25,P30_C35_D64,1,20:57,20:57,22:01,22:01,64.0,64.0,64.0,2022,4,Monday
2022-04-26,P30_C35_D64,1,20:57,20:57,22:01,22:01,64.0,64.0,64.0,2022,4,Tuesday
2022-04-27,P30_C35_D64,1,20:57,20:57,22:01,22:01,64.0,64.0,64.0,2022,4,Wednesday
2022-04-28,P30_C35_D64,1,20:57,20:57,22:01,22:01,64.0,64.0,64.0,2022,4,Thursday
2022-05-02,P30_C35_D64,1,20:57,20:57,22:01,22:01,64.0,64.0,64.0,2022,5,Monday
2022-05-03,P30_C35_D64,1,20:57,20:57,22:01,22:01,64.0,64.0,64.0,2022,5,Tuesday
2022-05-04,P30_C35_D64,1,20:57,20:57,22:01,22:01,64.0,64.0,64.0,2022,5,Wednesday
2022-05-05,P30_C35_D64,1,20:57,20:57,22:01,22:01,64.0,64.0,64.0,2022,5,Thursday
2022-05-09,P30_C35_D64,1,20:57,20:57,22:01,22:01,64.0,64.0,64.0,2022,5,Monday
2022-05-10,P30_C35_D64,1,20:57,20:57,22:01,22:01,64.0,64.0,64.0,2022,5,Tuesday
2022-05-11,P30_C35_D64,1,20:57,20:57,22:01,22:01,64.0,64.0,64.0,2022,5,Wednesday
2022-05-12,P30_C35_D64,1,20:57,20:57,22:01,22:01,64.0,64.0,64.0,2022,5,Thursday
2022-05-16,P30_C35_D64,1,20:57,20:57,22:01,22:01,64.0,64.0,64.0,2022,5,Monday
2022-05-17,P30_C35_D64,1,20:57,20:57,22:01,22:01,64.0,64.0,64.0,2022,5,Tuesday
2022-05-18,P30_C35_D64,1,20:57,20:57,22:01,22:01,64.0,64.0,64.0,2022,5,Wednesday
2022-05-19,P30_C35_D64,1,20:57,20:57,22:01,22:01,64.0,64.0,64.0,2022,5,Thursday
2022-05-23,P30_C35_D64,1,20:57,20:57,22:01,22:01,64.0,64.0,64.0,2022,5,Monday
2022-05-24,P30_C35_D64,1,20:57,20:57,22:01,22:01,64.0,64.0,64.0,2022,5,Tuesday
2022-05-25,P30_C35_D64,1,20:57,20:57,22:01,22:01,64.0,64.0,64.0,2022,5,Wednesday
2022-05-26,P30_C35_D64,1,20:57,20:57,22:01,22:01,64.0,64.0,64.0,2022,5,Thursday
2022-05-31,P30_C35_D64,1,20:57,20:57,22:01,22:01,64.0,64.0,64.0,2022,5,Tuesday
2022-06-01,P30_C35_D64,1,20:57,20:57,22:01,22:01,64.0,64.0,64.0,2022,6,Wednesday
2022-06-02,P30_C35_D64,1,20:57,20:57,22:01,22:01,64.0,64.0,64.0,2022,6,Thursday
2022-06-06,P30_C35_D64,1,20:57,20:57,22:01,22:01,64.0,64.0,64.0,2022,6,Monday
2022-06-07,P30_C35_D64,1,20:57,20:57,22:01,22:01,64.0,64.0,64.0,2022,6,Tuesday
2022-06-08,P30_C35_D64,1,20:57,20:57,22:01,22:01,64.0,64.0,64.0,2022,6,Wednesday
2022-06-09,P30_C35_D64,1,20:57,20:57,22:01,22:01,64.0,64.0,64.0,2022,6,Thursday
2022-06-13,P30_C35_D64,1,20:57,20:57,22:01,22:01,64.0,64.0,64.0,2022,6,Monday
2022-06-14,P30_C35_D64,1,20:57,20:57,22:01,22:01,64.0,64.0,64.0,2022,6,Tuesday
2022-06-15,P30_C35_D64,1,20:57,20:57,22:01,22:01,64.0,64.0,64.0,2022,6,Wednesday
2022-06-16,P30_C35_D64,1,20:57,20:57,22:01,22:01,64.0,64.0,64.0,2022,6,Thursday
2022-06-21,P30_C35_D64,1,20:57,20:57,22:01,22:01,64.0,64.0,64.0,2022,6,Tuesday
2022-06-22,P30_C35_D64,1,20:57,20:57,22:01,22:01,64.0,64.0,64.0,2022,6,Wednesday
2022-06-23,P30_C35_D64,1,20:57,20:57,22:01,22:01,64.0,64.0,64.0,2022,6,Thursday
2022-06-27,P30_C35_D64,1,20:57,20:57,22:01,22:01,64.0,64.0,64.0,2022,6,Monday
2022-06-28,P30_C35_D64,1,20:57,20:57,22:01,22:01,64.0,64.0,64.0,2022,6,Tuesday
2022-06-29,P30_C35_D64,1,20:57,20:57,22:01,22:01,64.0,64.0,64.0,2022,6,Wednesday
2022-06-30,P30_C35_D64,1,20:57,20:57,22:01,22:01,64.0,64.0,64.0,2022,6,Thursday
2022-07-05,P30_C35_D64,1,20:57,20:57,22:01,22:01,64.0,64.0,64.0,2022,7,Tuesday
2022-07-06,P30_C35_D64,1,20:57,20:57,22:01,22:01,64.0,64.0,64.0,2022,7,Wednesday
2022-07-07,P30_C35_D64,1,20:57,20:57,22:01,22:01,64.0,64.0,64.0,2022,7,Thursday
2022-07-11,P30_C35_D64,1,20:57,20:57,22:01,22:01,64.0,64.0,64.0,2022,7,Monday
2022-07-12,P30_C35_D64,1,20:57,20:57,22:01,22:01,64.0,64.0,64.0,2022,7,Tuesday
2022-07-13,P30_C35_D64,1,20:57,20:57,22:01,22:01,64.0,64.0,64.0,2022,7,Wednesday
2022-07-14,P30_C35_D64,1,20:57,20:57,22:01,22:01,64.0,64.0,64.0,2022,7,Thursday
2022-07-18,P30_C35_D64,1,20:57,20:57,22:01,22:01,64.0,64.0,64.0,2022,7,Monday
2022-07-19,P30_C35_D64,1,20:57,20:57,22:01,22:01,64.0,64.0,64.0,2022,7,Tuesday
2022-07-20,P30_C35_D64,1,20:57,20:57,22:01,22:01,64.0,64.0,64.0,2022,7,Wednesday
2022-07-21,P30_C35_D64,1,20:57,20:57,22:01,22:01,64.0,64.0,64.0,2022,7,Thursday
2022-07-25,P30_C35_D64,1,20:57,20:57,22:01,22:01,64.0,64.0,64.0,2022,7,Monday
2022-07-26,P30_C35_D64,1,20:57,20:57,22:01,22:01,64.0,64.0,64.0,2022,7,Tuesday
2022-07-27,P30_C35_D64,1,20:57,20:57,22:01,22:01,64.0,64.0,64.0,2022,7,Wednesday
2022-07-28,P30_C35_D64,1,20:57,20:57,22:01,22:01,64.0,64.0,64.0,2022,7,Thursday
2022-08-01,P30_C35_D64,1,20:57,20:57,22:01,22:01,64.0,64.0,64.0,2022,8,Monday
2022-08-02,P30_C35_D64,1,20:57,20:57,22:01,22:01,64.0,64.0,64.0,2022,8,Tuesday
2022-08-03,P30_C35_D64,1,20:57,20:57,22:01,22:01,64.0,64.0,64.0,2022,8,Wednesday
2022-08-04,P30_C35_D64,1,20:57,20:57,22:01,22:01,64.0,64.0,64.0,2022,8,Thursday
2022-08-08,P30_C35_D64,1,20:57,20:57,22:01,22:01,64.0,64.0,64.0,2022,8,Monday
2022-08-09,P30_C35_D64,1,20:57,20:57,22:01,22:01,64.0,64.0,64.0,2022,8,Tuesday
2022-08-10,P30_C35_D64,1,20:57,20:57,22:01,22:01,64.0,64.0,64.0,2022,8,Wednesday
2022-08-11,P30_C35_D64,1,20:57,20:57,22:01,22:01,64.0,64.0,64.0,2022,8,Thursday
2022-08-15,P30_C35_D64,1,20:57,20:57,22:01,22:01,64.0,64.0,64.0,2022,8,Monday
2022-08-16,P30_C35_D64,1,20:57,20:57,22:01,22:01,64.0,64.0,64.0,2022,8,Tuesday
2022-08-17,P30_C35_D64,1,20:57,20:57,22:01,22:01,64.0,64.0,64.0,2022,8,Wednesday
2022-08-18,P30_C35_D64,1,20:57,20:57,22:01,22:01,64.0,64.0,64.0,2022,8,Thursday
2022-08-22,P30_C35_D64,1,20:57,20:57,22:01,22:01,64.0,64.0,64.0,2022,8,Monday
2022-08-23,P30_C35_D64,1,20:57,20:57,22:01,22:01,64.0,64.0,64.0,2022,8,Tuesday
2022-08-24,P30_C35_D64,1,20:57,20:57,22:01,22:01,64.0,64.0,64.0,2022,8,Wednesday
2022-08-25,P30_C35_D64,1,20:57,20:57,22:01,22:01,64.0,64.0,64.0,2022,8,Thursday
2022-08-29,P30_C35_D64,1,20:57,20:57,22:01,22:01,64.0,64.0,64.0,2022,8,Monday
2022-08-30,P30_C35_D64,1,20:57,20:57,22:01,22:01,64.0,64.0,64.0,2022,8,Tuesday
2022-08-31,P30_C35_D64,1,20:57,20:57,22:01,22:01,64.0,64.0,64.0,2022,8,Wednesday
2022-09-01,P30_C35_D64,1,20:57,20:57,22:01,22:01,64.0,64.0,64.0,2022,9,Thursday
2022-09-06,P30_C35_D64,1,20:57,20:57,22:01,22:01,64.0,64.0,64.0,2022,9,Tuesday
2022-09-07,P30_C35_D64,1,20:57,20:57,22:01,22:01,64.0,64.0,64.0,2022,9,Wednesday
2022-09-08,P30_C35_D64,1,20:57,20:57,22:01,22:01,64.0,64.0,64.0,2022,9,Thursday
2022-09-12,P30_C35_D64,1,20:57,20:57,22:01,22:01,64.0,64.0,64.0,2022,9,Monday
2022-09-13,P30_C35_D64,1,20:57,20:57,22:01,22:01,64.0,64.0,64.0,2022,9,Tuesday
2022-09-14,P30_C35_D64,1,20:57,20:57,22:01,22:01,64.0,64.0,64.0,2022,9,Wednesday
2022-09-15,P30_C35_D64,1,20:57,20:57,22:01,22:01,64.0,64.0,64.0,2022,9,Thursday
2022-09-19,P30_C35_D64,1,20:57,20:57,22:01,22:01,64.0,64.0,64.0,2022,9,Monday
2022-09-20,P30_C35_D64,1,20:57,20:57,22:01,22:01,64.0,64.0,64.0,2022,9,Tuesday
2022-09-21,P30_C35_D64,1,20:57,20:57,22:01,22:01,64.0,64.0,64.0,2022,9,Wednesday
2022-09-22,P30_C35_D64,1,20:57,20:57,22:01,22:01,64.0,64.0,64.0,2022,9,Thursday
2022-09-26,P30_C35_D64,1,20:57,20:57,22:01,22:01,64.0,64.0,64.0,2022,9,Monday
2022-09-27,P30_C35_D64,1,20:57,20:57,22:01,22:01,64.0,64.0,64.0,2022,9,Tuesday
2022-09-28,P30_C35_D64,1,20:57,20:57,22:01,22:01,64.0,64.0,64.0,2022,9,Wednesday
2022-09-29,P30_C35_D64,1,20:57,20:57,22:01,22:01,64.0,64.0,64.0,2022,9,Thursday
2022-10-03,P30_C35_D64,1,20:57,20:57,22:01,22:01,64.0,64.0,64.0,2022,10,Monday
2022-10-04,P30_C35_D64,1,20:57,20:57,22:01,22:01,64.0,64.0,64.0,2022,10,Tuesday
2022-10-05,P30_C35_D64,1,20:57,20:57,22:01,22:01,64.0,64.0,64.0,2022,10,Wednesday
2022-10-06,P30_C35_D64,1,20:57,20:57,22:01,22:01,64.0,64.0,64.0,2022,10,Thursday
2022-10-10,P30_C35_D64,1,20:57,20:57,22:01,22:01,64.0,64.0,64.0,2022,10,Monday
2022-10-11,P30_C35_D64,1,20:57,20:57,22:01,22:01,64.0,64.0,64.0,2022,10,Tuesday
2022-10-12,P30_C35_D64,1,20:57,20:57,22:01,22:01,64.0,64.0,64.0,2022,10,Wednesday
2022-10-13,P30_C35_D64,1,20:57,20:57,22:01,22:01,64.0,64.0,64.0,2022,10,Thursday
2022-10-17,P30_C35_D64,1,20:57,20:57,22:01,22:01,64.0,64.0,64.0,2022,10,Monday
2022-10-18,P30_C35_D64,1,20:57,20:57,22:01,22:01,64.0,64.0,64.0,2022,10,Tuesday
2022-10-19,P30_C35_D64,1,20:57,20:57,22:01,22:01,64.0,64.0,64.0,2022,10,Wednesday
2022-10-20,P30_C35_D64,1,20:57,20:57,22:01,22:01,64.0,64.0,64.0,2022,10,Thursday
2022-10-24,P30_C35_D64,1,20:57,20:57,22:01,22:01,64.0,64.0,64.0,2022,10,Monday
2022-10-25,P30_C35_D64,1,20:57,20:57,22:01,22:01,64.0,64.0,64.0,2022,10,Tuesday
2022-10-26,P30_C35_D64,1,20:57,20:57,22:01,22:01,64.0,64.0,64.0,2022,10,Wednesday
2022-10-27,P30_C35_D64,1,20:57,20:57,22:01,22:01,64.0,64.0,64.0,2022,10,Thursday
2022-10-31,P30_C35_D64,1,20:57,20:57,22:01,22:01,64.0,64.0,64.0,2022,10,Monday
2022-11-01,P30_C35_D64,1,20:57,20:57,22:01,22:01,64.0,64.0,64.0,2022,11,Tuesday
2022-11-02,P30_C35_D64,1,20:57,20:57,22:01,22:01,64.0,64.0,64.0,2022,11,Wednesday
2022-11-03,P30_C35_D64,1,20:57,20:57,22:01,22:01,64.0,64.0,64.0,2022,11,Thursday
2022-11-07,P33_C39_D64,1,21:57,21:57,23:01,23:01,64.0,64.0,64.0,2022,11,Monday
2022-11-08,P33_C39_D64,1,21:57,21:57,23:01,23:01,64.0,64.0,64.0,2022,11,Tuesday
2022-11-09,P33_C39_D64,1,21:57,21:57,23:01,23:01,64.0,64.0,64.0,2022,11,Wednesday
2022-11-10,P33_C39_D64,1,21:57,21:57,23:01,23:01,64.0,64.0,64.0,2022,11,Thursday
2022-11-14,P33_C39_D64,1,21:57,21:57,23:01,23:01,64.0,64.0,64.0,2022,11,Monday
2022-11-15,P33_C39_D64,1,21:57,21:57,23:01,23:01,64.0,64.0,64.0,2022,11,Tuesday
2022-11-16,P33_C39_D64,1,21:57,21:57,23:01,23:01,64.0,64.0,64.0,2022,11,Wednesday
2022-11-17,P33_C39_D64,1,21:57,21:57,23:01,23:01,64.0,64.0,64.0,2022,11,Thursday
2022-11-21,P33_C39_D64,1,21:57,21:57,23:01,23:01,64.0,64.0,64.0,2022,11,Monday
2022-11-22,P33_C39_D64,1,21:57,21:57,23:01,23:01,64.0,64.0,64.0,2022,11,Tuesday
2022-11-23,P33_C39_D64,1,21:57,21:57,23:01,23:01,64.0,64.0,64.0,2022,11,Wednesday
2022-11-28,P33_C39_D64,1,21:57,21:57,23:01,23:01,64.0,64.0,64.0,2022,11,Monday
2022-11-29,P33_C39_D64,1,21:57,21:57,23:01,23:01,64.0,64.0,64.0,2022,11,Tuesday
2022-11-30,P33_C39_D64,1,21:57,21:57,23:01,23:01,64.0,64.0,64.0,2022,11,Wednesday
2022-12-01,P33_C39_D64,1,21:57,21:57,23:01,23:01,64.0,64.0,64.0,2022,12,Thursday
2022-12-05,P33_C39_D64,1,21:57,21:57,23:01,23:01,64.0,64.0,64.0,2022,12,Monday
2022-12-06,P33_C39_D64,1,21:57,21:57,23:01,23:01,64.0,64.0,64.0,2022,12,Tuesday
2022-12-07,P33_C39_D64,1,21:57,21:57,23:01,23:01,64.0,64.0,64.0,2022,12,Wednesday
2022-12-08,P33_C39_D64,1,21:57,21:57,23:01,23:01,64.0,64.0,64.0,2022,12,Thursday
2022-12-12,P33_C39_D64,1,21:57,21:57,23:01,23:01,64.0,64.0,64.0,2022,12,Monday
2022-12-13,P33_C39_D64,1,21:57,21:57,23:01,23:01,64.0,64.0,64.0,2022,12,Tuesday
2022-12-14,P33_C39_D64,1,21:57,21:57,23:01,23:01,64.0,64.0,64.0,2022,12,Wednesday
2022-12-15,P33_C39_D64,1,21:57,21:57,23:01,23:01,64.0,64.0,64.0,2022,12,Thursday
2022-12-19,P33_C39_D64,1,21:57,21:57,23:01,23:01,64.0,64.0,64.0,2022,12,Monday
2022-12-20,P33_C39_D64,1,21:57,21:57,23:01,23:01,64.0,64.0,64.0,2022,12,Tuesday
2022-12-21,P33_C39_D64,1,21:57,21:57,23:01,23:01,64.0,64.0,64.0,2022,12,Wednesday
2022-12-27,P33_C39_D64,1,21:57,21:57,23:01,23:01,64.0,64.0,64.0,2022,12,Tuesday
2022-12-28,P33_C39_D64,1,21:57,21:57,23:01,23:01,64.0,64.0,64.0,2022,12,Wednesday
2022-12-29,P33_C39_D64,1,21:57,21:57,23:01,23:01,64.0,64.0,64.0,2022,12,Thursday
2023-01-03,P33_C39_D64,1,21:57,21:57,23:01,23:01,64.0,64.0,64.0,2023,1,Tuesday
2023-01-04,P33_C39_D64,1,21:57,21:57,23:01,23:01,64.0,64.0,64.0,2023,1,Wednesday
2023-01-05,P33_C39_D64,1,21:57,21:57,23:01,23:01,64.0,64.0,64.0,2023,1,Thursday
2023-01-09,P33_C39_D64,1,21:57,21:57,23:01,23:01,64.0,64.0,64.0,2023,1,Monday
2023-01-10,P33_C39_D64,1,21:57,21:57,23:01,23:01,64.0,64.0,64.0,2023,1,Tuesday
2023-01-11,P33_C39_D64,1,21:57,21:57,23:01,23:01,64.0,64.0,64.0,2023,1,Wednesday
2023-01-12,P33_C39_D64,1,21:57,21:57,23:01,23:01,64.0,64.0,64.0,2023,1,Thursday
2023-01-17,P33_C39_D64,1,21:57,21:57,23:01,23:01,64.0,64.0,64.0,2023,1,Tuesday
2023-01-18,P33_C39_D64,1,21:57,21:57,23:01,23:01,64.0,64.0,64.0,2023,1,Wednesday
2023-01-19,P33_C39_D64,1,21:57,21:57,23:01,23:01,64.0,64.0,64.0,2023,1,Thursday
2023-01-23,P33_C39_D64,1,21:57,21:57,23:01,23:01,64.0,64.0,64.0,2023,1,Monday
2023-01-24,P33_C39_D64,1,21:57,21:57,23:01,23:01,64.0,64.0,64.0,2023,1,Tuesday
2023-01-25,P33_C39_D64,1,21:57,21:57,23:01,23:01,64.0,64.0,64.0,2023,1,Wednesday
2023-01-26,P33_C39_D64,1,21:57,21:57,23:01,23:01,64.0,64.0,64.0,2023,1,Thursday
2023-01-30,P33_C39_D64,1,21:57,21:57,23:01,23:01,64.0,64.0,64.0,2023,1,Monday
2023-01-31,P33_C39_D64,1,21:57,21:57,23:01,23:01,64.0,64.0,64.0,2023,1,Tuesday
2023-02-01,P33_C39_D64,1,21:57,21:57,23:01,23:01,64.0,64.0,64.0,2023,2,Wednesday
2023-02-02,P33_C39_D64,1,21:57,21:57,23:01,23:01,64.0,64.0,64.0,2023,2,Thursday
2023-02-06,P33_C39_D64,1,21:57,21:57,23:01,23:01,64.0,64.0,64.0,2023,2,Monday
2023-02-07,P33_C39_D64,1,21:57,21:57,23:01,23:01,64.0,64.0,64.0,2023,2,Tuesday
2023-02-08,P33_C39_D64,1,21:57,21:57,23:01,23:01,64.0,64.0,64.0,2023,2,Wednesday
2023-02-09,P33_C39_D64,1,21:57,21:57,23:01,23:01,64.0,64.0,64.0,2023,2,Thursday
2023-02-13,P33_C39_D64,1,21:57,21:57,23:01,23:01,64.0,64.0,64.0,2023,2,Monday
2023-02-14,P33_C39_D64,1,21:57,21:57,23:01,23:01,64.0,64.0,64.0,2023,2,Tuesday
2023-02-15,P33_C39_D64,1,21:57,21:57,23:01,23:01,64.0,64.0,64.0,2023,2,Wednesday
2023-02-16,P33_C39_D64,1,21:57,21:57,23:01,23:01,64.0,64.0,64.0,2023,2,Thursday
2023-02-21,P33_C39_D64,1,21:57,21:57,23:01,23:01,64.0,64.0,64.0,2023,2,Tuesday
2023-02-22,P33_C39_D64,1,21:57,21:57,23:01,23:01,64.0,64.0,64.0,2023,2,Wednesday
2023-02-23,P33_C39_D64,1,21:57,21:57,23:01,23:01,64.0,64.0,64.0,2023,2,Thursday
2023-02-27,P33_C39_D64,1,21:57,21:57,23:01,23:01,64.0,64.0,64.0,2023,2,Monday
2023-02-28,P33_C39_D64,1,21:57,21:57,23:01,23:01,64.0,64.0,64.0,2023,2,Tuesday
2023-03-01,P33_C39_D64,1,21:57,21:57,23:01,23:01,64.0,64.0,64.0,2023,3,Wednesday
2023-03-02,P33_C39_D64,1,21:57,21:57,23:01,23:01,64.0,64.0,64.0,2023,3,Thursday
2023-03-06,P33_C39_D64,1,21:57,21:57,23:01,23:01,64.0,64.0,64.0,2023,3,Monday
2023-03-07,P33_C39_D64,1,21:57,21:57,23:01,23:01,64.0,64.0,64.0,2023,3,Tuesday
2023-03-08,P33_C39_D64,1,21:57,21:57,23:01,23:01,64.0,64.0,64.0,2023,3,Wednesday
2023-03-09,P33_C39_D64,1,21:57,21:57,23:01,23:01,64.0,64.0,64.0,2023,3,Thursday
2023-03-13,P30_C35_D64,1,20:57,20:57,22:01,22:01,64.0,64.0,64.0,2023,3,Monday
2023-03-14,P30_C35_D64,1,20:57,20:57,22:01,22:01,64.0,64.0,64.0,2023,3,Tuesday
2023-03-16,P30_C35_D64,1,20:57,20:57,22:01,22:01,64.0,64.0,64.0,2023,3,Thursday
2023-03-20,P30_C35_D64,1,20:57,20:57,22:01,22:01,64.0,64.0,64.0,2023,3,Monday
2023-03-21,P30_C35_D64,1,20:57,20:57,22:01,22:01,64.0,64.0,64.0,2023,3,Tuesday
2023-03-22,P30_C35_D64,1,20:57,20:57,22:01,22:01,64.0,64.0,64.0,2023,3,Wednesday
2023-03-23,P30_C35_D64,1,20:57,20:57,22:01,22:01,64.0,64.0,64.0,2023,3,Thursday
2023-03-27,P30_C35_D64,1,20:57,20:57,22:01,22:01,64.0,64.0,64.0,2023,3,Monday
2023-03-28,P30_C35_D64,1,20:57,20:57,22:01,22:01,64.0,64.0,64.0,2023,3,Tuesday
2023-03-29,P30_C35_D64,1,20:57,20:57,22:01,22:01,64.0,64.0,64.0,2023,3,Wednesday
2023-03-30,P30_C35_D64,1,20:57,20:57,22:01,22:01,64.0,64.0,64.0,2023,3,Thursday
2023-04-03,P30_C35_D64,1,20:57,20:57,22:01,22:01,64.0,64.0,64.0,2023,4,Monday
2023-04-04,P30_C35_D64,1,20:57,20:57,22:01,22:01,64.0,64.0,64.0,2023,4,Tuesday
2023-04-05,P30_C35_D64,1,20:57,20:57,22:01,22:01,64.0,64.0,64.0,2023,4,Wednesday
2023-04-10,P30_C35_D64,1,20:57,20:57,22:01,22:01,64.0,64.0,64.0,2023,4,Monday
2023-04-11,P30_C35_D64,1,20:57,20:57,22:01,22:01,64.0,64.0,64.0,2023,4,Tuesday
2023-04-12,P30_C35_D64,1,20:57,20:57,22:01,22:01,64.0,64.0,64.0,2023,4,Wednesday
2023-04-13,P30_C35_D64,1,20:57,20:57,22:01,22:01,64.0,64.0,64.0,2023,4,Thursday
2023-04-17,P30_C35_D64,1,20:57,20:57,22:01,22:01,64.0,64.0,64.0,2023,4,Monday
2023-04-18,P30_C35_D64,1,20:57,20:57,22:01,22:01,64.0,64.0,64.0,2023,4,Tuesday
2023-04-19,P30_C35_D64,1,20:57,20:57,22:01,22:01,64.0,64.0,64.0,2023,4,Wednesday
2023-04-20,P30_C35_D64,1,20:57,20:57,22:01,22:01,64.0,64.0,64.0,2023,4,Thursday
2023-04-24,P30_C35_D64,1,20:57,20:57,22:01,22:01,64.0,64.0,64.0,2023,4,Monday
2023-04-25,P30_C35_D64,1,20:57,20:57,22:01,22:01,64.0,64.0,64.0,2023,4,Tuesday
2023-04-26,P30_C35_D64,1,20:57,20:57,22:01,22:01,64.0,64.0,64.0,2023,4,Wednesday
2023-04-27,P30_C35_D64,1,20:57,20:57,22:01,22:01,64.0,64.0,64.0,2023,4,Thursday
2023-05-01,P30_C35_D64,1,20:57,20:57,22:01,22:01,64.0,64.0,64.0,2023,5,Monday
2023-05-02,P30_C35_D64,1,20:57,20:57,22:01,22:01,64.0,64.0,64.0,2023,5,Tuesday
2023-05-03,P30_C35_D64,1,20:57,20:57,22:01,22:01,64.0,64.0,64.0,2023,5,Wednesday
2023-05-04,P30_C35_D64,1,20:57,20:57,22:01,22:01,64.0,64.0,64.0,2023,5,Thursday
2023-05-08,P30_C35_D64,1,20:57,20:57,22:01,22:01,64.0,64.0,64.0,2023,5,Monday
2023-05-09,P30_C35_D64,1,20:57,20:57,22:01,22:01,64.0,64.0,64.0,2023,5,Tuesday
2023-05-10,P30_C35_D64,1,20:57,20:57,22:01,22:01,64.0,64.0,64.0,2023,5,Wednesday
2023-05-11,P30_C35_D64,1,20:57,20:57,22:01,22:01,64.0,64.0,64.0,2023,5,Thursday
2023-05-15,P30_C35_D64,1,20:57,20:57,22:01,22:01,64.0,64.0,64.0,2023,5,Monday
2023-05-16,P30_C35_D64,1,20:57,20:57,22:01,22:01,64.0,64.0,64.0,2023,5,Tuesday
2023-05-17,P30_C35_D64,1,20:57,20:57,22:01,22:01,64.0,64.0,64.0,2023,5,Wednesday
2023-05-18,P30_C35_D64,1,20:57,20:57,22:01,22:01,64.0,64.0,64.0,2023,5,Thursday
2023-05-22,P30_C35_D64,1,20:57,20:57,22:01,22:01,64.0,64.0,64.0,2023,5,Monday
2023-05-23,P30_C35_D64,1,20:57,20:57,22:01,22:01,64.0,64.0,64.0,2023,5,Tuesday
2023-05-24,P30_C35_D64,1,20:57,20:57,22:01,22:01,64.0,64.0,64.0,2023,5,Wednesday
2023-05-25,P30_C35_D64,1,20:57,20:57,22:01,22:01,64.0,64.0,64.0,2023,5,Thursday
2023-05-29,P41_C1_D2,1,23:58,23:58,00:00,00:00,2.0,2.0,2.0,2023,5,Monday
2023-05-30,P30_C35_D64,1,20:57,20:57,22:01,22:01,64.0,64.0,64.0,2023,5,Tuesday
2023-05-31,P30_C35_D64,1,20:57,20:57,22:01,22:01,64.0,64.0,64.0,2023,5,Wednesday
2023-06-01,P30_C35_D64,1,20:57,20:57,22:01,22:01,64.0,64.0,64.0,2023,6,Thursday
2023-06-05,P30_C35_D64,1,20:57,20:57,22:01,22:01,64.0,64.0,64.0,2023,6,Monday
2023-06-06,P30_C35_D64,1,20:57,20:57,22:01,22:01,64.0,64.0,64.0,2023,6,Tuesday
2023-06-07,P30_C35_D64,1,20:57,20:57,22:01,22:01,64.0,64.0,64.0,2023,6,Wednesday
2023-06-08,P30_C35_D64,1,20:57,20:57,22:01,22:01,64.0,64.0,64.0,2023,6,Thursday
2023-06-12,P30_C35_D64,1,20:57,20:57,22:01,22:01,64.0,64.0,64.0,2023,6,Monday
2023-06-13,P30_C35_D64,1,20:57,20:57,22:01,22:01,64.0,64.0,64.0,2023,6,Tuesday
2023-06-14,P30_C35_D64,1,20:57,20:57,22:01,22:01,64.0,64.0,64.0,2023,6,Wednesday
2023-06-15,P30_C35_D64,1,20:57,20:57,22:01,22:01,64.0,64.0,64.0,2023,6,Thursday
2023-06-19,P41_C1_D2,1,23:58,23:58,00:00,00:00,2.0,2.0,2.0,2023,6,Monday
2023-06-20,P30_C35_D64,1,20:57,20:57,22:01,22:01,64.0,64.0,64.0,2023,6,Tuesday
2023-06-21,P30_C35_D64,1,20:57,20:57,22:01,22:01,64.0,64.0,64.0,2023,6,Wednesday
2023-06-22,P30_C35_D64,1,20:57,20:57,22:01,22:01,64.0,64.0,64.0,2023,6,Thursday
2023-06-26,P30_C35_D64,1,20:57,20:57,22:01,22:01,64.0,64.0,64.0,2023,6,Monday
2023-06-27,P30_C35_D64,1,20:57,20:57,22:01,22:01,64.0,64.0,64.0,2023,6,Tuesday
2023-06-28,P30_C35_D64,1,20:57,20:57,22:01,22:01,64.0,64.0,64.0,2023,6,Wednesday
2023-06-29,P30_C35_D64,1,20:57,20:57,22:01,22:01,64.0,64.0,64.0,2023,6,Thursday
2023-07-03,P30_C35_D64,1,20:57,20:57,22:01,22:01,64.0,64.0,64.0,2023,7,Monday
2023-07-04,P41_C1_D2,1,23:58,23:58,00:00,00:00,2.0,2.0,2.0,2023,7,Tuesday
2023-07-05,P30_C35_D64,1,20:57,20:57,22:01,22:01,64.0,64.0,64.0,2023,7,Wednesday
2023-07-06,P30_C35_D64,1,20:57,20:57,22:01,22:01,64.0,64.0,64.0,2023,7,Thursday
2023-07-10,P30_C35_D64,1,20:57,20:57,22:01,22:01,64.0,64.0,64.0,2023,7,Monday
2023-07-11,P30_C35_D64,1,20:57,20:57,22:01,22:01,64.0,64.0,64.0,2023,7,Tuesday
2023-07-12,P30_C35_D64,1,20:57,20:57,22:01,22:01,64.0,64.0,64.0,2023,7,Wednesday
2023-07-13,P30_C35_D64,1,20:57,20:57,22:01,22:01,64.0,64.0,64.0,2023,7,Thursday
2023-07-17,P30_C35_D64,1,20:57,20:57,22:01,22:01,64.0,64.0,64.0,2023,7,Monday
2023-07-18,P30_C35_D64,1,20:57,20:57,22:01,22:01,64.0,64.0,64.0,2023,7,Tuesday
2023-07-19,P30_C35_D64,1,20:57,20:57,22:01,22:01,64.0,64.0,64.0,2023,7,Wednesday
2023-07-20,P30_C35_D64,1,20:57,20:57,22:01,22:01,64.0,64.0,64.0,2023,7,Thursday
2023-07-24,P30_C35_D64,1,20:57,20:57,22:01,22:01,64.0,64.0,64.0,2023,7,Monday
2023-07-25,P30_C35_D64,1,20:57,20:57,22:01,22:01,64.0,64.0,64.0,2023,7,Tuesday
2023-07-26,P30_C35_D64,1,20:57,20:57,22:01,22:01,64.0,64.0,64.0,2023,7,Wednesday
2023-07-27,P30_C35_D64,1,20:57,20:57,22:01,22:01,64.0,64.0,64.0,2023,7,Thursday
2023-07-31,P30_C35_D64,1,20:57,20:57,22:01,22:01,64.0,64.0,64.0,2023,7,Monday
2023-08-01,P30_C35_D64,1,20:57,20:57,22:01,22:01,64.0,64.0,64.0,2023,8,Tuesday
2023-08-02,P30_C35_D64,1,20:57,20:57,22:01,22:01,64.0,64.0,64.0,2023,8,Wednesday
2023-08-03,P30_C35_D64,1,20:57,20:57,22:01,22:01,64.0,64.0,64.0,2023,8,Thursday
2023-08-07,P30_C35_D64,1,20:57,20:57,22:01,22:01,64.0,64.0,64.0,2023,8,Monday
2023-08-08,P30_C35_D64,1,20:57,20:57,22:01,22:01,64.0,64.0,64.0,2023,8,Tuesday
2023-08-09,P30_C35_D64,1,20:57,20:57,22:01,22:01,64.0,64.0,64.0,2023,8,Wednesday
2023-08-10,P30_C35_D64,1,20:57,20:57,22:01,22:01,64.0,64.0,64.0,2023,8,Thursday
2023-08-14,P30_C35_D64,1,20:57,20:57,22:01,22:01,64.0,64.0,64.0,2023,8,Monday
2023-08-15,P30_C35_D64,1,20:57,20:57,22:01,22:01,64.0,64.0,64.0,2023,8,Tuesday
2023-08-16,P30_C35_D64,1,20:57,20:57,22:01,22:01,64.0,64.0,64.0,2023,8,Wednesday
2023-08-17,P30_C35_D64,1,20:57,20:57,22:01,22:01,64.0,64.0,64.0,2023,8,Thursday
2023-08-21,P30_C35_D64,1,20:57,20:57,22:01,22:01,64.0,64.0,64.0,2023,8,Monday
2023-08-22,P30_C35_D64,1,20:57,20:57,22:01,22:01,64.0,64.0,64.0,2023,8,Tuesday
2023-08-23,P30_C35_D64,1,20:57,20:57,22:01,22:01,64.0,64.0,64.0,2023,8,Wednesday
2023-08-24,P30_C35_D64,1,20:57,20:57,22:01,22:01,64.0,64.0,64.0,2023,8,Thursday
2023-08-28,P30_C35_D64,1,20:57,20:57,22:01,22:01,64.0,64.0,64.0,2023,8,Monday
2023-08-29,P30_C35_D64,1,20:57,20:57,22:01,22:01,64.0,64.0,64.0,2023,8,Tuesday
2023-08-30,P30_C35_D64,1,20:57,20:57,22:01,22:01,64.0,64.0,64.0,2023,8,Wednesday
2023-08-31,P30_C35_D64,1,20:57,20:57,22:01,22:01,64.0,64.0,64.0,2023,8,Thursday
2023-09-04,P41_C1_D2,1,23:58,23:58,00:00,00:00,2.0,2.0,2.0,2023,9,Monday
2023-09-05,P30_C35_D64,1,20:57,20:57,22:01,22:01,64.0,64.0,64.0,2023,9,Tuesday
2023-09-06,P30_C35_D64,1,20:57,20:57,22:01,22:01,64.0,64.0,64.0,2023,9,Wednesday
2023-09-07,P30_C35_D64,1,20:57,20:57,22:01,22:01,64.0,64.0,64.0,2023,9,Thursday
2023-09-11,P30_C35_D64,1,20:57,20:57,22:01,22:01,64.0,64.0,64.0,2023,9,Monday
2023-09-12,P30_C35_D64,1,20:57,20:57,22:01,22:01,64.0,64.0,64.0,2023,9,Tuesday
2023-09-13,P30_C35_D64,1,20:57,20:57,22:01,22:01,64.0,64.0,64.0,2023,9,Wednesday
2023-09-14,P30_C35_D64,1,20:57,20:57,22:01,22:01,64.0,64.0,64.0,2023,9,Thursday
2023-09-18,P30_C35_D64,1,20:57,20:57,22:01,22:01,64.0,64.0,64.0,2023,9,Monday
2023-09-19,P30_C35_D64,1,20:57,20:57,22:01,22:01,64.0,64.0,64.0,2023,9,Tuesday
2023-09-20,P30_C35_D64,1,20:57,20:57,22:01,22:01,64.0,64.0,64.0,2023,9,Wednesday
2023-09-21,P30_C35_D64,1,20:57,20:57,22:01,22:01,64.0,64.0,64.0,2023,9,Thursday
2023-09-25,P30_C35_D64,1,20:57,20:57,22:01,22:01,64.0,64.0,64.0,2023,9,Monday
2023-09-26,P30_C35_D64,1,20:57,20:57,22:01,22:01,64.0,64.0,64.0,2023,9,Tuesday
2023-09-27,P30_C35_D64,1,20:57,20:57,22:01,22:01,64.0,64.0,64.0,2023,9,Wednesday
2023-09-28,P30_C35_D64,1,20:57,20:57,22:01,22:01,64.0,64.0,64.0,2023,9,Thursday
2023-10-02,P30_C35_D64,1,20:57,20:57,22:01,22:01,64.0,64.0,64.0,2023,10,Monday
2023-10-03,P30_C35_D64,1,20:57,20:57,22:01,22:01,64.0,64.0,64.0,2023,10,Tuesday
2023-10-04,P30_C35_D64,1,20:57,20:57,22:01,22:01,64.0,64.0,64.0,2023,10,Wednesday
2023-10-05,P30_C35_D64,1,20:57,20:57,22:01,22:01,64.0,64.0,64.0,2023,10,Thursday
2023-10-09,P30_C35_D64,1,20:57,20:57,22:01,22:01,64.0,64.0,64.0,2023,10,Monday
2023-10-10,P30_C35_D64,1,20:57,20:57,22:01,22:01,64.0,64.0,64.0,2023,10,Tuesday
2023-10-11,P30_C35_D64,1,20:57,20:57,22:01,22:01,64.0,64.0,64.0,2023,10,Wednesday
2023-10-12,P30_C35_D64,1,20:57,20:57,22:01,22:01,64.0,64.0,64.0,2023,10,Thursday
2023-10-16,P30_C35_D64,1,20:57,20:57,22:01,22:01,64.0,64.0,64.0,2023,10,Monday
2023-10-17,P30_C35_D64,1,20:57,20:57,22:01,22:01,64.0,64.0,64.0,2023,10,Tuesday
2023-10-18,P30_C35_D64,1,20:57,20:57,22:01,22:01,64.0,64.0,64.0,2023,10,Wednesday
2023-10-19,P30_C35_D64,1,20:57,20:57,22:01,22:01,64.0,64.0,64.0,2023,10,Thursday
2023-10-23,P30_C35_D64,1,20:57,20:57,22:01,22:01,64.0,64.0,64.0,2023,10,Monday
2023-10-24,P30_C35_D64,1,20:57,20:57,22:01,22:01,64.0,64.0,64.0,2023,10,Tuesday
2023-10-25,P30_C35_D64,1,20:57,20:57,22:01,22:01,64.0,64.0,64.0,2023,10,Wednesday
2023-10-26,P30_C35_D64,1,20:57,20:57,22:01,22:01,64.0,64.0,64.0,2023,10,Thursday
2023-10-30,P30_C35_D64,1,20:57,20:57,22:01,22:01,64.0,64.0,64.0,2023,10,Monday
2023-10-31,P30_C35_D64,1,20:57,20:57,22:01,22:01,64.0,64.0,64.0,2023,10,Tuesday
2023-11-01,P30_C35_D64,1,20:57,20:57,22:01,22:01,64.0,64.0,64.0,2023,11,Wednesday
2023-11-02,P30_C35_D64,1,20:57,20:57,22:01,22:01,64.0,64.0,64.0,2023,11,Thursday
2023-11-06,P33_C39_D64,1,21:57,21:57,23:01,23:01,64.0,64.0,64.0,2023,11,Monday
2023-11-07,P33_C39_D64,1,21:57,21:57,23:01,23:01,64.0,64.0,64.0,2023,11,Tuesday
2023-11-08,P33_C39_D64,1,21:57,21:57,23:01,23:01,64.0,64.0,64.0,2023,11,Wednesday
2023-11-09,P33_C39_D64,1,21:57,21:57,23:01,23:01,64.0,64.0,64.0,2023,11,Thursday
2023-11-13,P33_C39_D64,1,21:57,21:57,23:01,23:01,64.0,64.0,64.0,2023,11,Monday
2023-11-14,P33_C39_D64,1,21:57,21:57,23:01,23:01,64.0,64.0,64.0,2023,11,Tuesday
2023-11-15,P33_C39_D64,1,21:57,21:57,23:01,23:01,64.0,64.0,64.0,2023,11,Wednesday
2023-11-16,P33_C39_D64,1,21:57,21:57,23:01,23:01,64.0,64.0,64.0,2023,11,Thursday
2023-11-20,P33_C39_D64,1,21:57,21:57,23:01,23:01,64.0,64.0,64.0,2023,11,Monday
2023-11-21,P33_C39_D64,1,21:57,21:57,23:01,23:01,64.0,64.0,64.0,2023,11,Tuesday
2023-11-22,P33_C39_D64,1,21:57,21:57,23:01,23:01,64.0,64.0,64.0,2023,11,Wednesday
2023-11-27,P33_C39_D64,1,21:57,21:57,23:01,23:01,64.0,64.0,64.0,2023,11,Monday
2023-11-28,P33_C39_D64,1,21:57,21:57,23:01,23:01,64.0,64.0,64.0,2023,11,Tuesday
2023-11-29,P33_C39_D64,1,21:57,21:57,23:01,23:01,64.0,64.0,64.0,2023,11,Wednesday
2023-11-30,P33_C39_D64,1,21:57,21:57,23:01,23:01,64.0,64.0,64.0,2023,11,Thursday
2023-12-04,P33_C39_D64,1,21:57,21:57,23:01,23:01,64.0,64.0,64.0,2023,12,Monday
2023-12-05,P33_C39_D64,1,21:57,21:57,23:01,23:01,64.0,64.0,64.0,2023,12,Tuesday
2023-12-06,P33_C39_D64,1,21:57,21:57,23:01,23:01,64.0,64.0,64.0,2023,12,Wednesday
2023-12-07,P33_C39_D64,1,21:57,21:57,23:01,23:01,64.0,64.0,64.0,2023,12,Thursday
2023-12-11,P33_C39_D64,1,21:57,21:57,23:01,23:01,64.0,64.0,64.0,2023,12,Monday
2023-12-12,P33_C39_D64,1,21:57,21:57,23:01,23:01,64.0,64.0,64.0,2023,12,Tuesday
2023-12-13,P33_C39_D64,1,21:57,21:57,23:01,23:01,64.0,64.0,64.0,2023,12,Wednesday
2023-12-14,P33_C39_D64,1,21:57,21:57,23:01,23:01,64.0,64.0,64.0,2023,12,Thursday
2023-12-18,P33_C39_D64,1,21:57,21:57,23:01,23:01,64.0,64.0,64.0,2023,12,Monday
2023-12-19,P33_C39_D64,1,21:57,21:57,23:01,23:01,64.0,64.0,64.0,2023,12,Tuesday
2023-12-20,P33_C39_D64,1,21:57,21:57,23:01,23:01,64.0,64.0,64.0,2023,12,Wednesday
2023-12-21,P33_C39_D64,1,21:57,21:57,23:01,23:01,64.0,64.0,64.0,2023,12,Thursday
2023-12-25,P41_C1_D2,1,23:58,23:58,00:00,00:00,2.0,2.0,2.0,2023,12,Monday
2023-12-26,P33_C39_D64,1,21:57,21:57,23:01,23:01,64.0,64.0,64.0,2023,12,Tuesday
2023-12-27,P33_C39_D64,1,21:57,21:57,23:01,23:01,64.0,64.0,64.0,2023,12,Wednesday
2023-12-28,P33_C39_D64,1,21:57,21:57,23:01,23:01,64.0,64.0,64.0,2023,12,Thursday
2024-01-01,P41_C1_D2,1,23:58,23:58,00:00,00:00,2.0,2.0,2.0,2024,1,Monday
2024-01-02,P33_C39_D64,1,21:57,21:57,23:01,23:01,64.0,64.0,64.0,2024,1,Tuesday
2024-01-03,P33_C39_D64,1,21:57,21:57,23:01,23:01,64.0,64.0,64.0,2024,1,Wednesday
2024-01-04,P33_C39_D64,1,21:57,21:57,23:01,23:01,64.0,64.0,64.0,2024,1,Thursday
2024-01-08,P33_C39_D64,1,21:57,21:57,23:01,23:01,64.0,64.0,64.0,2024,1,Monday
2024-01-09,P33_C39_D64,1,21:57,21:57,23:01,23:01,64.0,64.0,64.0,2024,1,Tuesday
2024-01-10,P33_C39_D64,1,21:57,21:57,23:01,23:01,64.0,64.0,64.0,2024,1,Wednesday
2024-01-11,P33_C39_D64,1,21:57,21:57,23:01,23:01,64.0,64.0,64.0,2024,1,Thursday
2024-01-16,P33_C39_D64,1,21:57,21:57,23:01,23:01,64.0,64.0,64.0,2024,1,Tuesday
2024-01-17,P33_C39_D64,1,21:57,21:57,23:01,23:01,64.0,64.0,64.0,2024,1,Wednesday
2024-01-18,P33_C39_D64,1,21:57,21:57,23:01,23:01,64.0,64.0,64.0,2024,1,Thursday
2024-01-22,P33_C39_D64,1,21:57,21:57,23:01,23:01,64.0,64.0,64.0,2024,1,Monday
2024-01-23,P33_C39_D64,1,21:56,21:56,23:01,23:01,65.0,65.0,65.0,2024,1,Tuesday
2024-01-23,P41_C1_D2,1,23:58,23:58,00:00,00:00,2.0,2.0,2.0,2024,1,Tuesday
2024-01-24,P33_C39_D64,1,21:56,21:56,23:01,23:01,65.0,65.0,65.0,2024,1,Wednesday
2024-01-24,P41_C1_D2,1,23:58,23:58,00:00,00:00,2.0,2.0,2.0,2024,1,Wednesday
2024-01-25,P33_C39_D64,1,21:56,21:56,23:01,23:01,65.0,65.0,65.0,2024,1,Thursday
2024-01-25,P41_C1_D2,1,23:58,23:58,00:00,00:00,2.0,2.0,2.0,2024,1,Thursday
2024-01-29,P33_C39_D64,1,21:57,21:57,23:01,23:01,64.0,64.0,64.0,2024,1,Monday
2024-01-30,P33_C39_D64,1,21:57,21:57,23:01,23:01,64.0,64.0,64.0,2024,1,Tuesday
2024-01-31,P33_C39_D64,1,21:57,21:57,23:01,23:01,64.0,64.0,64.0,2024,1,Wednesday
2024-02-01,P33_C39_D64,1,21:57,21:57,23:01,23:01,64.0,64.0,64.0,2024,2,Thursday
2024-02-04,P41_C1_D2,1,23:58,23:58,00:00,00:00,2.0,2.0,2.0,2024,2,Sunday
2024-02-05,P33_C39_D64,1,21:56,21:56,23:01,23:01,65.0,65.0,65.0,2024,2,Monday
2024-02-05,P41_C1_D2,1,23:58,23:58,00:00,00:00,2.0,2.0,2.0,2024,2,Monday
2024-02-06,P33_C39_D64,1,21:56,21:56,23:01,23:01,65.0,65.0,65.0,2024,2,Tuesday
2024-02-06,P41_C1_D2,1,23:58,23:58,00:00,00:00,2.0,2.0,2.0,2024,2,Tuesday
2024-02-07,P33_C39_D64,1,21:56,21:56,23:01,23:01,65.0,65.0,65.0,2024,2,Wednesday
2024-02-07,P41_C1_D2,1,23:58,23:58,00:00,00:00,2.0,2.0,2.0,2024,2,Wednesday
2024-02-08,P33_C39_D64,1,21:56,21:56,23:01,23:01,65.0,65.0,65.0,2024,2,Thursday
2024-02-08,P41_C1_D2,1,23:58,23:58,00:00,00:00,2.0,2.0,2.0,2024,2,Thursday
2024-02-11,P41_C1_D2,1,23:58,23:58,00:00,00:00,2.0,2.0,2.0,2024,2,Sunday
2024-02-12,P33_C39_D64,1,21:56,21:56,23:01,23:01,65.0,65.0,65.0,2024,2,Monday
2024-02-12,P41_C1_D2,1,23:58,23:58,00:00,00:00,2.0,2.0,2.0,2024,2,Monday
2024-02-13,P33_C39_D64,1,21:56,21:56,23:01,23:01,65.0,65.0,65.0,2024,2,Tuesday
2024-02-13,P41_C1_D2,1,23:58,23:58,00:00,00:00,2.0,2.0,2.0,2024,2,Tuesday
2024-02-14,P33_C39_D64,1,21:56,21:56,23:01,23:01,65.0,65.0,65.0,2024,2,Wednesday
2024-02-14,P41_C1_D2,1,23:58,23:58,00:00,00:00,2.0,2.0,2.0,2024,2,Wednesday
2024-02-15,P33_C39_D64,1,21:56,21:56,23:01,23:01,65.0,65.0,65.0,2024,2,Thursday
2024-02-15,P41_C1_D2,1,23:58,23:58,00:00,00:00,2.0,2.0,2.0,2024,2,Thursday
2024-02-18,P41_C1_D2,1,23:58,23:58,00:00,00:00,2.0,2.0,2.0,2024,2,Sunday
2024-02-19,P41_C1_D2,1,23:58,23:58,00:00,00:00,2.0,2.0,2.0,2024,2,Monday
2024-02-20,P33_C39_D64,1,21:56,21:56,23:01,23:01,65.0,65.0,65.0,2024,2,Tuesday
2024-02-20,P41_C1_D2,1,23:58,23:58,00:00,00:00,2.0,2.0,2.0,2024,2,Tuesday
2024-02-21,P33_C39_D64,1,21:56,21:56,23:01,23:01,65.0,65.0,65.0,2024,2,Wednesday
2024-02-21,P41_C1_D2,1,23:58,23:58,00:00,00:00,2.0,2.0,2.0,2024,2,Wednesday
2024-02-22,P33_C39_D64,1,21:56,21:56,23:01,23:01,65.0,65.0,65.0,2024,2,Thursday
2024-02-22,P41_C1_D2,1,23:58,23:58,00:00,00:00,2.0,2.0,2.0,2024,2,Thursday
2024-02-25,P41_C1_D2,1,23:58,23:58,00:00,00:00,2.0,2.0,2.0,2024,2,Sunday
2024-02-26,P33_C39_D64,1,21:56,21:56,23:01,23:01,65.0,65.0,65.0,2024,2,Monday
2024-02-26,P41_C1_D2,1,23:58,23:58,00:00,00:00,2.0,2.0,2.0,2024,2,Monday
2024-02-27,P33_C39_D64,1,21:56,21:56,23:01,23:01,65.0,65.0,65.0,2024,2,Tuesday
2024-02-27,P41_C1_D2,1,23:58,23:58,00:00,00:00,2.0,2.0,2.0,2024,2,Tuesday
2024-02-28,P33_C39_D64,1,21:56,21:56,23:01,23:01,65.0,65.0,65.0,2024,2,Wednesday
2024-02-28,P41_C1_D2,1,23:58,23:58,00:00,00:00,2.0,2.0,2.0,2024,2,Wednesday
2024-02-29,P33_C39_D64,1,21:56,21:56,23:01,23:01,65.0,65.0,65.0,2024,2,Thursday
2024-02-29,P41_C1_D2,1,23:58,23:58,00:00,00:00,2.0,2.0,2.0,2024,2,Thursday
2024-03-03,P41_C1_D2,1,23:58,23:58,00:00,00:00,2.0,2.0,2.0,2024,3,Sunday
2024-03-04,P33_C39_D64,1,21:56,21:56,23:01,23:01,65.0,65.0,65.0,2024,3,Monday
2024-03-04,P41_C1_D2,1,23:58,23:58,00:00,00:00,2.0,2.0,2.0,2024,3,Monday
2024-03-05,P33_C39_D64,1,21:56,21:56,23:01,23:01,65.0,65.0,65.0,2024,3,Tuesday
2024-03-05,P41_C1_D2,1,23:58,23:58,00:00,00:00,2.0,2.0,2.0,2024,3,Tuesday
2024-03-06,P33_C39_D64,1,21:56,21:56,23:01,23:01,65.0,65.0,65.0,2024,3,Wednesday
2024-03-06,P41_C1_D2,1,23:58,23:58,00:00,00:00,2.0,2.0,2.0,2024,3,Wednesday
2024-03-07,P33_C39_D64,1,21:56,21:56,23:01,23:01,65.0,65.0,65.0,2024,3,Thursday
2024-03-07,P41_C1_D2,1,23:58,23:58,00:00,00:00,2.0,2.0,2.0,2024,3,Thursday
2024-03-11,P30_C35_D64,1,20:56,20:56,22:01,22:01,65.0,65.0,65.0,2024,3,Monday
2024-03-11,P41_C1_D2,1,23:58,23:58,00:00,00:00,2.0,2.0,2.0,2024,3,Monday
2024-03-12,P30_C35_D64,1,20:56,20:56,22:01,22:01,65.0,65.0,65.0,2024,3,Tuesday
2024-03-12,P41_C1_D2,1,23:58,23:58,00:00,00:00,2.0,2.0,2.0,2024,3,Tuesday
2024-03-13,P30_C35_D64,1,20:56,20:56,22:01,22:01,65.0,65.0,65.0,2024,3,Wednesday
2024-03-13,P41_C1_D2,1,23:58,23:58,00:00,00:00,2.0,2.0,2.0,2024,3,Wednesday
2024-03-14,P30_C35_D64,1,20:57,20:57,22:01,22:01,64.0,64.0,64.0,2024,3,Thursday
2024-03-17,P41_C1_D2,1,23:58,23:58,00:00,00:00,2.0,2.0,2.0,2024,3,Sunday
2024-03-18,P30_C35_D64,1,20:56,20:56,22:01,22:01,65.0,65.0,65.0,2024,3,Monday
2024-03-18,P41_C1_D2,1,23:58,23:58,00:00,00:00,2.0,2.0,2.0,2024,3,Monday
2024-03-19,P30_C35_D64,1,20:56,20:56,22:01,22:01,65.0,65.0,65.0,2024,3,Tuesday
2024-03-19,P41_C1_D2,1,23:58,23:58,00:00,00:00,2.0,2.0,2.0,2024,3,Tuesday
2024-03-20,P30_C35_D64,1,20:56,20:56,22:01,22:01,65.0,65.0,65.0,2024,3,Wednesday
2024-03-20,P41_C1_D2,1,23:58,23:58,00:00,00:00,2.0,2.0,2.0,2024,3,Wednesday
2024-03-21,P30_C35_D64,1,20:56,20:56,22:01,22:01,65.0,65.0,65.0,2024,3,Thursday
2024-03-21,P41_C1_D2,1,23:58,23:58,00:00,00:00,2.0,2.0,2.0,2024,3,Thursday
2024-03-25,P30_C35_D64,1,20:57,20:57,22:01,22:01,64.0,64.0,64.0,2024,3,Monday
2024-03-26,P30_C35_D64,1,20:56,20:56,22:01,22:01,65.0,65.0,65.0,2024,3,Tuesday
2024-03-26,P41_C1_D2,1,23:58,23:58,00:00,00:00,2.0,2.0,2.0,2024,3,Tuesday
2024-03-27,P30_C35_D64,1,20:56,20:56,22:01,22:01,65.0,65.0,65.0,2024,3,Wednesday
2024-03-27,P41_C1_D2,1,23:58,23:58,00:00,00:00,2.0,2.0,2.0,2024,3,Wednesday
2024-03-31,P41_C1_D2,1,23:58,23:58,00:00,00:00,2.0,2.0,2.0,2024,3,Sunday
2024-04-01,P30_C35_D64,1,20:56,20:56,22:01,22:01,65.0,65.0,65.0,2024,4,Monday
2024-04-01,P41_C1_D2,1,23:58,23:58,00:00,00:00,2.0,2.0,2.0,2024,4,Monday
2024-04-02,P30_C35_D64,1,20:56,20:56,22:01,22:01,65.0,65.0,65.0,2024,4,Tuesday
2024-04-02,P41_C1_D2,1,23:58,23:58,00:00,00:00,2.0,2.0,2.0,2024,4,Tuesday
2024-04-03,P30_C35_D64,1,20:56,20:56,22:01,22:01,65.0,65.0,65.0,2024,4,Wednesday
2024-04-03,P41_C1_D2,1,23:58,23:58,00:00,00:00,2.0,2.0,2.0,2024,4,Wednesday
2024-04-04,P30_C35_D64,1,20:56,20:56,22:01,22:01,65.0,65.0,65.0,2024,4,Thursday
2024-04-04,P41_C1_D2,1,23:58,23:58,00:00,00:00,2.0,2.0,2.0,2024,4,Thursday
2024-04-07,P41_C1_D2,1,23:58,23:58,00:00,00:00,2.0,2.0,2.0,2024,4,Sunday
2024-04-08,P30_C35_D64,1,20:56,20:56,22:01,22:01,65.0,65.0,65.0,2024,4,Monday
2024-04-08,P41_C1_D2,1,23:58,23:58,00:00,00:00,2.0,2.0,2.0,2024,4,Monday
2024-04-09,P30_C35_D64,1,20:56,20:56,22:01,22:01,65.0,65.0,65.0,2024,4,Tuesday
2024-04-09,P41_C1_D2,1,23:58,23:58,00:00,00:00,2.0,2.0,2.0,2024,4,Tuesday
2024-04-10,P30_C35_D64,1,20:56,20:56,22:01,22:01,65.0,65.0,65.0,2024,4,Wednesday
2024-04-10,P41_C1_D2,1,23:58,23:58,00:00,00:00,2.0,2.0,2.0,2024,4,Wednesday
2024-04-11,P30_C35_D64,1,20:56,20:56,22:01,22:01,65.0,65.0,65.0,2024,4,Thursday
2024-04-11,P41_C1_D2,1,23:58,23:58,00:00,00:00,2.0,2.0,2.0,2024,4,Thursday
2024-04-14,P41_C1_D2,1,23:58,23:58,00:00,00:00,2.0,2.0,2.0,2024,4,Sunday
2024-04-15,P30_C35_D64,1,20:56,20:56,22:01,22:01,65.0,65.0,65.0,2024,4,Monday
2024-04-15,P41_C1_D2,1,23:58,23:58,00:00,00:00,2.0,2.0,2.0,2024,4,Monday
2024-04-16,P30_C35_D64,1,20:56,20:56,22:01,22:01,65.0,65.0,65.0,2024,4,Tuesday
2024-04-16,P41_C1_D2,1,23:58,23:58,00:00,00:00,2.0,2.0,2.0,2024,4,Tuesday
2024-04-17,P30_C35_D64,1,20:56,20:56,22:01,22:01,65.0,65.0,65.0,2024,4,Wednesday
2024-04-17,P41_C1_D2,1,23:58,23:58,00:00,00:00,2.0,2.0,2.0,2024,4,Wednesday
2024-04-18,P30_C35_D64,1,20:56,20:56,22:01,22:01,65.0,65.0,65.0,2024,4,Thursday
2024-04-18,P41_C1_D2,1,23:58,23:58,00:00,00:00,2.0,2.0,2.0,2024,4,Thursday
2024-04-22,P30_C35_D64,1,20:57,20:57,22:01,22:01,64.0,64.0,64.0,2024,4,Monday
2024-04-23,P30_C35_D64,1,20:57,20:57,22:01,22:01,64.0,64.0,64.0,2024,4,Tuesday
2024-04-24,P30_C35_D64,1,20:57,20:57,22:01,22:01,64.0,64.0,64.0,2024,4,Wednesday
2024-04-25,P30_C35_D64,1,20:57,20:57,22:01,22:01,64.0,64.0,64.0,2024,4,Thursday
2024-04-29,P30_C35_D64,1,20:57,20:57,22:01,22:01,64.0,64.0,64.0,2024,4,Monday
2024-04-30,P30_C35_D64,1,20:57,20:57,22:01,22:01,64.0,64.0,64.0,2024,4,Tuesday
2024-05-01,P30_C35_D64,1,20:57,20:57,22:01,22:01,64.0,64.0,64.0,2024,5,Wednesday
2024-05-02,P30_C35_D64,1,20:57,20:57,22:01,22:01,64.0,64.0,64.0,2024,5,Thursday
2024-05-06,P30_C35_D64,1,20:57,20:57,22:01,22:01,64.0,64.0,64.0,2024,5,Monday
2024-05-07,P30_C35_D64,1,20:57,20:57,22:01,22:01,64.0,64.0,64.0,2024,5,Tuesday
2024-05-08,P30_C35_D64,1,20:57,20:57,22:01,22:01,64.0,64.0,64.0,2024,5,Wednesday
2024-05-09,P30_C35_D64,1,20:57,20:57,22:01,22:01,64.0,64.0,64.0,2024,5,Thursday
2024-05-13,P30_C35_D64,1,20:57,20:57,22:01,22:01,64.0,64.0,64.0,2024,5,Monday
2024-05-14,P30_C35_D64,1,20:57,20:57,22:01,22:01,64.0,64.0,64.0,2024,5,Tuesday
2024-05-15,P30_C35_D64,1,20:57,20:57,22:01,22:01,64.0,64.0,64.0,2024,5,Wednesday
2024-05-16,P30_C35_D64,1,20:57,20:57,22:01,22:01,64.0,64.0,64.0,2024,5,Thursday
2024-05-20,P30_C35_D64,1,20:57,20:57,22:01,22:01,64.0,64.0,64.0,2024,5,Monday
2024-05-21,P30_C35_D64,1,20:57,20:57,22:01,22:01,64.0,64.0,64.0,2024,5,Tuesday
2024-05-22,P30_C35_D64,1,20:57,20:57,22:01,22:01,64.0,64.0,64.0,2024,5,Wednesday
2024-05-23,P30_C35_D64,1,20:57,20:57,22:01,22:01,64.0,64.0,64.0,2024,5,Thursday
2024-05-28,P30_C35_D64,1,20:57,20:57,22:01,22:01,64.0,64.0,64.0,2024,5,Tuesday
2024-05-29,P30_C35_D64,1,20:57,20:57,22:01,22:01,64.0,64.0,64.0,2024,5,Wednesday
2024-05-30,P30_C35_D64,1,20:57,20:57,22:01,22:01,64.0,64.0,64.0,2024,5,Thursday
2024-06-03,P30_C35_D64,1,20:57,20:57,22:01,22:01,64.0,64.0,64.0,2024,6,Monday
2024-06-04,P30_C35_D64,1,20:57,20:57,22:01,22:01,64.0,64.0,64.0,2024,6,Tuesday
2024-06-05,P30_C35_D64,1,20:57,20:57,22:01,22:01,64.0,64.0,64.0,2024,6,Wednesday
2024-06-06,P30_C35_D64,1,20:57,20:57,22:01,22:01,64.0,64.0,64.0,2024,6,Thursday
2024-06-10,P30_C35_D64,1,20:57,20:57,22:01,22:01,64.0,64.0,64.0,2024,6,Monday
2024-06-11,P30_C35_D64,1,20:57,20:57,22:01,22:01,64.0,64.0,64.0,2024,6,Tuesday
2024-06-12,P30_C35_D64,1,20:57,20:57,22:01,22:01,64.0,64.0,64.0,2024,6,Wednesday
2024-06-13,P30_C35_D64,1,20:57,20:57,22:01,22:01,64.0,64.0,64.0,2024,6,Thursday
2024-06-17,P30_C35_D64,1,20:57,20:57,22:01,22:01,64.0,64.0,64.0,2024,6,Monday
2024-06-18,P30_C35_D64,1,20:57,20:57,22:01,22:01,64.0,64.0,64.0,2024,6,Tuesday
2024-06-20,P30_C35_D64,1,20:57,20:57,22:01,22:01,64.0,64.0,64.0,2024,6,Thursday
2024-06-24,P30_C35_D64,1,20:57,20:57,22:01,22:01,64.0,64.0,64.0,2024,6,Monday
2024-06-25,P30_C35_D64,1,20:57,20:57,22:01,22:01,64.0,64.0,64.0,2024,6,Tuesday
2024-06-26,P30_C35_D64,1,20:57,20:57,22:01,22:01,64.0,64.0,64.0,2024,6,Wednesday
2024-06-27,P30_C35_D64,1,20:57,20:57,22:01,22:01,64.0,64.0,64.0,2024,6,Thursday
2024-07-01,P30_C35_D64,1,20:57,20:57,22:01,22:01,64.0,64.0,64.0,2024,7,Monday
2024-07-02,P30_C35_D64,1,20:57,20:57,22:01,22:01,64.0,64.0,64.0,2024,7,Tuesday
2024-07-03,P30_C35_D64,1,20:57,20:57,22:01,22:01,64.0,64.0,64.0,2024,7,Wednesday
2024-07-08,P30_C35_D64,1,20:57,20:57,22:01,22:01,64.0,64.0,64.0,2024,7,Monday
2024-07-09,P30_C35_D64,1,20:57,20:57,22:01,22:01,64.0,64.0,64.0,2024,7,Tuesday
2024-07-10,P30_C35_D64,1,20:57,20:57,22:01,22:01,64.0,64.0,64.0,2024,7,Wednesday
2024-07-11,P30_C35_D64,1,20:57,20:57,22:01,22:01,64.0,64.0,64.0,2024,7,Thursday
2024-07-15,P30_C35_D64,1,20:57,20:57,22:01,22:01,64.0,64.0,64.0,2024,7,Monday
2024-07-16,P30_C35_D64,1,20:57,20:57,22:01,22:01,64.0,64.0,64.0,2024,7,Tuesday
2024-07-17,P30_C35_D64,1,20:57,20:57,22:01,22:01,64.0,64.0,64.0,2024,7,Wednesday
2024-07-18,P30_C35_D64,1,20:57,20:57,22:01,22:01,64.0,64.0,64.0,2024,7,Thursday
2024-07-22,P30_C35_D64,1,20:57,20:57,22:01,22:01,64.0,64.0,64.0,2024,7,Monday
2024-07-23,P30_C35_D64,1,20:57,20:57,22:01,22:01,64.0,64.0,64.0,2024,7,Tuesday
2024-07-24,P30_C35_D64,1,20:57,20:57,22:01,22:01,64.0,64.0,64.0,2024,7,Wednesday
2024-07-25,P30_C35_D64,1,20:57,20:57,22:01,22:01,64.0,64.0,64.0,2024,7,Thursday
2024-07-29,P30_C35_D64,1,20:57,20:57,22:01,22:01,64.0,64.0,64.0,2024,7,Monday
2024-07-30,P30_C35_D64,1,20:57,20:57,22:01,22:01,64.0,64.0,64.0,2024,7,Tuesday
2024-07-31,P30_C35_D64,1,20:57,20:57,22:01,22:01,64.0,64.0,64.0,2024,7,Wednesday
2024-08-01,P30_C35_D64,1,20:57,20:57,22:01,22:01,64.0,64.0,64.0,2024,8,Thursday
2024-08-05,P30_C35_D64,1,20:57,20:57,22:01,22:01,64.0,64.0,64.0,2024,8,Monday
2024-08-06,P30_C35_D64,1,20:57,20:57,22:01,22:01,64.0,64.0,64.0,2024,8,Tuesday
2024-08-07,P30_C35_D64,1,20:57,20:57,22:01,22:01,64.0,64.0,64.0,2024,8,Wednesday
2024-08-08,P30_C35_D64,1,20:57,20:57,22:01,22:01,64.0,64.0,64.0,2024,8,Thursday
2024-08-12,P30_C35_D64,1,20:57,20:57,22:01,22:01,64.0,64.0,64.0,2024,8,Monday
2024-08-13,P30_C35_D64,1,20:57,20:57,22:01,22:01,64.0,64.0,64.0,2024,8,Tuesday
2024-08-14,P30_C35_D64,1,20:57,20:57,22:01,22:01,64.0,64.0,64.0,2024,8,Wednesday
2024-08-15,P30_C35_D64,1,20:57,20:57,22:01,22:01,64.0,64.0,64.0,2024,8,Thursday
2024-08-19,P30_C35_D64,1,20:57,20:57,22:01,22:01,64.0,64.0,64.0,2024,8,Monday
2024-08-20,P30_C35_D64,1,20:57,20:57,22:01,22:01,64.0,64.0,64.0,2024,8,Tuesday
2024-08-21,P30_C35_D64,1,20:57,20:57,22:01,22:01,64.0,64.0,64.0,2024,8,Wednesday
2024-08-22,P30_C35_D64,1,20:57,20:57,22:01,22:01,64.0,64.0,64.0,2024,8,Thursday
2024-08-26,P30_C35_D64,1,20:57,20:57,22:01,22:01,64.0,64.0,64.0,2024,8,Monday
2024-08-27,P30_C35_D64,1,20:57,20:57,22:01,22:01,64.0,64.0,64.0,2024,8,Tuesday
2024-08-28,P30_C35_D64,1,20:57,20:57,22:01,22:01,64.0,64.0,64.0,2024,8,Wednesday
2024-08-29,P30_C35_D64,1,20:57,20:57,22:01,22:01,64.0,64.0,64.0,2024,8,Thursday
2024-09-03,P30_C35_D64,1,20:57,20:57,22:01,22:01,64.0,64.0,64.0,2024,9,Tuesday
2024-09-04,P30_C35_D64,1,20:57,20:57,22:01,22:01,64.0,64.0,64.0,2024,9,Wednesday
2024-09-05,P30_C35_D64,1,20:57,20:57,22:01,22:01,64.0,64.0,64.0,2024,9,Thursday
2024-09-09,P30_C35_D64,1,20:57,20:57,22:01,22:01,64.0,64.0,64.0,2024,9,Monday
2024-09-10,P30_C35_D64,1,20:57,20:57,22:01,22:01,64.0,64.0,64.0,2024,9,Tuesday
2024-09-11,P30_C35_D64,1,20:57,20:57,22:01,22:01,64.0,64.0,64.0,2024,9,Wednesday
2024-09-12,P30_C35_D64,1,20:57,20:57,22:01,22:01,64.0,64.0,64.0,2024,9,Thursday
2024-09-16,P30_C35_D64,1,20:57,20:57,22:01,22:01,64.0,64.0,64.0,2024,9,Monday
2024-09-17,P30_C35_D64,1,20:57,20:57,22:01,22:01,64.0,64.0,64.0,2024,9,Tuesday
2024-09-18,P30_C35_D64,1,20:57,20:57,22:01,22:01,64.0,64.0,64.0,2024,9,Wednesday
2024-09-19,P30_C35_D64,1,20:57,20:57,22:01,22:01,64.0,64.0,64.0,2024,9,Thursday
2024-09-23,P30_C35_D64,1,20:57,20:57,22:01,22:01,64.0,64.0,64.0,2024,9,Monday
2024-09-24,P30_C35_D64,1,20:57,20:57,22:01,22:01,64.0,64.0,64.0,2024,9,Tuesday
2024-09-25,P30_C35_D64,1,20:57,20:57,22:01,22:01,64.0,64.0,64.0,2024,9,Wednesday
2024-09-26,P30_C35_D64,1,20:57,20:57,22:01,22:01,64.0,64.0,64.0,2024,9,Thursday
2024-09-30,P30_C35_D64,1,20:57,20:57,22:01,22:01,64.0,64.0,64.0,2024,9,Monday
2024-10-01,P30_C35_D64,1,20:57,20:57,22:01,22:01,64.0,64.0,64.0,2024,10,Tuesday
2024-10-02,P30_C35_D64,1,20:57,20:57,22:01,22:01,64.0,64.0,64.0,2024,10,Wednesday
2024-10-03,P30_C35_D64,1,20:57,20:57,22:01,22:01,64.0,64.0,64.0,2024,10,Thursday
2024-10-07,P30_C35_D64,1,20:57,20:57,22:01,22:01,64.0,64.0,64.0,2024,10,Monday
2024-10-08,P30_C35_D64,1,20:57,20:57,22:01,22:01,64.0,64.0,64.0,2024,10,Tuesday
2024-10-09,P30_C35_D64,1,20:57,20:57,22:01,22:01,64.0,64.0,64.0,2024,10,Wednesday
2024-10-10,P30_C35_D64,1,20:57,20:57,22:01,22:01,64.0,64.0,64.0,2024,10,Thursday
2024-10-14,P30_C35_D64,1,20:57,20:57,22:01,22:01,64.0,64.0,64.0,2024,10,Monday
2024-10-15,P30_C35_D64,1,20:57,20:57,22:01,22:01,64.0,64.0,64.0,2024,10,Tuesday
2024-10-16,P30_C35_D64,1,20:57,20:57,22:01,22:01,64.0,64.0,64.0,2024,10,Wednesday
2024-10-17,P30_C35_D64,1,20:57,20:57,22:01,22:01,64.0,64.0,64.0,2024,10,Thursday
2024-10-21,P30_C35_D64,1,20:57,20:57,22:01,22:01,64.0,64.0,64.0,2024,10,Monday
2024-10-22,P30_C35_D64,1,20:57,20:57,22:01,22:01,64.0,64.0,64.0,2024,10,Tuesday
2024-10-23,P30_C35_D64,1,20:57,20:57,22:01,22:01,64.0,64.0,64.0,2024,10,Wednesday
2024-10-24,P30_C35_D64,1,20:57,20:57,22:01,22:01,64.0,64.0,64.0,2024,10,Thursday
2024-10-28,P30_C35_D64,1,20:57,20:57,22:01,22:01,64.0,64.0,64.0,2024,10,Monday
2024-10-29,P30_C35_D64,1,20:57,20:57,22:01,22:01,64.0,64.0,64.0,2024,10,Tuesday
2024-10-30,P30_C35_D64,1,20:57,20:57,22:01,22:01,64.0,64.0,64.0,2024,10,Wednesday
2024-10-31,P30_C35_D64,1,20:57,20:57,22:01,22:01,64.0,64.0,64.0,2024,10,Thursday
2024-11-04,P33_C39_D64,1,21:57,21:57,23:01,23:01,64.0,64.0,64.0,2024,11,Monday
2024-11-05,P33_C39_D64,1,21:57,21:57,23:01,23:01,64.0,64.0,64.0,2024,11,Tuesday
2024-11-06,P33_C39_D64,1,21:57,21:57,23:01,23:01,64.0,64.0,64.0,2024,11,Wednesday
2024-11-07,P33_C39_D64,1,21:57,21:57,23:01,23:01,64.0,64.0,64.0,2024,11,Thursday
2024-11-11,P33_C39_D64,1,21:57,21:57,23:01,23:01,64.0,64.0,64.0,2024,11,Monday
2024-11-12,P33_C39_D64,1,21:57,21:57,23:01,23:01,64.0,64.0,64.0,2024,11,Tuesday
2024-11-13,P33_C39_D64,1,21:57,21:57,23:01,23:01,64.0,64.0,64.0,2024,11,Wednesday
2024-11-14,P33_C39_D64,1,21:57,21:57,23:01,23:01,64.0,64.0,64.0,2024,11,Thursday
2024-11-18,P33_C39_D64,1,21:57,21:57,23:01,23:01,64.0,64.0,64.0,2024,11,Monday
2024-11-19,P33_C39_D64,1,21:57,21:57,23:01,23:01,64.0,64.0,64.0,2024,11,Tuesday
2024-11-20,P33_C39_D64,1,21:57,21:57,23:01,23:01,64.0,64.0,64.0,2024,11,Wednesday
2024-11-21,P33_C39_D64,1,21:57,21:57,23:01,23:01,64.0,64.0,64.0,2024,11,Thursday
2024-11-25,P33_C39_D64,1,21:57,21:57,23:01,23:01,64.0,64.0,64.0,2024,11,Monday
2024-11-26,P33_C39_D64,1,21:57,21:57,23:01,23:01,64.0,64.0,64.0,2024,11,Tuesday
2024-11-27,P33_C39_D64,1,21:57,21:57,23:01,23:01,64.0,64.0,64.0,2024,11,Wednesday
2024-12-02,P33_C39_D64,1,21:57,21:57,23:01,23:01,64.0,64.0,64.0,2024,12,Monday
2024-12-03,P33_C39_D64,1,21:57,21:57,23:01,23:01,64.0,64.0,64.0,2024,12,Tuesday
2024-12-04,P33_C39_D64,1,21:57,21:57,23:01,23:01,64.0,64.0,64.0,2024,12,Wednesday
2024-12-05,P33_C39_D64,1,21:57,21:57,23:01,23:01,64.0,64.0,64.0,2024,12,Thursday
2024-12-09,P33_C39_D64,1,21:57,21:57,23:01,23:01,64.0,64.0,64.0,2024,12,Monday
2024-12-10,P33_C39_D64,1,21:57,21:57,23:01,23:01,64.0,64.0,64.0,2024,12,Tuesday
2024-12-11,P33_C39_D64,1,21:57,21:57,23:01,23:01,64.0,64.0,64.0,2024,12,Wednesday
2024-12-12,P33_C39_D64,1,21:57,21:57,23:01,23:01,64.0,64.0,64.0,2024,12,Thursday
2024-12-16,P33_C39_D64,1,21:57,21:57,23:01,23:01,64.0,64.0,64.0,2024,12,Monday
2024-12-17,P33_C39_D64,1,21:57,21:57,23:01,23:01,64.0,64.0,64.0,2024,12,Tuesday
2024-12-18,P33_C39_D64,1,21:57,21:57,23:01,23:01,64.0,64.0,64.0,2024,12,Wednesday
2024-12-19,P33_C39_D64,1,21:57,21:57,23:01,23:01,64.0,64.0,64.0,2024,12,Thursday
2024-12-23,P33_C39_D64,1,21:57,21:57,23:01,23:01,64.0,64.0,64.0,2024,12,Monday
2024-12-26,P33_C39_D64,1,21:57,21:57,23:01,23:01,64.0,64.0,64.0,2024,12,Thursday
2024-12-30,P33_C39_D64,1,21:57,21:57,23:01,23:01,64.0,64.0,64.0,2024,12,Monday
2025-01-02,P33_C39_D64,1,21:57,21:57,23:01,23:01,64.0,64.0,64.0,2025,1,Thursday
2025-01-07,P33_C39_D64,1,21:57,21:57,23:01,23:01,64.0,64.0,64.0,2025,1,Tuesday
2025-01-09,P33_C39_D64,1,21:57,21:57,23:01,23:01,64.0,64.0,64.0,2025,1,Thursday
2025-01-13,P33_C39_D64,1,21:57,21:57,23:01,23:01,64.0,64.0,64.0,2025,1,Monday
2025-01-14,P33_C39_D64,1,21:57,21:57,23:01,23:01,64.0,64.0,64.0,2025,1,Tuesday
2025-01-15,P33_C39_D64,1,21:57,21:57,23:01,23:01,64.0,64.0,64.0,2025,1,Wednesday
2025-01-16,P33_C39_D64,1,21:57,21:57,23:01,23:01,64.0,64.0,64.0,2025,1,Thursday
2025-01-21,P33_C39_D64,1,21:57,21:57,23:02,23:02,65.0,65.0,65.0,2025,1,Tuesday
2025-01-23,P33_C39_D64,1,21:57,21:57,23:01,23:01,64.0,64.0,64.0,2025,1,Thursday
2025-01-27,P33_C39_D64,1,21:57,21:57,23:01,23:01,64.0,64.0,64.0,2025,1,Monday
2025-01-28,P33_C39_D64,1,21:57,21:57,23:01,23:01,64.0,64.0,64.0,2025,1,Tuesday
2025-01-29,P33_C39_D64,1,21:57,21:57,23:01,23:01,64.0,64.0,64.0,2025,1,Wednesday
2025-02-04,P33_C39_D64,1,21:57,21:57,23:01,23:01,64.0,64.0,64.0,2025,2,Tuesday
2025-02-05,P33_C39_D64,1,21:57,21:57,23:02,23:02,65.0,65.0,65.0,2025,2,Wednesday
2025-02-06,P33_C39_D64,1,21:57,21:57,23:01,23:01,64.0,64.0,64.0,2025,2,Thursday
2025-02-10,P33_C39_D64,1,21:57,21:57,23:01,23:01,64.0,64.0,64.0,2025,2,Monday
2025-02-11,P33_C39_D64,1,21:57,21:57,23:01,23:01,64.0,64.0,64.0,2025,2,Tuesday
2025-02-12,P33_C39_D64,1,21:57,21:57,23:01,23:01,64.0,64.0,64.0,2025,2,Wednesday
2025-02-13,P33_C39_D64,1,21:57,21:57,23:01,23:01,64.0,64.0,64.0,2025,2,Thursday
2025-02-19,P33_C39_D64,1,21:57,21:57,23:01,23:01,64.0,64.0,64.0,2025,2,Wednesday
2025-02-20,P33_C39_D64,1,21:57,21:57,23:02,23:02,65.0,65.0,65.0,2025,2,Thursday
2025-02-24,P33_C39_D64,1,21:57,21:57,23:01,23:01,64.0,64.0,64.0,2025,2,Monday
2025-02-25,P33_C39_D64,1,21:57,21:57,23:01,23:01,64.0,64.0,64.0,2025,2,Tuesday
2025-02-26,P33_C39_D64,1,21:57,21:57,23:01,23:01,64.0,64.0,64.0,2025,2,Wednesday
2025-02-27,P33_C39_D64,1,21:57,21:57,23:01,23:01,64.0,64.0,64.0,2025,2,Thursday
2025-03-03,P33_C39_D64,1,21:57,21:57,23:01,23:01,64.0,64.0,64.0,2025,3,Monday
2025-03-04,P33_C39_D64,1,21:57,21:57,23:01,23:01,64.0,64.0,64.0,2025,3,Tuesday
2025-03-05,P33_C39_D64,1,21:57,21:57,23:01,23:01,64.0,64.0,64.0,2025,3,Wednesday
2025-03-06,P33_C39_D64,1,21:57,21:57,23:01,23:01,64.0,64.0,64.0,2025,3,Thursday
2025-03-10,P30_C35_D64,1,20:57,20:57,22:01,22:01,64.0,64.0,64.0,2025,3,Monday
2025-03-11,P30_C35_D64,1,20:57,20:57,22:01,22:01,64.0,64.0,64.0,2025,3,Tuesday
2025-03-12,P30_C35_D64,1,20:57,20:57,22:01,22:01,64.0,64.0,64.0,2025,3,Wednesday
2025-03-13,P30_C35_D64,1,20:57,20:57,22:01,22:01,64.0,64.0,64.0,2025,3,Thursday
2025-03-17,P30_C35_D64,1,20:57,20:57,22:01,22:01,64.0,64.0,64.0,2025,3,Monday
2025-03-18,P30_C35_D64,1,20:57,20:57,22:01,22:01,64.0,64.0,64.0,2025,3,Tuesday
2025-03-19,P30_C35_D64,1,20:57,20:57,22:01,22:01,64.0,64.0,64.0,2025,3,Wednesday
2025-03-20,P30_C35_D64,1,20:57,20:57,22:01,22:01,64.0,64.0,64.0,2025,3,Thursday
2025-03-24,P30_C35_D64,1,20:57,20:57,22:01,22:01,64.0,64.0,64.0,2025,3,Monday
2025-03-25,P30_C35_D64,1,20:57,20:57,22:01,22:01,64.0,64.0,64.0,2025,3,Tuesday
2025-03-26,P30_C35_D64,1,20:57,20:57,22:01,22:01,64.0,64.0,64.0,2025,3,Wednesday
2025-03-27,P30_C35_D64,1,20:57,20:57,22:01,22:01,64.0,64.0,64.0,2025,3,Thursday
2025-03-31,P30_C35_D64,1,20:57,20:57,22:01,22:01,64.0,64.0,64.0,2025,3,Monday
2025-04-01,P30_C35_D64,1,20:57,20:57,22:01,22:01,64.0,64.0,64.0,2025,4,Tuesday
2025-04-03,P30_C35_D64,1,20:57,20:57,22:01,22:01,64.0,64.0,64.0,2025,4,Thursday
2025-04-07,P30_C35_D64,1,20:57,20:57,22:01,22:01,64.0,64.0,64.0,2025,4,Monday
2025-04-08,P30_C35_D64,1,20:57,20:57,22:01,22:01,64.0,64.0,64.0,2025,4,Tuesday
2025-04-09,P30_C35_D64,1,20:57,20:57,22:01,22:01,64.0,64.0,64.0,2025,4,Wednesday
2025-04-10,P30_C35_D64,1,20:57,20:57,22:01,22:01,64.0,64.0,64.0,2025,4,Thursday
2025-04-14,P30_C35_D64,1,20:57,20:57,22:01,22:01,64.0,64.0,64.0,2025,4,Monday
2025-04-15,P30_C35_D64,1,20:57,20:57,22:01,22:01,64.0,64.0,64.0,2025,4,Tuesday
2025-04-16,P30_C35_D64,1,20:57,20:57,22:01,22:01,64.0,64.0,64.0,2025,4,Wednesday
2025-04-21,P30_C35_D64,1,20:57,20:57,22:01,22:01,64.0,64.0,64.0,2025,4,Monday
2025-04-22,P30_C35_D64,1,20:57,20:57,22:02,22:02,65.0,65.0,65.0,2025,4,Tuesday
2025-04-23,P30_C35_D64,1,20:57,20:57,22:01,22:01,64.0,64.0,64.0,2025,4,Wednesday
2025-04-28,P30_C35_D64,1,20:57,20:57,22:01,22:01,64.0,64.0,64.0,2025,4,Monday
2025-04-29,P30_C35_D64,1,20:57,20:57,22:01,22:01,64.0,64.0,64.0,2025,4,Tuesday
2025-05-01,P30_C35_D64,1,20:57,20:57,22:01,22:01,64.0,64.0,64.0,2025,5,Thursday
2025-05-05,P30_C35_D64,1,20:57,20:57,22:01,22:01,64.0,64.0,64.0,2025,5,Monday
2025-05-07,P30_C35_D64,1,20:57,20:57,22:01,22:01,64.0,64.0,64.0,2025,5,Wednesday
2025-05-08,P30_C35_D64,1,20:57,20:57,22:01,22:01,64.0,64.0,64.0,2025,5,Thursday
2025-05-12,P30_C35_D64,1,20:57,20:57,22:01,22:01,64.0,64.0,64.0,2025,5,Monday
2025-05-13,P30_C35_D64,1,20:57,20:57,22:01,22:01,64.0,64.0,64.0,2025,5,Tuesday
2025-05-14,P30_C35_D64,1,20:57,20:57,22:02,22:02,65.0,65.0,65.0,2025,5,Wednesday
2025-05-15,P30_C35_D64,1,20:57,20:57,22:01,22:01,64.0,64.0,64.0,2025,5,Thursday
2025-05-19,P30_C35_D64,1,20:57,20:57,22:01,22:01,64.0,64.0,64.0,2025,5,Monday
2025-05-20,P30_C35_D64,1,20:57,20:57,22:01,22:01,64.0,64.0,64.0,2025,5,Tuesday
2025-05-21,P30_C35_D64,1,20:57,20:57,22:01,22:01,64.0,64.0,64.0,2025,5,Wednesday
2025-05-22,P30_C35_D64,1,20:57,20:57,22:01,22:01,64.0,64.0,64.0,2025,5,Thursday
2025-05-27,P30_C35_D64,1,20:57,20:57,22:01,22:01,64.0,64.0,64.0,2025,5,Tuesday
2025-05-28,P30_C35_D64,1,20:57,20:57,22:01,22:01,64.0,64.0,64.0,2025,5,Wednesday
2025-05-29,P30_C35_D64,1,20:57,20:57,22:01,22:01,64.0,64.0,64.0,2025,5,Thursday
2025-06-02,P30_C35_D64,1,20:57,20:57,22:01,22:01,64.0,64.0,64.0,2025,6,Monday
2025-06-03,P30_C35_D64,1,20:57,20:57,22:01,22:01,64.0,64.0,64.0,2025,6,Tuesday
2025-06-04,P30_C35_D64,1,20:57,20:57,22:01,22:01,64.0,64.0,64.0,2025,6,Wednesday
2025-06-05,P30_C35_D64,1,20:57,20:57,22:01,22:01,64.0,64.0,64.0,2025,6,Thursday
2025-06-09,P30_C35_D64,1,20:57,20:57,22:02,22:02,65.0,65.0,65.0,2025,6,Monday
2025-06-10,P30_C35_D64,1,20:57,20:57,22:02,22:02,65.0,65.0,65.0,2025,6,Tuesday
2025-06-11,P30_C35_D64,1,20:57,20:57,22:02,22:02,65.0,65.0,65.0,2025,6,Wednesday
2025-06-12,P30_C35_D64,1,20:57,20:57,22:02,22:02,65.0,65.0,65.0,2025,6,Thursday
2025-06-16,P30_C35_D64,1,20:57,20:57,22:02,22:02,65.0,65.0,65.0,2025,6,Monday
2025-06-17,P30_C35_D64,1,20:57,20:57,22:02,22:02,65.0,65.0,65.0,2025,6,Tuesday
2025-06-18,P30_C35_D64,1,20:57,20:57,22:02,22:02,65.0,65.0,65.0,2025,6,Wednesday
2025-06-23,P30_C35_D64,1,20:57,20:57,22:02,22:02,65.0,65.0,65.0,2025,6,Monday
2025-06-24,P30_C35_D64,1,20:57,20:57,22:02,22:02,65.0,65.0,65.0,2025,6,Tuesday
2025-06-25,P30_C35_D64,1,20:57,20:57,22:02,22:02,65.0,65.0,65.0,2025,6,Wednesday
2025-06-26,P30_C35_D64,1,20:57,20:57,22:02,22:02,65.0,65.0,65.0,2025,6,Thursday
2025-06-30,P30_C35_D64,1,20:57,20:57,22:02,22:02,65.0,65.0,65.0,2025,6,Monday
2025-07-01,P30_C35_D64,1,20:57,20:57,22:02,22:02,65.0,65.0,65.0,2025,7,Tuesday
2025-07-02,P30_C35_D64,1,20:57,20:57,22:02,22:02,65.0,65.0,65.0,2025,7,Wednesday
2025-07-03,P30_C35_D64,1,20:57,20:57,22:02,22:02,65.0,65.0,65.0,2025,7,Thursday
2025-07-07,P30_C35_D64,1,20:57,20:57,22:02,22:02,65.0,65.0,65.0,2025,7,Monday
2025-07-08,P30_C35_D64,1,20:57,20:57,22:02,22:02,65.0,65.0,65.0,2025,7,Tuesday
2025-07-09,P30_C35_D64,1,20:57,20:57,22:02,22:02,65.0,65.0,65.0,2025,7,Wednesday
2025-07-10,P30_C35_D64,1,20:57,20:57,22:02,22:02,65.0,65.0,65.0,2025,7,Thursday
2025-07-14,P30_C35_D64,1,20:57,20:57,22:02,22:02,65.0,65.0,65.0,2025,7,Monday
2025-07-15,P30_C35_D64,1,20:57,20:57,22:02,22:02,65.0,65.0,65.0,2025,7,Tuesday
2025-07-16,P30_C35_D64,1,20:57,20:57,22:02,22:02,65.0,65.0,65.0,2025,7,Wednesday
2025-07-17,P30_C35_D64,1,20:57,20:57,22:02,22:02,65.0,65.0,65.0,2025,7,Thursday
2025-07-21,P30_C35_D64,1,20:57,20:57,22:02,22:02,65.0,65.0,65.0,2025,7,Monday
2025-07-22,P30_C35_D64,1,20:57,20:57,22:02,22:02,65.0,65.0,65.0,2025,7,Tuesday
2025-07-23,P30_C35_D64,1,20:57,20:57,22:02,22:02,65.0,65.0,65.0,2025,7,Wednesday
2025-07-24,P30_C35_D64,1,20:57,20:57,22:02,22:02,65.0,65.0,65.0,2025,7,Thursday
2025-07-28,P30_C35_D64,1,20:57,20:57,22:02,22:02,65.0,65.0,65.0,2025,7,Monday
2025-07-29,P30_C35_D64,1,20:57,20:57,22:02,22:02,65.0,65.0,65.0,2025,7,Tuesday
2025-07-30,P30_C35_D64,1,20:57,20:57,22:02,22:02,65.0,65.0,65.0,2025,7,Wednesday
2025-07-31,P30_C35_D64,1,20:57,20:57,22:02,22:02,65.0,65.0,65.0,2025,7,Thursday
2025-08-04,P30_C35_D64,1,20:57,20:57,22:02,22:02,65.0,65.0,65.0,2025,8,Monday
2025-08-05,P30_C35_D64,1,20:57,20:57,22:02,22:02,65.0,65.0,65.0,2025,8,Tuesday
2025-08-06,P30_C35_D64,1,20:57,20:57,22:02,22:02,65.0,65.0,65.0,2025,8,Wednesday
2025-08-07,P30_C35_D64,1,20:57,20:57,22:02,22:02,65.0,65.0,65.0,2025,8,Thursday
2025-08-11,P30_C35_D64,1,20:57,20:57,22:02,22:02,65.0,65.0,65.0,2025,8,Monday
2025-08-12,P30_C35_D64,1,20:57,20:57,22:02,22:02,65.0,65.0,65.0,2025,8,Tuesday
2025-08-13,P30_C35_D64,1,20:57,20:57,22:02,22:02,65.0,65.0,65.0,2025,8,Wednesday
2025-08-14,P30_C35_D64,1,20:57,20:57,22:02,22:02,65.0,65.0,65.0,2025,8,Thursday
2025-08-18,P30_C35_D64,1,20:57,20:57,22:02,22:02,65.0,65.0,65.0,2025,8,Monday
2025-08-19,P30_C35_D64,1,20:57,20:57,22:02,22:02,65.0,65.0,65.0,2025,8,Tuesday
2025-08-20,P30_C35_D64,1,20:57,20:57,22:02,22:02,65.0,65.0,65.0,2025,8,Wednesday
2025-08-21,P30_C35_D64,1,20:57,20:57,22:02,22:02,65.0,65.0,65.0,2025,8,Thursday
2025-08-25,P30_C35_D64,1,20:57,20:57,22:02,22:02,65.0,65.0,65.0,2025,8,Monday
2025-08-26,P30_C35_D64,1,20:57,20:57,22:02,22:02,65.0,65.0,65.0,2025,8,Tuesday
2025-08-27,P30_C35_D64,1,20:57,20:57,22:02,22:02,65.0,65.0,65.0,2025,8,Wednesday
2025-08-28,P30_C35_D64,1,20:57,20:57,22:02,22:02,65.0,65.0,65.0,2025,8,Thursday
2025-09-02,P30_C35_D64,1,20:57,20:57,22:02,22:02,65.0,65.0,65.0,2025,9,Tuesday
2025-09-03,P30_C35_D64,1,20:57,20:57,22:02,22:02,65.0,65.0,65.0,2025,9,Wednesday
2025-09-04,P30_C35_D64,1,20:57,20:57,22:02,22:02,65.0,65.0,65.0,2025,9,Thursday
2025-09-08,P30_C35_D64,1,20:57,20:57,22:02,22:02,65.0,65.0,65.0,2025,9,Monday
2025-09-09,P30_C35_D64,1,20:57,20:57,22:02,22:02,65.0,65.0,65.0,2025,9,Tuesday
2025-09-10,P30_C35_D64,1,20:57,20:57,22:02,22:02,65.0,65.0,65.0,2025,9,Wednesday
2025-09-11,P30_C35_D64,1,20:57,20:57,22:02,22:02,65.0,65.0,65.0,2025,9,Thursday
2025-09-15,P30_C35_D64,1,20:57,20:57,22:02,22:02,65.0,65.0,65.0,2025,9,Monday
2025-09-16,P30_C35_D64,1,20:57,20:57,22:02,22:02,65.0,65.0,65.0,2025,9,Tuesday
2025-09-17,P30_C35_D64,1,20:57,20:57,22:02,22:02,65.0,65.0,65.0,2025,9,Wednesday
2025-09-18,P30_C35_D64,1,20:57,20:57,22:02,22:02,65.0,65.0,65.0,2025,9,Thursday
2025-09-22,P30_C35_D64,1,20:57,20:57,22:02,22:02,65.0,65.0,65.0,2025,9,Monday
2025-09-23,P30_C35_D64,1,20:57,20:57,22:02,22:02,65.0,65.0,65.0,2025,9,Tuesday
2025-09-24,P30_C35_D64,1,20:57,20:57,22:02,22:02,65.0,65.0,65.0,2025,9,Wednesday
2025-09-25,P30_C35_D64,1,20:57,20:57,22:02,22:02,65.0,65.0,65.0,2025,9,Thursday
2025-09-29,P30_C35_D64,1,20:57,20:57,22:02,22:02,65.0,65.0,65.0,2025,9,Monday
2025-09-30,P30_C35_D64,1,20:57,20:57,22:02,22:02,65.0,65.0,65.0,2025,9,Tuesday
2025-10-01,P30_C35_D64,1,20:57,20:57,22:02,22:02,65.0,65.0,65.0,2025,10,Wednesday
2025-10-02,P30_C35_D64,1,20:57,20:57,22:02,22:02,65.0,65.0,65.0,2025,10,Thursday
2025-10-06,P30_C35_D64,1,20:57,20:57,22:02,22:02,65.0,65.0,65.0,2025,10,Monday
2025-10-07,P30_C35_D64,1,20:57,20:57,22:02,22:02,65.0,65.0,65.0,2025,10,Tuesday
2025-10-08,P30_C35_D64,1,20:57,20:57,22:02,22:02,65.0,65.0,65.0,2025,10,Wednesday
2025-10-09,P30_C35_D64,1,20:57,20:57,22:02,22:02,65.0,65.0,65.0,2025,10,Thursday
2025-10-13,P30_C35_D64,1,20:57,20:57,22:02,22:02,65.0,65.0,65.0,2025,10,Monday
2025-10-14,P30_C35_D64,1,20:57,20:57,22:02,22:02,65.0,65.0,65.0,2025,10,Tuesday
2025-10-15,P30_C35_D64,1,20:57,20:57,22:02,22:02,65.0,65.0,65.0,2025,10,Wednesday
2025-10-16,P30_C35_D64,1,20:57,20:57,22:02,22:02,65.0,65.0,65.0,2025,10,Thursday
2025-10-20,P30_C35_D64,1,20:57,20:57,22:02,22:02,65.0,65.0,65.0,2025,10,Monday
2025-10-21,P30_C35_D64,1,20:57,20:57,22:02,22:02,65.0,65.0,65.0,2025,10,Tuesday
2025-10-22,P30_C35_D64,1,20:57,20:57,22:02,22:02,65.0,65.0,65.0,2025,10,Wednesday
2025-10-23,P30_C35_D64,1,20:57,20:57,22:02,22:02,65.0,65.0,65.0,2025,10,Thursday
2025-10-27,P30_C35_D64,1,20:57,20:57,22:02,22:02,65.0,65.0,65.0,2025,10,Monday
2025-10-28,P30_C35_D64,1,20:57,20:57,22:02,22:02,65.0,65.0,65.0,2025,10,Tuesday
2025-10-29,P30_C35_D64,1,20:57,20:57,22:02,22:02,65.0,65.0,65.0,2025,10,Wednesday
2025-10-30,P30_C35_D64,1,20:57,20:57,22:02,22:02,65.0,65.0,65.0,2025,10,Thursday
2025-11-03,P33_C39_D64,1,21:57,21:57,23:00,23:00,63.0,63.0,63.0,2025,11,Monday
2025-11-04,P33_C39_D64,1,21:57,21:57,23:00,23:00,63.0,63.0,63.0,2025,11,Tuesday
2025-11-05,P33_C39_D64,1,21:57,21:57,23:00,23:00,63.0,63.0,63.0,2025,11,Wednesday
2025-11-06,P33_C39_D64,1,21:57,21:57,23:00,23:00,63.0,63.0,63.0,2025,11,Thursday
2025-11-10,P33_C39_D64,1,21:57,21:57,23:00,23:00,63.0,63.0,63.0,2025,11,Monday
2025-11-11,P33_C39_D64,1,21:57,21:57,23:00,23:00,63.0,63.0,63.0,2025,11,Tuesday
2025-11-12,P33_C39_D64,1,21:57,21:57,23:00,23:00,63.0,63.0,63.0,2025,11,Wednesday
2025-11-13,P33_C39_D64,1,21:57,21:57,23:00,23:00,63.0,63.0,63.0,2025,11,Thursday
2025-11-17,P33_C39_D64,1,21:57,21:57,23:00,23:00,63.0,63.0,63.0,2025,11,Monday
2025-11-18,P33_C39_D64,1,21:57,21:57,23:00,23:00,63.0,63.0,63.0,2025,11,Tuesday
2025-11-19,P33_C39_D64,1,21:57,21:57,23:00,23:00,63.0,63.0,63.0,2025,11,Wednesday
2025-11-20,P33_C39_D64,1,21:57,21:57,23:00,23:00,63.0,63.0,63.0,2025,11,Thursday
2025-11-24,P33_C39_D64,1,21:57,21:57,23:00,23:00,63.0,63.0,63.0,2025,11,Monday
2025-11-25,P33_C39_D64,1,21:57,21:57,23:00,23:00,63.0,63.0,63.0,2025,11,Tuesday
2025-11-26,P33_C39_D64,1,21:57,21:57,23:00,23:00,63.0,63.0,63.0,2025,11,Wednesday
2025-12-01,P33_C39_D64,1,21:57,21:57,23:00,23:00,63.0,63.0,63.0,2025,12,Monday
2025-12-02,P33_C39_D64,1,21:57,21:57,23:00,23:00,63.0,63.0,63.0,2025,12,Tuesday
2025-12-03,P33_C39_D64,1,21:57,21:57,23:00,23:00,63.0,63.0,63.0,2025,12,Wednesday
2025-12-04,P33_C39_D64,1,21:57,21:57,23:00,23:00,63.0,63.0,63.0,2025,12,Thursday
2025-12-08,P33_C39_D64,1,21:57,21:57,23:00,23:00,63.0,63.0,63.0,2025,12,Monday
2025-12-09,P33_C39_D64,1,21:57,21:57,23:00,23:00,63.0,63.0,63.0,2025,12,Tuesday
2025-12-10,P33_C39_D64,1,21:57,21:57,23:00,23:00,63.0,63.0,63.0,2025,12,Wednesday
2025-12-15,P33_C39_D64,1,21:57,21:57,23:00,23:00,63.0,63.0,63.0,2025,12,Monday
2025-12-16,P33_C39_D64,1,21:57,21:57,23:00,23:00,63.0,63.0,63.0,2025,12,Tuesday
2025-12-17,P33_C39_D64,1,21:57,21:57,23:00,23:00,63.0,63.0,63.0,2025,12,Wednesday
2025-12-18,P33_C39_D64,1,21:57,21:57,23:02,23:02,65.0,65.0,65.0,2025,12,Thursday
2025-12-22,P33_C39_D64,1,21:57,21:57,23:00,23:00,63.0,63.0,63.0,2025,12,Monday
2025-12-23,P33_C39_D64,1,21:57,21:57,23:01,23:01,64.0,64.0,64.0,2025,12,Tuesday
2025-12-29,P33_C39_D64,1,21:57,21:57,23:02,23:02,65.0,65.0,65.0,2025,12,Monday
2025-12-30,P33_C39_D64,1,21:57,21:57,23:00,23:00,63.0,63.0,63.0,2025,12,Tuesday
2026-01-06,P33_C39_D64,1,21:57,21:57,23:01,23:01,64.0,64.0,64.0,2026,1,Tuesday
2026-01-07,P33_C39_D64,1,21:57,21:57,23:01,23:01,64.0,64.0,64.0,2026,1,Wednesday
2026-01-08,P33_C39_D64,1,21:57,21:57,23:01,23:01,64.0,64.0,64.0,2026,1,Thursday
2026-01-12,P33_C39_D64,1,21:57,21:57,23:01,23:01,64.0,64.0,64.0,2026,1,Monday
2026-01-13,P33_C39_D64,1,21:57,21:57,23:01,23:01,64.0,64.0,64.0,2026,1,Tuesday
2026-01-15,P33_C39_D64,1,21:57,21:57,23:01,23:01,64.0,64.0,64.0,2026,1,Thursday
2026-01-20,P33_C39_D64,1,21:57,21:57,23:00,23:00,63.0,63.0,63.0,2026,1,Tuesday
2026-01-21,P33_C39_D64,1,21:57,21:57,23:01,23:01,64.0,64.0,64.0,2026,1,Wednesday
2026-01-22,P33_C39_D64,1,21:57,21:57,23:00,23:00,63.0,63.0,63.0,2026,1,Thursday
2026-01-26,P33_C39_D64,1,21:57,21:57,23:01,23:01,64.0,64.0,64.0,2026,1,Monday
2026-01-28,P33_C39_D64,1,21:57,21:57,23:01,23:01,64.0,64.0,64.0,2026,1,Wednesday
2026-01-29,P33_C39_D64,1,21:57,21:57,23:01,23:01,64.0,64.0,64.0,2026,1,Thursday
2026-02-02,P33_C39_D64,1,21:57,21:57,23:01,23:01,64.0,64.0,64.0,2026,2,Monday
2026-02-03,P33_C39_D64,1,21:57,21:57,23:01,23:01,64.0,64.0,64.0,2026,2,Tuesday
2026-02-04,P33_C39_D64,1,21:57,21:57,23:01,23:01,64.0,64.0,64.0,2026,2,Wednesday
2026-02-05,P33_C39_D64,1,21:57,21:57,23:01,23:01,64.0,64.0,64.0,2026,2,Thursday
2026-02-09,P33_C39_D64,1,21:57,21:57,23:02,23:02,65.0,65.0,65.0,2026,2,Monday
2026-02-10,P33_C39_D64,1,21:57,21:57,23:01,23:01,64.0,64.0,64.0,2026,2,Tuesday
2026-02-11,P33_C39_D64,1,21:57,21:57,23:02,23:02,65.0,65.0,65.0,2026,2,Wednesday
2026-02-12,P33_C39_D64,1,21:57,21:57,23:00,23:00,63.0,63.0,63.0,2026,2,Thursday
2026-02-17,P33_C39_D64,1,21:57,21:57,23:02,23:02,65.0,65.0,65.0,2026,2,Tuesday
2026-02-18,P33_C39_D64,1,21:57,21:57,23:01,23:01,64.0,64.0,64.0,2026,2,Wednesday
2026-02-19,P33_C39_D64,1,21:57,21:57,23:01,23:01,64.0,64.0,64.0,2026,2,Thursday
2026-02-23,P33_C39_D64,1,21:57,21:57,23:00,23:00,63.0,63.0,63.0,2026,2,Monday
2026-02-25,P33_C39_D64,1,21:57,21:57,23:00,23:00,63.0,63.0,63.0,2026,2,Wednesday
2026-02-26,P33_C39_D64,1,21:57,21:57,23:01,23:01,64.0,64.0,64.0,2026,2,Thursday
2026-03-02,P33_C39_D64,1,21:57,21:57,23:00,23:00,63.0,63.0,63.0,2026,3,Monday
2026-03-03,P33_C39_D64,1,21:57,21:57,23:01,23:01,64.0,64.0,64.0,2026,3,Tuesday
2026-03-04,P33_C39_D64,1,21:57,21:57,23:00,23:00,63.0,63.0,63.0,2026,3,Wednesday
2026-03-09,P30_C35_D64,1,20:57,20:57,22:00,22:00,63.0,63.0,63.0,2026,3,Monday
2026-03-10,P30_C35_D64,1,20:57,20:57,22:01,22:01,64.0,64.0,64.0,2026,3,Tuesday
2026-03-11,P30_C35_D64,1,20:57,20:57,22:02,22:02,65.0,65.0,65.0,2026,3,Wednesday
2026-03-12,P30_C35_D64,1,20:57,20:57,22:01,22:01,64.0,64.0,64.0,2026,3,Thursday
2026-03-16,P30_C35_D64,1,20:57,20:57,22:00,22:00,63.0,63.0,63.0,2026,3,Monday
2026-03-17,P30_C35_D64,1,20:57,20:57,22:01,22:01,64.0,64.0,64.0,2026,3,Tuesday
2026-03-18,P30_C35_D64,1,20:57,20:57,22:00,22:00,63.0,63.0,63.0,2026,3,Wednesday
2026-03-19,P30_C35_D64,1,20:57,20:57,22:01,22:01,64.0,64.0,64.0,2026,3,Thursday
2026-03-23,P30_C35_D64,1,20:57,20:57,22:01,22:01,64.0,64.0,64.0,2026,3,Monday
2026-03-24,P30_C35_D64,1,20:57,20:57,22:00,22:00,63.0,63.0,63.0,2026,3,Tuesday
2026-03-25,P30_C35_D64,1,20:57,20:57,22:00,22:00,63.0,63.0,63.0,2026,3,Wednesday
2026-03-26,P30_C35_D64,1,20:57,20:57,22:01,22:01,64.0,64.0,64.0,2026,3,Thursday
2026-03-30,P30_C35_D64,1,20:57,20:57,22:00,22:00,63.0,63.0,63.0,2026,3,Monday
2026-03-31,P30_C35_D64,1,20:57,20:57,22:00,22:00,63.0,63.0,63.0,2026,3,Tuesday
2026-04-06,P30_C35_D64,1,20:57,20:57,22:01,22:01,64.0,64.0,64.0,2026,4,Monday
2026-04-07,P30_C35_D64,1,20:57,20:57,22:01,22:01,64.0,64.0,64.0,2026,4,Tuesday
2026-04-08,P30_C35_D64,1,20:57,20:57,22:01,22:01,64.0,64.0,64.0,2026,4,Wednesday
2026-04-09,P30_C35_D64,1,20:57,20:57,22:01,22:01,64.0,64.0,64.0,2026,4,Thursday
2026-04-13,P30_C35_D64,1,20:57,20:57,22:01,22:01,64.0,64.0,64.0,2026,4,Monday
2026-04-14,P30_C35_D64,1,20:57,20:57,22:01,22:01,64.0,64.0,64.0,2026,4,Tuesday
2026-04-15,P30_C35_D64,1,20:57,20:57,22:02,22:02,65.0,65.0,65.0,2026,4,Wednesday
2026-04-16,P30_C35_D64,1,20:57,20:57,22:00,22:00,63.0,63.0,63.0,2026,4,Thursday
2026-04-20,P30_C35_D64,1,20:57,20:57,22:00,22:00,63.0,63.0,63.0,2026,4,Monday
2026-04-21,P30_C35_D64,1,20:57,20:57,22:00,22:00,63.0,63.0,63.0,2026,4,Tuesday
2026-04-22,P30_C35_D64,1,20:57,20:57,22:00,22:00,63.0,63.0,63.0,2026,4,Wednesday
2026-04-23,P30_C35_D64,1,20:57,20:57,22:01,22:01,64.0,64.0,64.0,2026,4,Thursday
2026-04-27,P30_C35_D64,1,20:57,20:57,22:01,22:01,64.0,64.0,64.0,2026,4,Monday
2026-04-28,P30_C35_D64,1,20:57,20:57,22:01,22:01,64.0,64.0,64.0,2026,4,Tuesday
2026-04-29,P30_C35_D64,1,20:57,20:57,22:01,22:01,64.0,64.0,64.0,2026,4,Wednesday
2026-04-30,P30_C35_D64,1,20:57,20:57,22:01,22:01,64.0,64.0,64.0,2026,4,Thursday
2026-05-04,P30_C35_D64,1,20:57,20:57,22:01,22:01,64.0,64.0,64.0,2026,5,Monday
2026-05-05,P30_C35_D64,1,20:57,20:57,22:01,22:01,64.0,64.0,64.0,2026,5,Tuesday
2026-05-06,P30_C35_D64,1,20:57,20:57,22:01,22:01,64.0,64.0,64.0,2026,5,Wednesday
2026-05-07,P30_C35_D64,1,20:57,20:57,22:01,22:01,64.0,64.0,64.0,2026,5,Thursday
2026-05-11,P30_C35_D64,1,20:57,20:57,22:01,22:01,64.0,64.0,64.0,2026,5,Monday
2026-05-12,P30_C35_D64,1,20:57,20:57,22:00,22:00,63.0,63.0,63.0,2026,5,Tuesday
2026-05-13,P30_C35_D64,1,20:57,20:57,22:00,22:00,63.0,63.0,63.0,2026,5,Wednesday
2026-05-14,P30_C35_D64,1,20:57,20:57,22:00,22:00,63.0,63.0,63.0,2026,5,Thursday
2026-05-18,P30_C35_D64,1,20:57,20:57,22:00,22:00,63.0,63.0,63.0,2026,5,Monday
2026-05-19,P30_C35_D64,1,20:57,20:57,22:00,22:00,63.0,63.0,63.0,2026,5,Tuesday
2026-05-20,P30_C35_D64,1,20:57,20:57,22:00,22:00,63.0,63.0,63.0,2026,5,Wednesday
2026-05-21,P30_C35_D64,1,20:57,20:57,22:00,22:00,63.0,63.0,63.0,2026,5,Thursday
2026-05-26,P30_C35_D64,1,20:57,20:57,22:02,22:02,65.0,65.0,65.0,2026,5,Tuesday
2026-05-27,P30_C35_D64,1,20:57,20:57,22:00,22:00,63.0,63.0,63.0,2026,5,Wednesday
2026-05-28,P30_C35_D64,1,20:57,20:57,22:00,22:00,63.0,63.0,63.0,2026,5,Thursday
2026-06-01,P30_C35_D64,1,20:57,20:57,22:00,22:00,63.0,63.0,63.0,2026,6,Monday
2026-06-02,P30_C35_D64,1,20:57,20:57,22:00,22:00,63.0,63.0,63.0,2026,6,Tuesday
2026-06-03,P30_C35_D64,1,20:57,20:57,22:00,22:00,63.0,63.0,63.0,2026,6,Wednesday
2026-06-04,P30_C35_D64,1,20:57,20:57,22:00,22:00,63.0,63.0,63.0,2026,6,Thursday
2026-06-08,P30_C35_D64,1,20:57,20:57,22:00,22:00,63.0,63.0,63.0,2026,6,Monday
2026-06-09,P30_C35_D64,1,20:57,20:57,22:00,22:00,63.0,63.0,63.0,2026,6,Tuesday
2026-06-10,P30_C35_D64,1,20:57,20:57,22:00,22:00,63.0,63.0,63.0,2026,6,Wednesday
2026-06-11,P30_C35_D64,1,20:57,20:57,22:00,22:00,63.0,63.0,63.0,2026,6,Thursday
2026-06-15,P30_C35_D64,1,20:57,20:57,22:00,22:00,63.0,63.0,63.0,2026,6,Monday
2026-06-16,P30_C35_D64,1,20:57,20:57,22:00,22:00,63.0,63.0,63.0,2026,6,Tuesday
2026-06-17,P30_C35_D64,1,20:57,20:57,22:00,22:00,63.0,63.0,63.0,2026,6,Wednesday
2026-06-18,P30_C35_D64,1,20:57,20:57,22:00,22:00,63.0,63.0,63.0,2026,6,Thursday
2026-06-22,P30_C35_D64,1,20:57,20:57,22:00,22:00,63.0,63.0,63.0,2026,6,Monday
2026-06-23,P30_C35_D64,1,20:57,20:57,22:00,22:00,63.0,63.0,63.0,2026,6,Tuesday
2026-06-24,P30_C35_D64,1,20:57,20:57,22:00,22:00,63.0,63.0,63.0,2026,6,Wednesday
2026-06-25,P30_C35_D64,1,20:57,20:57,22:00,22:00,63.0,63.0,63.0,2026,6,Thursday
2026-06-29,P30_C35_D64,1,20:57,20:57,22:00,22:00,63.0,63.0,63.0,2026,6,Monday
2026-06-30,P30_C35_D64,1,20:57,20:57,22:00,22:00,63.0,63.0,63.0,2026,6,Tuesday
2026-07-01,P30_C35_D64,1,20:57,20:57,22:00,22:00,63.0,63.0,63.0,2026,7,Wednesday
2026-07-02,P30_C35_D64,1,20:57,20:57,22:00,22:00,63.0,63.0,63.0,2026,7,Thursday
2026-07-06,P30_C35_D64,1,20:57,20:57,22:00,22:00,63.0,63.0,63.0,2026,7,Monday
2026-07-07,P30_C35_D64,1,20:57,20:57,22:00,22:00,63.0,63.0,63.0,2026,7,Tuesday
2026-07-08,P30_C35_D64,1,20:57,20:57,22:00,22:00,63.0,63.0,63.0,2026,7,Wednesday
2026-07-09,P30_C35_D64,1,20:57,20:57,22:00,22:00,63.0,63.0,63.0,2026,7,Thursday
2026-07-13,P30_C35_D64,1,20:57,20:57,22:00,22:00,63.0,63.0,63.0,2026,7,Monday
2026-07-14,P30_C35_D64,1,20:57,20:57,22:00,22:00,63.0,63.0,63.0,2026,7,Tuesday
2026-07-15,P30_C35_D64,1,20:57,20:57,22:00,22:00,63.0,63.0,63.0,2026,7,Wednesday
2026-07-16,P30_C35_D64,1,20:57,20:57,22:00,22:00,63.0,63.0,63.0,2026,7,Thursday
2026-07-20,P30_C35_D64,1,20:57,20:57,22:00,22:00,63.0,63.0,63.0,2026,7,Monday
2026-07-21,P30_C35_D64,1,20:57,20:57,22:00,22:00,63.0,63.0,63.0,2026,7,Tuesday
2026-07-22,P30_C35_D64,1,20:57,20:57,22:00,22:00,63.0,63.0,63.0,2026,7,Wednesday
2026-07-23,P30_C35_D64,1,20:57,20:57,22:00,22:00,63.0,63.0,63.0,2026,7,Thursday
2026-07-27,P30_C35_D64,1,20:57,20:57,22:00,22:00,63.0,63.0,63.0,2026,7,Monday
2026-07-28,P30_C35_D64,1,20:57,20:57,22:00,22:00,63.0,63.0,63.0,2026,7,Tuesday
2026-07-29,P30_C35_D64,1,20:57,20:57,22:00,22:00,63.0,63.0,63.0,2026,7,Wednesday
2026-07-30,P30_C35_D64,1,20:57,20:57,22:00,22:00,63.0,63.0,63.0,2026,7,Thursday
2026-08-03,P30_C35_D64,1,20:57,20:57,22:00,22:00,63.0,63.0,63.0,2026,8,Monday
2026-08-04,P30_C35_D64,1,20:57,20:57,22:00,22:00,63.0,63.0,63.0,2026,8,Tuesday
2026-08-05,P30_C35_D64,1,20:57,20:57,22:00,22:00,63.0,63.0,63.0,2026,8,Wednesday
2026-08-06,P30_C35_D64,1,20:57,20:57,22:00,22:00,63.0,63.0,63.0,2026,8,Thursday
2026-08-10,P30_C35_D64,1,20:57,20:57,22:00,22:00,63.0,63.0,63.0,2026,8,Monday
2026-08-11,P30_C35_D64,1,20:57,20:57,22:00,22:00,63.0,63.0,63.0,2026,8,Tuesday
2026-08-12,P30_C35_D64,1,20:57,20:57,22:00,22:00,63.0,63.0,63.0,2026,8,Wednesday
