boundary_family,previous_year,occurrences,median_previous_minute,median_current_minute,median_gap_minutes,previous_time,current_time
P101_C101_D2,2021,13,1062.0,1064.0,2.0,17:42,17:44
P101_C101_D2,2022,7,1061.0,1063.0,2.0,17:41,17:43
P101_C101_D2,2023,5,1066.0,1068.0,2.0,17:46,17:48
P104_C104_D2,2021,12,1096.5,1098.5,2.0,18:16,18:18
P104_C104_D2,2022,7,1095.0,1097.0,2.0,18:15,18:17
P104_C104_D2,2023,2,1090.0,1092.0,2.0,18:10,18:12
P106_C106_D2,2021,13,1115.0,1117.0,2.0,18:35,18:37
P106_C106_D2,2022,7,1115.0,1117.0,2.0,18:35,18:37
P106_C106_D2,2023,3,1116.0,1118.0,2.0,18:36,18:38
P107_C107_D2,2021,16,1125.5,1127.5,2.0,18:46,18:48
P107_C107_D2,2022,11,1126.0,1128.0,2.0,18:46,18:48
P107_C107_D2,2023,4,1126.0,1128.0,2.0,18:46,18:48
P110_C110_D2,2021,20,1157.0,1159.0,2.0,19:17,19:19
P110_C110_D2,2022,7,1158.0,1160.0,2.0,19:18,19:20
P110_C110_D2,2023,10,1157.0,1159.0,2.0,19:17,19:19
P111_C111_D2,2021,22,1166.5,1168.5,2.0,19:26,19:28
P111_C111_D2,2022,6,1166.0,1168.0,2.0,19:26,19:28
P111_C111_D2,2023,6,1163.0,1165.0,2.0,19:23,19:25
P112_C112_D2,2021,25,1177.0,1179.0,2.0,19:37,19:39
P112_C112_D2,2022,8,1176.0,1178.0,2.0,19:36,19:38
P112_C112_D2,2023,6,1177.5,1179.5,2.0,19:38,19:40
P113_C113_D2,2021,16,1185.0,1187.0,2.0,19:45,19:47
P113_C113_D2,2022,6,1186.5,1188.5,2.0,19:46,19:48
P113_C113_D2,2023,8,1189.0,1191.0,2.0,19:49,19:51
P115_C114_D2,2021,10,1203.0,1205.0,2.0,20:03,20:05
P115_C114_D2,2022,10,1203.5,1205.5,2.0,20:04,20:06
P115_C114_D2,2023,8,1204.0,1206.0,2.0,20:04,20:06
P115_C115_D2,2021,20,1207.5,1209.5,2.0,20:08,20:10
P115_C115_D2,2022,27,1207.0,1209.0,2.0,20:07,20:09
P115_C115_D2,2023,16,1208.0,1210.0,2.0,20:08,20:10
P115_C115_D2,2024,1,1208.0,1210.0,2.0,20:08,20:10
P115_C115_D4,2021,13,1208.0,1212.0,3.0,20:08,20:12
P115_C115_D4,2022,6,1207.5,1211.0,3.0,20:08,20:11
P115_C115_D4,2023,2,1207.0,1210.0,3.0,20:07,20:10
P116_C115_D2,2021,29,1214.0,1216.0,2.0,20:14,20:16
P116_C115_D2,2022,14,1213.0,1215.0,2.0,20:13,20:15
P116_C115_D2,2023,8,1214.0,1216.0,2.0,20:14,20:16
P116_C115_D2,2024,2,1215.0,1217.0,2.0,20:15,20:17
P116_C116_D2,2021,33,1217.0,1219.0,2.0,20:17,20:19
P116_C116_D2,2022,30,1220.0,1222.0,2.0,20:20,20:22
P116_C116_D2,2023,27,1219.0,1221.0,2.0,20:19,20:21
P116_C116_D4,2021,16,1219.5,1223.0,3.0,20:20,20:23
P116_C116_D4,2022,11,1218.0,1221.0,3.0,20:18,20:21
P116_C116_D4,2023,8,1220.0,1223.0,3.0,20:20,20:23
P117_C116_D2,2021,32,1224.0,1226.0,2.0,20:24,20:26
P117_C116_D2,2022,22,1223.0,1225.0,2.0,20:23,20:25
P117_C116_D2,2023,17,1224.0,1226.0,2.0,20:24,20:26
P117_C116_D2,2024,3,1223.0,1225.0,2.0,20:23,20:25
P117_C117_D2,2021,30,1228.0,1230.0,2.0,20:28,20:30
P117_C117_D2,2022,32,1228.5,1230.5,2.0,20:28,20:30
P117_C117_D2,2023,23,1229.0,1231.0,2.0,20:29,20:31
P117_C117_D2,2024,1,1226.0,1228.0,2.0,20:26,20:28
P117_C117_D4,2021,17,1227.0,1230.0,3.0,20:27,20:30
P117_C117_D4,2022,11,1230.0,1233.0,4.0,20:30,20:33
P117_C117_D4,2023,8,1226.5,1230.0,3.0,20:26,20:30
P118_C117_D2,2021,22,1234.0,1236.0,2.0,20:34,20:36
P118_C117_D2,2022,36,1233.0,1235.0,2.0,20:33,20:35
P118_C117_D2,2023,27,1234.0,1236.0,2.0,20:34,20:36
P118_C117_D2,2024,3,1233.0,1235.0,2.0,20:33,20:35
P118_C118_D2,2021,28,1239.0,1241.0,2.0,20:39,20:41
P118_C118_D2,2022,63,1239.0,1241.0,2.0,20:39,20:41
P118_C118_D2,2023,28,1238.0,1240.0,2.0,20:38,20:40
P118_C118_D2,2024,5,1239.0,1241.0,2.0,20:39,20:41
P118_C118_D4,2021,23,1238.0,1241.0,3.0,20:38,20:41
P118_C118_D4,2022,15,1237.0,1241.0,3.0,20:37,20:41
P118_C118_D4,2023,11,1236.0,1240.0,3.0,20:36,20:40
P119_C118_D2,2021,16,1243.0,1245.0,2.0,20:43,20:45
P119_C118_D2,2022,28,1244.0,1246.0,2.0,20:44,20:46
P119_C118_D2,2023,10,1243.0,1245.0,2.0,20:43,20:45
P119_C118_D2,2024,2,1242.0,1244.0,2.0,20:42,20:44
P119_C119_D2,2021,10,1246.5,1248.5,2.0,20:46,20:48
P119_C119_D2,2022,43,1250.0,1252.0,2.0,20:50,20:52
P119_C119_D2,2023,17,1247.0,1249.0,2.0,20:47,20:49
P119_C119_D2,2024,3,1248.0,1250.0,2.0,20:48,20:50
P119_C119_D4,2021,5,1245.0,1248.0,3.0,20:45,20:48
P119_C119_D4,2022,14,1246.5,1250.0,3.0,20:46,20:50
P119_C119_D4,2023,3,1247.0,1250.0,3.0,20:47,20:50
P11_C11_D2,2021,19,103.0,105.0,2.0,01:43,01:45
P11_C11_D2,2022,2,106.0,108.0,2.0,01:46,01:48
P11_C11_D2,2023,1,100.0,102.0,2.0,01:40,01:42
P120_C119_D2,2021,2,1252.0,1254.0,2.0,20:52,20:54
P120_C119_D2,2022,18,1253.0,1255.0,2.0,20:53,20:55
P120_C119_D2,2023,7,1253.0,1255.0,2.0,20:53,20:55
P120_C119_D2,2024,1,1255.0,1257.0,2.0,20:55,20:57
P120_C120_D2,2021,17,1260.0,1262.0,2.0,21:00,21:02
P120_C120_D2,2022,57,1260.0,1262.0,2.0,21:00,21:02
P120_C120_D2,2023,46,1260.0,1262.0,2.0,21:00,21:02
P120_C120_D2,2024,23,1259.0,1261.0,2.0,20:59,21:01
P120_C120_D2,2025,57,1259.0,1261.0,2.0,20:59,21:01
P120_C120_D2,2026,29,1259.0,1261.0,2.0,20:59,21:01
P120_C120_D4,2021,11,1261.0,1264.0,4.0,21:01,21:04
P120_C120_D4,2022,29,1261.0,1264.0,3.0,21:01,21:04
P120_C120_D4,2023,30,1261.0,1264.5,4.0,21:01,21:04
P120_C120_D4,2024,10,1260.0,1263.5,3.0,21:00,21:04
P120_C120_D4,2025,15,1259.0,1262.0,3.0,20:59,21:02
P120_C120_D4,2026,28,1259.0,1263.0,4.0,20:59,21:03
P120_C120_D6,2021,5,1260.0,1266.0,6.0,21:00,21:06
P120_C120_D6,2023,3,1259.0,1265.0,6.0,20:59,21:05
P120_C120_D6,2025,1,1259.0,1265.0,6.0,20:59,21:05
P120_C120_D6,2026,14,1259.0,1265.0,6.0,20:59,21:05
P121_C120_D2,2021,25,1263.0,1265.0,2.0,21:03,21:05
P121_C120_D2,2022,58,1263.0,1265.0,2.0,21:03,21:05
P121_C120_D2,2023,46,1263.0,1265.0,2.0,21:03,21:05
P121_C120_D2,2024,20,1262.0,1264.0,2.0,21:02,21:04
P121_C120_D2,2025,8,1262.0,1264.0,2.0,21:02,21:04
P121_C120_D2,2026,13,1263.0,1265.0,2.0,21:03,21:05
P121_C120_D4,2021,6,1262.0,1265.0,3.0,21:02,21:05
P121_C120_D4,2022,21,1262.0,1265.0,3.0,21:02,21:05
P121_C120_D4,2023,17,1262.0,1265.0,3.0,21:02,21:05
P121_C120_D4,2024,1,1262.0,1265.0,3.0,21:02,21:05
P121_C120_D4,2026,5,1262.0,1265.0,3.0,21:02,21:05
P121_C121_D2,2021,31,1268.0,1270.0,2.0,21:08,21:10
P121_C121_D2,2022,84,1268.0,1270.0,2.0,21:08,21:10
P121_C121_D2,2023,65,1269.0,1271.0,2.0,21:09,21:11
P121_C121_D2,2024,1,1267.0,1269.0,2.0,21:07,21:09
P121_C121_D2,2025,3,1268.0,1270.0,2.0,21:08,21:10
P121_C121_D2,2026,6,1268.0,1270.0,2.0,21:08,21:10
P121_C121_D4,2021,17,1267.0,1270.0,3.0,21:07,21:10
P121_C121_D4,2022,35,1267.0,1271.0,3.0,21:07,21:11
P121_C121_D4,2023,26,1268.0,1271.0,3.0,21:08,21:11
P121_C121_D4,2025,2,1270.5,1274.0,3.5,21:10,21:14
P121_C121_D4,2026,3,1265.0,1269.0,3.0,21:05,21:09
P122_C121_D2,2021,17,1274.0,1276.0,2.0,21:14,21:16
P122_C121_D2,2022,45,1273.0,1275.0,2.0,21:13,21:15
P122_C121_D2,2023,37,1273.0,1275.0,2.0,21:13,21:15
P122_C121_D2,2026,1,1273.0,1275.0,2.0,21:13,21:15
P122_C121_D4,2021,7,1273.0,1276.0,3.0,21:13,21:16
P122_C121_D4,2022,15,1272.0,1275.0,3.0,21:12,21:15
P122_C121_D4,2023,10,1272.0,1275.5,3.0,21:12,21:16
P122_C122_D2,2021,47,1279.0,1281.0,2.0,21:19,21:21
P122_C122_D2,2022,72,1278.0,1280.0,2.0,21:18,21:20
P122_C122_D2,2023,62,1278.0,1280.0,2.0,21:18,21:20
P122_C122_D2,2024,1,1276.0,1278.0,2.0,21:16,21:18
P122_C122_D2,2025,2,1279.0,1281.0,2.0,21:19,21:21
P122_C122_D4,2021,22,1277.0,1280.5,3.0,21:17,21:20
P122_C122_D4,2022,34,1279.0,1282.5,4.0,21:19,21:22
P122_C122_D4,2023,34,1279.0,1282.0,3.0,21:19,21:22
P123_C122_D2,2021,25,1284.0,1286.0,2.0,21:24,21:26
P123_C122_D2,2022,46,1283.0,1285.0,2.0,21:23,21:25
P123_C122_D2,2023,38,1283.0,1285.0,2.0,21:23,21:25
P123_C122_D4,2021,7,1282.0,1287.0,3.0,21:22,21:27
P123_C122_D4,2022,16,1283.0,1286.0,3.0,21:23,21:26
P123_C122_D4,2023,11,1283.0,1287.0,3.0,21:23,21:27
P123_C123_D2,2021,31,1288.0,1290.0,2.0,21:28,21:30
P123_C123_D2,2022,93,1290.0,1292.0,2.0,21:30,21:32
P123_C123_D2,2023,55,1288.0,1290.0,2.0,21:28,21:30
P123_C123_D4,2021,19,1287.0,1290.0,3.0,21:27,21:30
P123_C123_D4,2022,43,1287.0,1290.0,4.0,21:27,21:30
P123_C123_D4,2023,15,1287.0,1290.0,3.0,21:27,21:30
P124_C123_D2,2021,25,1293.0,1295.0,2.0,21:33,21:35
P124_C123_D2,2022,58,1293.5,1295.5,2.0,21:34,21:36
P124_C123_D2,2023,19,1294.0,1296.0,2.0,21:34,21:36
P124_C123_D4,2021,7,1292.0,1296.0,3.0,21:32,21:36
P124_C123_D4,2022,15,1292.0,1295.0,3.0,21:32,21:35
P124_C123_D4,2023,1,1292.0,1295.0,3.0,21:32,21:35
P124_C124_D2,2021,33,1298.0,1300.0,2.0,21:38,21:40
P124_C124_D2,2022,102,1299.0,1301.0,2.0,21:39,21:41
P124_C124_D2,2023,38,1298.0,1300.0,2.0,21:38,21:40
P124_C124_D4,2021,18,1299.0,1302.0,3.0,21:39,21:42
P124_C124_D4,2022,46,1297.5,1301.0,3.0,21:38,21:41
P124_C124_D4,2023,8,1299.5,1303.0,3.0,21:40,21:43
P124_C124_D4,2025,1,1300.0,1304.0,4.0,21:40,21:44
P125_C124_D2,2021,22,1303.0,1305.0,2.0,21:43,21:45
P125_C124_D2,2022,56,1303.0,1305.0,2.0,21:43,21:45
P125_C124_D2,2023,18,1303.0,1305.0,2.0,21:43,21:45
P125_C124_D4,2021,2,1302.0,1305.0,3.0,21:42,21:45
P125_C124_D4,2022,18,1303.0,1306.0,3.0,21:43,21:46
P125_C124_D4,2023,1,1303.0,1306.0,3.0,21:43,21:46
P125_C125_D2,2021,24,1307.5,1309.5,2.0,21:48,21:50
P125_C125_D2,2022,82,1309.0,1311.0,2.0,21:49,21:51
P125_C125_D2,2023,44,1308.0,1310.0,2.0,21:48,21:50
P125_C125_D2,2024,1,1308.0,1310.0,2.0,21:48,21:50
P125_C125_D2,2025,1,1310.0,1312.0,2.0,21:50,21:52
P125_C125_D4,2021,18,1307.0,1310.5,3.0,21:47,21:50
P125_C125_D4,2022,47,1308.0,1312.0,4.0,21:48,21:52
P125_C125_D4,2023,12,1307.5,1310.5,3.0,21:48,21:50
P125_C125_D4,2025,1,1305.0,1308.0,3.0,21:45,21:48
P126_C125_D2,2021,16,1313.0,1315.0,2.0,21:53,21:55
P126_C125_D2,2022,55,1313.0,1315.0,2.0,21:53,21:55
P126_C125_D2,2023,25,1314.0,1316.0,2.0,21:54,21:56
P126_C125_D2,2024,3,1314.0,1316.0,2.0,21:54,21:56
P126_C125_D4,2021,7,1313.0,1316.0,3.0,21:53,21:56
P126_C125_D4,2022,19,1313.0,1317.0,3.0,21:53,21:57
P126_C125_D4,2023,4,1312.0,1315.0,3.0,21:52,21:55
P126_C126_D2,2021,20,1319.0,1321.0,2.0,21:59,22:01
P126_C126_D2,2022,65,1319.0,1321.0,2.0,21:59,22:01
P126_C126_D2,2023,49,1319.0,1321.0,2.0,21:59,22:01
P126_C126_D2,2024,39,1319.0,1321.0,2.0,21:59,22:01
P126_C126_D2,2025,28,1319.0,1321.0,2.0,21:59,22:01
P126_C126_D2,2026,11,1319.0,1321.0,2.0,21:59,22:01
P126_C126_D4,2021,17,1320.0,1323.0,3.0,22:00,22:03
P126_C126_D4,2022,35,1319.0,1322.0,4.0,21:59,22:02
P126_C126_D4,2023,47,1321.0,1324.0,4.0,22:01,22:04
P126_C126_D4,2024,17,1321.0,1325.0,4.0,22:01,22:05
P126_C126_D4,2025,4,1319.5,1323.5,3.0,22:00,22:04
P126_C126_D4,2026,7,1319.0,1323.0,4.0,21:59,22:03
P126_C126_D6,2022,3,1319.0,1325.0,6.0,21:59,22:05
P126_C126_D6,2023,6,1319.0,1325.0,6.0,21:59,22:05
P126_C126_D6,2024,3,1319.0,1325.0,6.0,21:59,22:05
P126_C126_D6,2025,12,1319.0,1325.0,6.0,21:59,22:05
P126_C126_D6,2026,5,1319.0,1325.0,6.0,21:59,22:05
P127_C126_D2,2021,31,1323.0,1325.0,2.0,22:03,22:05
P127_C126_D2,2022,61,1323.0,1325.0,2.0,22:03,22:05
P127_C126_D2,2023,40,1323.0,1325.0,2.0,22:03,22:05
P127_C126_D2,2024,16,1322.0,1324.0,2.0,22:02,22:04
P127_C126_D2,2025,6,1322.0,1324.0,2.0,22:02,22:04
P127_C126_D2,2026,6,1323.0,1325.0,2.0,22:03,22:05
P127_C126_D4,2021,10,1322.0,1325.0,3.0,22:02,22:05
P127_C126_D4,2022,11,1322.0,1325.0,3.0,22:02,22:05
P127_C126_D4,2023,17,1322.0,1325.0,3.0,22:02,22:05
P127_C126_D4,2024,2,1322.0,1325.0,3.0,22:02,22:05
P127_C126_D4,2025,2,1322.0,1325.0,3.0,22:02,22:05
P127_C126_D4,2026,4,1322.0,1325.0,3.0,22:02,22:05
P127_C127_D2,2021,51,1329.0,1331.0,2.0,22:09,22:11
P127_C127_D2,2022,87,1328.0,1330.0,2.0,22:08,22:10
P127_C127_D2,2023,51,1328.0,1330.0,2.0,22:08,22:10
P127_C127_D2,2024,2,1328.0,1330.0,2.0,22:08,22:10
P127_C127_D2,2025,1,1328.0,1330.0,2.0,22:08,22:10
P127_C127_D2,2026,1,1327.0,1329.0,2.0,22:07,22:09
P127_C127_D4,2021,29,1329.0,1333.0,3.0,22:09,22:13
P127_C127_D4,2022,39,1326.0,1330.0,3.0,22:06,22:10
P127_C127_D4,2023,35,1327.0,1330.0,3.0,22:07,22:10
P127_C127_D4,2024,3,1325.0,1330.0,4.0,22:05,22:10
P127_C127_D4,2025,1,1325.0,1330.0,5.0,22:05,22:10
P127_C127_D4,2026,1,1325.0,1329.0,4.0,22:05,22:09
P128_C127_D2,2021,32,1333.0,1335.0,2.0,22:13,22:15
P128_C127_D2,2022,38,1333.0,1335.0,2.0,22:13,22:15
P128_C127_D2,2023,30,1333.5,1335.5,2.0,22:14,22:16
P128_C127_D2,2025,1,1333.0,1335.0,2.0,22:13,22:15
P128_C127_D4,2021,9,1332.0,1336.0,3.0,22:12,22:16
P128_C127_D4,2022,10,1332.5,1336.0,3.0,22:12,22:16
P128_C127_D4,2023,4,1332.0,1335.0,3.0,22:12,22:15
P128_C128_D2,2021,55,1338.0,1340.0,2.0,22:18,22:20
P128_C128_D2,2022,81,1339.0,1341.0,2.0,22:19,22:21
P128_C128_D2,2023,53,1338.0,1340.0,2.0,22:18,22:20
P128_C128_D2,2024,2,1339.0,1341.0,2.0,22:19,22:21
P128_C128_D4,2021,40,1338.0,1341.0,3.0,22:18,22:21
P128_C128_D4,2022,51,1337.0,1341.0,3.0,22:17,22:21
P128_C128_D4,2023,18,1337.5,1341.0,3.0,22:18,22:21
P128_C128_D4,2024,3,1336.0,1339.0,3.0,22:16,22:19
P129_C128_D2,2021,43,1343.0,1345.0,2.0,22:23,22:25
P129_C128_D2,2022,43,1343.0,1345.0,2.0,22:23,22:25
P129_C128_D2,2023,36,1343.0,1345.0,2.0,22:23,22:25
P129_C128_D2,2024,2,1343.5,1345.5,2.0,22:24,22:26
P129_C128_D4,2021,12,1343.0,1346.0,3.0,22:23,22:26
P129_C128_D4,2022,20,1343.0,1346.0,3.0,22:23,22:26
P129_C128_D4,2023,9,1343.0,1346.0,3.0,22:23,22:26
P129_C128_D4,2024,2,1343.5,1346.5,3.0,22:24,22:26
P129_C129_D2,2021,48,1348.0,1350.0,2.0,22:28,22:30
P129_C129_D2,2022,73,1348.0,1350.0,2.0,22:28,22:30
P129_C129_D2,2023,37,1348.0,1350.0,2.0,22:28,22:30
P129_C129_D2,2024,2,1350.5,1352.5,2.0,22:30,22:32
P129_C129_D4,2021,31,1346.0,1350.0,3.0,22:26,22:30
P129_C129_D4,2022,26,1346.5,1350.0,3.0,22:26,22:30
P129_C129_D4,2023,21,1346.0,1350.0,3.0,22:26,22:30
P129_C129_D4,2024,2,1346.5,1349.5,3.0,22:26,22:30
P130_C129_D2,2021,25,1353.0,1355.0,2.0,22:33,22:35
P130_C129_D2,2022,42,1353.0,1355.0,2.0,22:33,22:35
P130_C129_D2,2023,20,1354.0,1356.0,2.0,22:34,22:36
P130_C129_D2,2024,2,1355.0,1357.0,2.0,22:35,22:37
P130_C129_D4,2021,8,1353.0,1356.0,3.0,22:33,22:36
P130_C129_D4,2022,11,1353.0,1356.0,3.0,22:33,22:36
P130_C129_D4,2024,1,1352.0,1356.0,4.0,22:32,22:36
P130_C130_D2,2021,54,1358.0,1360.0,2.0,22:38,22:40
P130_C130_D2,2022,82,1358.0,1360.0,2.0,22:38,22:40
P130_C130_D2,2023,38,1359.0,1361.0,2.0,22:39,22:41
P130_C130_D2,2024,3,1358.0,1360.0,2.0,22:38,22:40
P130_C130_D4,2021,26,1358.0,1361.5,4.0,22:38,22:42
P130_C130_D4,2022,28,1358.0,1361.0,3.0,22:38,22:41
P130_C130_D4,2023,20,1357.0,1360.0,3.0,22:37,22:40
P130_C130_D4,2024,1,1357.0,1361.0,4.0,22:37,22:41
P131_C130_D2,2021,22,1363.0,1365.0,2.0,22:43,22:45
P131_C130_D2,2022,44,1364.0,1366.0,2.0,22:44,22:46
P131_C130_D2,2023,19,1363.0,1365.0,2.0,22:43,22:45
P131_C130_D2,2024,2,1363.0,1365.0,2.0,22:43,22:45
P131_C131_D2,2021,53,1369.0,1371.0,2.0,22:49,22:51
P131_C131_D2,2022,84,1369.0,1371.0,2.0,22:49,22:51
P131_C131_D2,2023,41,1369.0,1371.0,2.0,22:49,22:51
P131_C131_D2,2024,2,1369.0,1371.0,2.0,22:49,22:51
P131_C131_D4,2021,34,1367.0,1371.0,3.0,22:47,22:51
P131_C131_D4,2022,33,1368.0,1372.0,3.0,22:48,22:52
P131_C131_D4,2023,17,1367.0,1371.0,3.0,22:47,22:51
P132_C131_D2,2021,31,1374.0,1376.0,2.0,22:54,22:56
P132_C131_D2,2022,52,1374.0,1376.0,2.0,22:54,22:56
P132_C131_D2,2023,33,1374.0,1376.0,2.0,22:54,22:56
P132_C131_D2,2024,1,1375.0,1377.0,2.0,22:55,22:57
P132_C131_D4,2021,18,1373.0,1377.0,3.0,22:53,22:57
P132_C131_D4,2022,11,1373.0,1377.0,3.0,22:53,22:57
P132_C131_D4,2023,6,1373.0,1376.0,3.0,22:53,22:56
P132_C131_D4,2024,2,1372.5,1376.0,3.5,22:52,22:56
P132_C132_D2,2021,29,1378.0,1380.0,2.0,22:58,23:00
P132_C132_D2,2022,33,1378.0,1380.0,2.0,22:58,23:00
P132_C132_D2,2023,24,1377.0,1379.0,2.0,22:57,22:59
P132_C132_D2,2024,2,1377.0,1379.0,2.0,22:57,22:59
P132_C132_D4,2021,13,1377.0,1380.0,3.0,22:57,23:00
P132_C132_D4,2022,11,1377.0,1380.0,3.0,22:57,23:00
P132_C132_D4,2023,5,1375.0,1378.0,3.0,22:55,22:58
P133_C132_D2,2021,26,1383.0,1385.0,2.0,23:03,23:05
P133_C132_D2,2022,21,1383.0,1385.0,2.0,23:03,23:05
P133_C132_D2,2023,13,1383.0,1385.0,2.0,23:03,23:05
P133_C132_D2,2024,1,1382.0,1384.0,2.0,23:02,23:04
P133_C133_D2,2021,44,1388.0,1390.0,2.0,23:08,23:10
P133_C133_D2,2022,26,1389.0,1391.0,2.0,23:09,23:11
P133_C133_D2,2023,25,1388.0,1390.0,2.0,23:08,23:10
P133_C133_D2,2024,2,1386.0,1388.0,2.0,23:06,23:08
P133_C133_D4,2021,31,1388.0,1391.0,3.0,23:08,23:11
P133_C133_D4,2022,6,1388.5,1391.5,3.0,23:08,23:12
P133_C133_D4,2023,5,1388.0,1391.0,3.0,23:08,23:11
P133_C133_D4,2024,1,1388.0,1392.0,4.0,23:08,23:12
P134_C133_D2,2021,34,1394.0,1396.0,2.0,23:14,23:16
P134_C133_D2,2022,17,1393.0,1395.0,2.0,23:13,23:15
P134_C133_D2,2023,10,1394.0,1396.0,2.0,23:14,23:16
P134_C134_D2,2021,51,1398.0,1400.0,2.0,23:18,23:20
P134_C134_D2,2022,38,1398.0,1400.0,2.0,23:18,23:20
P134_C134_D2,2023,18,1397.5,1399.5,2.0,23:18,23:20
P134_C134_D2,2024,1,1396.0,1398.0,2.0,23:16,23:18
P134_C134_D4,2021,26,1398.5,1402.0,3.5,23:18,23:22
P134_C134_D4,2022,9,1399.0,1402.0,4.0,23:19,23:22
P134_C134_D4,2023,7,1399.0,1402.0,3.0,23:19,23:22
P135_C134_D2,2021,34,1403.0,1405.0,2.0,23:23,23:25
P135_C134_D2,2022,18,1403.0,1405.0,2.0,23:23,23:25
P135_C134_D2,2023,16,1404.0,1406.0,2.0,23:24,23:26
P135_C134_D2,2024,3,1405.0,1407.0,2.0,23:25,23:27
P135_C134_D4,2021,14,1403.5,1407.0,3.0,23:24,23:27
P135_C134_D4,2022,6,1403.0,1406.5,3.0,23:23,23:26
P135_C134_D4,2023,1,1402.0,1405.0,3.0,23:22,23:25
P135_C135_D2,2021,50,1408.0,1410.0,2.0,23:28,23:30
P135_C135_D2,2022,25,1408.0,1410.0,2.0,23:28,23:30
P135_C135_D2,2023,17,1408.0,1410.0,2.0,23:28,23:30
P135_C135_D2,2024,2,1407.5,1409.5,2.0,23:28,23:30
P135_C135_D4,2021,32,1407.0,1410.5,3.0,23:27,23:30
P135_C135_D4,2022,10,1406.5,1410.0,3.0,23:26,23:30
P135_C135_D4,2023,8,1407.0,1410.0,3.0,23:27,23:30
P136_C135_D2,2021,34,1413.0,1415.0,2.0,23:33,23:35
P136_C135_D2,2022,27,1413.0,1415.0,2.0,23:33,23:35
P136_C135_D2,2023,18,1414.0,1416.0,2.0,23:34,23:36
P136_C135_D2,2024,2,1412.5,1414.5,2.0,23:32,23:34
P136_C136_D2,2021,54,1418.5,1420.5,2.0,23:38,23:40
P136_C136_D2,2022,39,1418.0,1420.0,2.0,23:38,23:40
P136_C136_D2,2023,26,1418.0,1420.0,2.0,23:38,23:40
P136_C136_D2,2024,2,1418.0,1420.0,2.0,23:38,23:40
P136_C136_D4,2021,38,1418.0,1422.0,3.0,23:38,23:42
P136_C136_D4,2022,15,1418.0,1421.0,3.0,23:38,23:41
P136_C136_D4,2023,3,1418.0,1421.0,3.0,23:38,23:41
P136_C136_D4,2024,1,1421.0,1424.0,3.0,23:41,23:44
P137_C136_D2,2021,33,1423.0,1425.0,2.0,23:43,23:45
P137_C136_D2,2022,21,1423.0,1425.0,2.0,23:43,23:45
P137_C136_D2,2023,12,1423.5,1425.5,2.0,23:44,23:46
P137_C136_D2,2024,1,1422.0,1424.0,2.0,23:42,23:44
P137_C137_D2,2021,40,1428.0,1430.0,2.0,23:48,23:50
P137_C137_D2,2022,39,1429.0,1431.0,2.0,23:49,23:51
P137_C137_D2,2023,28,1428.0,1430.0,2.0,23:48,23:50
P137_C137_D2,2024,5,1427.0,1429.0,2.0,23:47,23:49
P137_C137_D4,2021,33,1428.0,1432.0,4.0,23:48,23:52
P137_C137_D4,2022,19,1427.0,1431.0,3.0,23:47,23:51
P137_C137_D4,2023,10,1428.5,1431.5,3.0,23:48,23:52
P138_C137_D2,2021,35,1433.0,1435.0,2.0,23:53,23:55
P138_C137_D2,2022,25,1434.0,1436.0,2.0,23:54,23:56
P138_C137_D2,2023,16,1432.0,1434.0,2.0,23:52,23:54
P138_C138_D2,2021,14,1436.0,1438.0,2.0,23:56,23:58
P138_C138_D2,2022,10,1437.0,1439.0,2.0,23:57,23:59
P138_C138_D2,2023,11,1436.0,1438.0,2.0,23:56,23:58
P138_C1_D2,2021,10,1438.0,0.0,2.0,23:58,00:00
P138_C1_D2,2022,3,1438.0,0.0,2.0,23:58,00:00
P138_C1_D2,2023,3,1438.0,0.0,2.0,23:58,00:00
P138_C1_D2,2024,46,1438.0,0.0,2.0,23:58,00:00
P14_C14_D2,2021,22,135.0,137.0,2.0,02:15,02:17
P14_C14_D2,2022,5,136.0,138.0,2.0,02:16,02:18
P14_C14_D2,2023,4,134.5,136.5,2.0,02:14,02:16
P14_C14_D2,2024,2,136.0,138.0,2.0,02:16,02:18
P15_C15_D2,2021,18,146.0,148.0,2.0,02:26,02:28
P15_C15_D2,2022,4,146.0,148.0,2.0,02:26,02:28
P15_C15_D2,2023,4,146.5,148.5,2.0,02:26,02:28
P16_C16_D2,2021,21,156.0,158.0,2.0,02:36,02:38
P16_C16_D2,2022,4,155.0,157.0,2.0,02:35,02:37
P16_C16_D2,2023,3,154.0,156.0,2.0,02:34,02:36
P17_C17_D2,2021,22,164.5,166.5,2.0,02:44,02:46
P17_C17_D2,2022,10,164.5,166.5,2.0,02:44,02:46
P17_C17_D2,2023,6,166.0,168.0,2.0,02:46,02:48
P18_C18_D2,2021,17,174.0,176.0,2.0,02:54,02:56
P18_C18_D2,2022,3,177.0,179.0,2.0,02:57,02:59
P18_C18_D2,2023,1,172.0,174.0,2.0,02:52,02:54
P18_C18_D2,2024,1,172.0,174.0,2.0,02:52,02:54
P19_C19_D2,2021,26,185.0,187.0,2.0,03:05,03:07
P19_C19_D2,2022,6,187.0,189.0,2.0,03:07,03:09
P19_C19_D2,2023,2,184.0,186.0,2.0,03:04,03:06
P1_C1_D2,2021,13,6.0,8.0,2.0,00:06,00:08
P1_C1_D2,2022,6,5.5,7.5,2.0,00:06,00:08
P1_C1_D2,2023,3,5.0,7.0,2.0,00:05,00:07
P20_C20_D2,2021,24,196.0,198.0,2.0,03:16,03:18
P20_C20_D2,2022,5,195.0,197.0,2.0,03:15,03:17
P20_C20_D2,2023,4,195.0,197.0,2.0,03:15,03:17
P20_C20_D2,2024,2,194.0,196.0,2.0,03:14,03:16
P21_C21_D2,2021,32,206.0,208.0,2.0,03:26,03:28
P21_C21_D2,2022,10,204.5,206.5,2.0,03:24,03:26
P21_C21_D2,2023,4,205.5,207.5,2.0,03:26,03:28
P21_C21_D2,2024,1,204.0,206.0,2.0,03:24,03:26
P22_C22_D2,2021,30,216.0,218.0,2.0,03:36,03:38
P22_C22_D2,2022,8,216.0,218.0,2.0,03:36,03:38
P22_C22_D2,2023,1,213.0,215.0,2.0,03:33,03:35
P23_C23_D2,2021,37,225.0,227.0,2.0,03:45,03:47
P23_C23_D2,2022,10,224.5,226.5,2.0,03:44,03:46
P23_C23_D2,2023,4,227.0,229.0,2.0,03:47,03:49
P24_C24_D2,2021,31,235.0,237.0,2.0,03:55,03:57
P24_C24_D2,2022,6,235.5,237.5,2.0,03:56,03:58
P24_C24_D2,2023,2,237.5,239.5,2.0,03:58,04:00
P24_C24_D2,2024,1,235.0,237.0,2.0,03:55,03:57
P25_C25_D2,2021,41,245.0,247.0,2.0,04:05,04:07
P25_C25_D2,2022,8,245.5,247.5,2.0,04:06,04:08
P25_C25_D2,2023,5,248.0,250.0,2.0,04:08,04:10
P25_C25_D2,2024,1,248.0,250.0,2.0,04:08,04:10
P26_C26_D2,2021,47,256.0,258.0,2.0,04:16,04:18
P26_C26_D2,2022,10,254.5,256.5,2.0,04:14,04:16
P26_C26_D2,2023,1,255.0,257.0,2.0,04:15,04:17
P26_C26_D2,2024,1,253.0,255.0,2.0,04:13,04:15
P27_C27_D2,2021,48,265.0,267.0,2.0,04:25,04:27
P27_C27_D2,2022,10,265.0,267.0,2.0,04:25,04:27
P27_C27_D2,2023,8,266.0,268.0,2.0,04:26,04:28
P27_C27_D2,2024,1,268.0,270.0,2.0,04:28,04:30
P27_C28_D2,2021,14,271.0,273.0,2.0,04:31,04:33
P27_C28_D2,2022,5,271.0,273.0,2.0,04:31,04:33
P27_C28_D2,2024,1,271.0,273.0,2.0,04:31,04:33
P28_C28_D2,2021,35,276.0,278.0,2.0,04:36,04:38
P28_C28_D2,2022,13,274.0,276.0,2.0,04:34,04:36
P28_C28_D2,2023,7,274.0,276.0,2.0,04:34,04:36
P29_C29_D2,2021,49,286.0,288.0,2.0,04:46,04:48
P29_C29_D2,2022,6,287.5,289.5,2.0,04:48,04:50
P29_C29_D2,2023,5,283.0,285.0,2.0,04:43,04:45
P29_C29_D2,2024,2,285.0,287.0,2.0,04:45,04:47
P2_C2_D2,2021,30,15.0,17.0,2.0,00:15,00:17
P2_C2_D2,2022,18,14.0,16.0,2.0,00:14,00:16
P2_C2_D2,2023,7,13.0,15.0,2.0,00:13,00:15
P2_C3_D2,2021,11,20.0,22.0,2.0,00:20,00:22
P2_C3_D2,2022,8,20.0,22.0,2.0,00:20,00:22
P2_C3_D2,2023,1,20.0,22.0,2.0,00:20,00:22
P30_C30_D2,2021,40,295.0,297.0,2.0,04:55,04:57
P30_C30_D2,2022,6,295.0,297.0,2.0,04:55,04:57
P30_C30_D2,2023,5,296.0,298.0,2.0,04:56,04:58
P31_C31_D2,2021,28,306.0,308.0,2.0,05:06,05:08
P31_C31_D2,2022,7,307.0,309.0,2.0,05:07,05:09
P31_C31_D2,2023,3,308.0,310.0,2.0,05:08,05:10
P31_C31_D2,2024,1,302.0,304.0,2.0,05:02,05:04
P32_C32_D2,2021,21,316.0,318.0,2.0,05:16,05:18
P32_C32_D2,2022,8,316.5,318.5,2.0,05:16,05:18
P32_C32_D2,2023,2,318.5,320.5,2.0,05:18,05:20
P33_C33_D2,2021,28,325.0,327.0,2.0,05:25,05:27
P33_C33_D2,2022,6,324.0,326.0,2.0,05:24,05:26
P33_C33_D2,2023,1,322.0,324.0,2.0,05:22,05:24
P34_C34_D2,2021,21,336.0,338.0,2.0,05:36,05:38
P34_C34_D2,2022,7,333.0,335.0,2.0,05:33,05:35
P34_C34_D2,2023,2,332.0,334.0,2.0,05:32,05:34
P35_C35_D2,2021,22,343.5,345.5,2.0,05:44,05:46
P35_C35_D2,2022,7,345.0,347.0,2.0,05:45,05:47
P35_C35_D2,2023,2,346.0,348.0,2.0,05:46,05:48
P3_C3_D2,2021,30,25.0,27.0,2.0,00:25,00:27
P3_C3_D2,2022,20,24.0,26.0,2.0,00:24,00:26
P3_C3_D2,2023,2,25.0,27.0,2.0,00:25,00:27
P3_C3_D2,2024,1,27.0,29.0,2.0,00:27,00:29
P4_C4_D2,2021,24,36.0,38.0,2.0,00:36,00:38
P4_C4_D2,2022,13,35.0,37.0,2.0,00:35,00:37
P4_C4_D2,2023,2,34.5,36.5,2.0,00:34,00:36
P4_C4_D2,2024,1,32.0,34.0,2.0,00:32,00:34
P5_C5_D2,2021,28,45.0,47.0,2.0,00:45,00:47
P5_C5_D2,2022,14,44.5,46.5,2.0,00:44,00:46
P5_C5_D2,2023,3,45.0,47.0,2.0,00:45,00:47
P6_C6_D2,2021,15,56.0,58.0,2.0,00:56,00:58
P6_C6_D2,2022,5,56.0,58.0,2.0,00:56,00:58
P6_C6_D2,2023,3,55.0,57.0,2.0,00:55,00:57
P9_C9_D2,2021,23,84.0,86.0,2.0,01:24,01:26
P9_C9_D2,2022,7,84.0,86.0,2.0,01:24,01:26
P9_C9_D2,2023,3,85.0,87.0,2.0,01:25,01:27
