Datetime,Direction,Pattern,Score,ADX,Close,SL,TP
2021-09-30 12:00:00,SELL,Bearish Pin Bar,7,28.668253605366743,1725.405,1728.523,1716.0510000000002
2021-10-04 11:30:00,SELL,Hanging Man,7,38.986336747359566,1750.769,1751.846,1747.538
2021-10-05 08:45:00,SELL,Three Black Crows,8,34.56058105535492,1755.722,1757.607,1750.067
2021-10-05 13:00:00,SELL,Three Black Crows,9,25.47186857678754,1753.326,1757.646,1740.3660000000002
2021-10-06 05:30:00,SELL,Evening Star,11,45.73360809986488,1751.892,1754.023,1745.4990000000005
2021-10-06 06:45:00,SELL,Bearish Inside Bar,8,40.54394211855134,1752.303,1754.441,1745.8890000000004
2021-10-06 07:45:00,SELL,Evening Star,11,43.35176589656538,1747.8,1750.736,1738.9919999999995
2021-10-06 09:30:00,SELL,Bearish Inside Bar,8,44.15201592473714,1748.128,1749.69,1743.4419999999996
2021-10-06 10:15:00,SELL,Hanging Man,7,40.54270136670926,1750.086,1751.085,1747.089
2021-10-11 23:45:00,SELL,Evening Star,8,26.4442760560126,1753.295,1754.883,1748.5310000000002
2021-10-14 07:30:00,BUY,Morning Star,9,28.60216655608967,1793.776,1790.15,1804.654
2021-10-14 12:45:00,BUY,Bullish Pin Bar,8,34.93238886204574,1798.948,1795.541,1809.1690000000006
2021-10-19 13:15:00,BUY,Bullish Inside Bar,6,25.03250564176345,1780.877,1777.944,1789.676
2021-10-25 14:45:00,BUY,Bullish Inside Bar,7,40.067862654081296,1806.982,1805.704,1810.816
2021-10-25 18:45:00,BUY,Bullish Engulfing,6,27.617715940656655,1808.09,1806.806,1811.9419999999996
2021-10-28 05:45:00,BUY,Bullish Pin Bar,8,32.79550633561092,1802.106,1800.366,1807.326
2021-10-28 08:00:00,BUY,Bullish Inside Bar,7,41.281769626871785,1802.752,1800.773,1808.689
2021-11-03 17:45:00,SELL,Bearish Inside Bar,7,49.842605845541996,1765.021,1766.427,1760.803
2021-11-08 15:15:00,BUY,Bullish Inside Bar,6,27.51453726099542,1821.938,1820.182,1827.2060000000004
2021-11-08 16:00:00,BUY,Bullish Engulfing,6,26.924658162767034,1822.445,1818.902,1833.0739999999996
2021-11-11 13:30:00,BUY,Bullish Inside Bar,7,34.79577000843042,1862.388,1859.042,1872.426
2021-11-17 11:00:00,BUY,Bullish Engulfing,7,31.543639019933707,1860.771,1858.805,1866.6689999999996
2021-11-17 16:45:00,BUY,Bullish Engulfing,6,26.228216797939304,1866.236,1862.502,1877.4380000000006
2021-11-17 18:00:00,BUY,Bullish Engulfing,6,25.29010640130839,1867.636,1863.347,1880.503
2021-11-23 13:00:00,SELL,Hanging Man,8,46.53754891491849,1790.724,1792.976,1783.9679999999994
2021-11-24 13:45:00,SELL,Bearish Inside Bar,7,31.48713808108812,1784.488,1787.349,1775.9050000000004
2021-11-29 15:00:00,SELL,Hanging Man,8,34.165727636501096,1788.678,1789.204,1787.1000000000006
2021-11-29 18:45:00,SELL,Bearish Inside Bar,6,33.47625569758519,1783.97,1785.655,1778.9150000000002
2021-11-29 20:15:00,SELL,Bearish Inside Bar,6,32.69359371108931,1784.34,1785.49,1780.8899999999996
2021-12-02 08:45:00,SELL,Bearish Inside Bar,6,35.87653456521271,1770.381,1772.0,1765.5240000000003
2021-12-02 10:15:00,SELL,Bearish Pin Bar,7,37.71170586682479,1774.184,1776.599,1766.939
2021-12-02 16:30:00,SELL,Bearish Pin Bar,6,28.79470814750855,1765.769,1769.639,1754.1590000000003
2021-12-06 13:15:00,SELL,Hanging Man,7,26.348074368977183,1779.585,1780.185,1777.7850000000003
2021-12-08 15:15:00,SELL,Bearish Inside Bar,7,39.04708003793195,1781.746,1784.008,1774.9600000000003
2021-12-08 16:30:00,SELL,Bearish Engulfing,10,40.20815207240281,1781.688,1783.347,1776.7110000000005
2021-12-14 15:00:00,SELL,Bearish Inside Bar,6,26.767393515072886,1773.491,1777.055,1762.7989999999998
2021-12-15 18:15:00,SELL,Three Black Crows,7,29.478916706060588,1763.672,1766.299,1755.7910000000002
2021-12-15 19:00:00,SELL,Hanging Man,8,36.238174335789,1765.787,1767.213,1761.5090000000002
2021-12-17 10:00:00,BUY,Bullish Inside Bar,7,52.391785980094525,1807.403,1805.783,1812.2630000000004
2021-12-17 11:30:00,BUY,Bullish Inside Bar,6,39.91655868886629,1809.156,1807.651,1813.6709999999996
2021-12-20 13:45:00,SELL,Bearish Inside Bar,7,28.141947088706136,1796.239,1798.545,1789.321
2021-12-20 15:15:00,SELL,Bearish Inside Bar,6,35.7758605745123,1794.486,1796.811,1787.5110000000006
2021-12-20 20:00:00,SELL,Hanging Man,6,38.22992978511802,1789.852,1791.071,1786.1950000000006
2021-12-28 08:00:00,BUY,Morning Star,8,31.642602563930055,1814.921,1813.035,1820.579
2021-12-28 11:30:00,BUY,Bullish Inside Bar,6,37.39804890439455,1817.327,1815.977,1821.3769999999997
2021-12-28 13:15:00,BUY,Morning Star,9,33.77906238882523,1818.567,1814.793,1829.8890000000004
2022-01-11 06:00:00,BUY,Three White Soldiers,10,42.1105484482856,1809.347,1807.843,1813.8589999999997
2022-01-11 06:45:00,BUY,Bullish Inside Bar,8,40.91860507847863,1808.191,1806.575,1813.039
2022-01-11 08:15:00,BUY,Bullish Inside Bar,6,36.842743180537056,1809.413,1807.885,1813.997
2022-01-12 16:30:00,BUY,Morning Star,7,25.393512973908834,1823.936,1821.182,1832.1979999999996
2022-01-14 07:15:00,BUY,Bullish Pin Bar,8,36.81471423459331,1826.806,1825.24,1831.5040000000001
2022-01-24 07:15:00,BUY,Bullish Engulfing,9,29.85340208692897,1838.777,1835.855,1847.5430000000001
2022-01-24 08:00:00,BUY,Morning Star,9,31.00319848787354,1840.081,1837.155,1848.8589999999997
2022-01-27 19:15:00,SELL,Bearish Inside Bar,7,39.98736047278205,1794.345,1796.123,1789.011
2022-02-17 12:00:00,BUY,Bullish Engulfing,7,28.511993508433363,1885.797,1882.252,1896.4320000000002
2022-02-17 13:30:00,BUY,Three White Soldiers,10,32.055648178790605,1897.311,1891.024,1916.172
2022-02-22 05:30:00,BUY,Bullish Engulfing,7,30.803395923383786,1909.298,1907.381,1915.0489999999998
2022-02-24 08:30:00,BUY,Bullish Inside Bar,7,50.64586689733236,1941.795,1939.214,1949.5380000000005
2022-03-01 15:30:00,BUY,Morning Star,7,30.52608915801497,1927.02,1918.848,1951.536
2022-03-10 13:30:00,BUY,Bullish Engulfing,8,28.509611548451712,2007.883,2000.108,2031.2080000000003
2022-03-17 06:30:00,BUY,Morning Star,6,30.609336616248985,1933.864,1931.552,1940.8000000000004
2022-03-17 09:15:00,BUY,Bullish Pin Bar,6,26.244264815647483,1937.681,1934.224,1948.0520000000004
2022-03-23 11:30:00,BUY,Bullish Inside Bar,6,35.31503851962912,1931.164,1927.632,1941.7599999999998
2022-03-29 11:45:00,SELL,Hanging Man,7,38.89503000770801,1908.022,1911.995,1896.103
2022-03-31 08:15:00,SELL,Three Black Crows,7,32.498335619847516,1925.948,1929.872,1914.1760000000002
2022-04-01 12:30:00,SELL,Hanging Man,6,28.010023203818868,1931.897,1933.335,1927.5829999999996
2022-04-01 19:45:00,SELL,Evening Star,7,27.36291077839508,1922.445,1925.275,1913.9549999999995
2022-04-04 06:00:00,SELL,Hanging Man,6,29.349656353170026,1919.379,1920.89,1914.8459999999993
2022-04-05 19:00:00,SELL,Bearish Inside Bar,6,28.335076037822603,1922.856,1924.623,1917.5549999999998
2022-04-11 10:45:00,BUY,Morning Star,9,33.811296911542705,1956.463,1952.374,1968.7299999999998
2022-04-18 06:00:00,BUY,Morning Star,9,35.679629456625506,1986.439,1983.171,1996.2430000000002
2022-04-21 15:00:00,SELL,Bearish Inside Bar,6,34.83342919896215,1944.364,1946.8,1937.0560000000003
2022-04-22 12:45:00,SELL,Bearish Inside Bar,7,37.60228448424497,1937.047,1939.678,1929.1539999999998
2022-04-25 11:30:00,SELL,Bearish Engulfing,7,30.12298118540541,1907.417,1910.726,1897.4899999999993
2022-04-25 14:00:00,SELL,Hanging Man,8,40.204927972284594,1898.142,1899.866,1892.9700000000003
2022-04-27 06:00:00,SELL,Hanging Man,7,25.016036049596863,1898.885,1899.906,1895.8220000000001
2022-05-02 06:00:00,SELL,Hanging Man,9,60.350669534819765,1885.117,1886.644,1880.5359999999998
2022-05-02 07:45:00,SELL,Evening Star,9,51.40931786746886,1884.317,1886.335,1878.263
2022-05-09 08:15:00,SELL,Bearish Pin Bar,10,41.65893586522388,1870.05,1872.632,1862.3039999999996
2022-05-09 13:30:00,SELL,Evening Star,8,34.64792057173886,1864.042,1868.763,1849.879
2022-05-12 15:15:00,SELL,Evening Star,8,25.87600877307998,1837.386,1841.983,1823.595
2022-05-16 09:45:00,SELL,Evening Star,8,29.945944650203774,1800.401,1802.965,1792.7090000000005
2022-05-17 18:15:00,SELL,Bearish Pin Bar,8,31.786378926003117,1816.375,1819.506,1806.9819999999997
2022-05-25 08:45:00,SELL,Bearish Inside Bar,8,43.55009900400604,1855.971,1858.257,1849.1129999999998
2022-05-25 12:30:00,SELL,Bearish Pin Bar,9,43.528654386873896,1854.612,1857.591,1845.6750000000006
2022-05-25 14:15:00,SELL,Bearish Engulfing,9,46.186653930054206,1848.81,1851.488,1840.7759999999996
2022-05-31 15:00:00,SELL,Evening Star,8,32.05687993844798,1843.869,1847.577,1832.7449999999997
2022-06-01 04:30:00,SELL,Hanging Man,8,41.26566000832276,1833.802,1834.888,1830.5439999999999
2022-06-01 07:30:00,SELL,Evening Star,9,33.85863738373867,1832.681,1836.721,1820.5610000000001
2022-06-02 22:15:00,BUY,Bullish Inside Bar,7,45.160910527181315,1869.341,1868.624,1871.4919999999995
2022-06-03 19:45:00,SELL,Bearish Inside Bar,7,44.073557067958426,1850.659,1851.628,1847.7520000000006
2022-06-13 17:45:00,SELL,Bearish Inside Bar,7,49.921146046718654,1828.597,1830.442,1823.062
2022-06-14 13:00:00,SELL,Bearish Pin Bar,9,27.60282151564289,1819.51,1822.453,1810.681
2022-06-14 17:45:00,SELL,Bearish Pin Bar,7,34.83432020648668,1811.308,1813.733,1804.0330000000001
2022-06-16 23:00:00,BUY,Bullish Engulfing,7,36.65712323307242,1851.563,1849.356,1858.1840000000004
2022-06-24 04:30:00,SELL,Hanging Man,6,26.822927316338372,1825.061,1825.599,1823.447
2022-06-27 13:00:00,SELL,Bearish Pin Bar,8,27.269192261387765,1830.944,1835.039,1818.6589999999999
2022-06-27 17:15:00,SELL,Bearish Inside Bar,6,34.32941807024313,1823.483,1825.58,1817.192
2022-06-28 12:15:00,SELL,Hanging Man,7,27.124514907414266,1823.942,1825.476,1819.3399999999997
2022-06-30 09:00:00,SELL,Bearish Inside Bar,6,30.326985310666252,1814.784,1816.55,1809.4860000000006
2022-06-30 11:15:00,SELL,Bearish Inside Bar,7,37.49621623095,1810.458,1812.692,1803.7560000000003
2022-07-01 09:15:00,SELL,Bearish Pin Bar,10,56.075057396766844,1794.739,1797.502,1786.4500000000003
2022-07-01 10:45:00,SELL,Bearish Pin Bar,9,52.8471438311219,1789.684,1792.043,1782.6070000000002
2022-07-01 12:45:00,SELL,Hanging Man,8,56.093885327439104,1789.767,1791.38,1784.9279999999999
2022-07-05 09:45:00,SELL,Hanging Man,8,40.42406012574018,1803.491,1804.301,1801.0610000000001
2022-07-05 13:15:00,SELL,Bearish Pin Bar,9,39.805826193906725,1793.702,1796.817,1784.357
2022-07-05 22:45:00,SELL,Bearish Inside Bar,7,48.49105026340102,1768.082,1768.932,1765.5320000000004
2022-07-06 07:00:00,SELL,Hanging Man,6,25.702391779189806,1768.685,1770.017,1764.6889999999996
2022-07-13 13:15:00,SELL,Hanging Man,7,32.66079071681861,1717.794,1720.476,1709.748
2022-07-14 11:45:00,SELL,Bearish Inside Bar,8,57.36555724869446,1713.712,1716.254,1706.0860000000002
2022-07-21 06:45:00,SELL,Bearish Inside Bar,7,43.432854983997075,1689.459,1690.908,1685.1120000000005
2022-07-25 16:45:00,SELL,Bearish Inside Bar,6,34.850531989331216,1717.946,1719.54,1713.1639999999998
2022-07-26 12:15:00,SELL,Hanging Man,7,28.562802537286906,1717.379,1719.447,1711.175
2022-07-26 16:15:00,SELL,Bearish Inside Bar,6,32.93307729098319,1717.617,1719.256,1712.6999999999996
2022-08-01 12:00:00,BUY,Bullish Pin Bar,8,31.672006966876296,1773.021,1769.679,1783.0469999999996
2022-08-01 13:00:00,BUY,Morning Star,7,27.233563926906353,1772.708,1768.205,1786.2170000000006
2022-08-04 08:00:00,BUY,Bullish Inside Bar,7,41.304857076197955,1774.582,1772.327,1781.3470000000004
2022-08-08 14:00:00,BUY,Bullish Pin Bar,9,35.709681435054186,1785.238,1782.448,1793.608
2022-08-08 23:00:00,BUY,Bullish Engulfing,7,27.506888121097315,1788.809,1787.354,1793.1739999999998
2022-08-19 19:45:00,SELL,Bearish Inside Bar,6,33.29780477661835,1746.5,1747.79,1742.63
2022-08-22 10:00:00,SELL,Bearish Inside Bar,7,49.991296533142425,1736.087,1737.98,1730.408
2022-08-22 11:15:00,SELL,Bearish Inside Bar,8,43.547069750288635,1735.186,1736.316,1731.7959999999996
2022-08-25 05:45:00,BUY,Bullish Pin Bar,8,33.23253358494816,1757.045,1755.476,1761.752
2022-08-25 10:30:00,BUY,Bullish Pin Bar,9,42.043353277951375,1763.008,1761.309,1768.1050000000002
2022-08-26 14:15:00,SELL,Bearish Inside Bar,7,37.06978043141549,1746.019,1755.458,1717.7019999999998
2022-08-29 07:00:00,SELL,Evening Star,8,39.39789071572316,1722.752,1725.014,1715.9660000000001
2022-08-31 23:45:00,SELL,Hanging Man,6,36.97864900393494,1708.952,1710.351,1704.7549999999997
2022-09-06 18:15:00,SELL,Bearish Inside Bar,6,39.60029679089139,1700.353,1702.275,1694.587
2022-09-06 19:30:00,SELL,Evening Star,9,38.39554753687713,1700.361,1702.34,1694.4240000000007
2022-09-15 08:00:00,SELL,Hanging Man,9,46.25897043911084,1689.562,1690.451,1686.8949999999995
2022-09-15 12:00:00,SELL,Hanging Man,7,32.163871968725516,1686.88,1687.404,1685.3080000000004
2022-09-15 13:30:00,SELL,Hanging Man,7,28.438255151979046,1683.855,1684.65,1681.4699999999998
2022-09-20 15:15:00,SELL,Bearish Engulfing,8,31.440027802356646,1664.833,1667.001,1658.3290000000004
2022-09-23 13:15:00,SELL,Bearish Inside Bar,6,46.41424602139799,1652.569,1657.186,1638.718
2022-09-26 05:45:00,SELL,Bearish Pin Bar,7,32.273328387202255,1637.007,1640.725,1625.8530000000005
2022-09-28 05:45:00,SELL,Evening Star,6,25.41204102193732,1623.247,1625.483,1616.5390000000004
2022-09-28 07:15:00,SELL,Hanging Man,8,33.79458378825257,1618.578,1619.26,1616.532
2022-09-29 08:15:00,SELL,Bearish Engulfing,7,28.783660543452182,1644.608,1647.883,1634.7829999999997
2022-10-04 09:15:00,BUY,Bullish Inside Bar,6,35.89660084803857,1708.18,1705.387,1716.5590000000004
2022-10-04 19:15:00,BUY,Bullish Inside Bar,6,32.06013000511663,1725.079,1722.857,1731.745
2022-10-10 08:45:00,SELL,Bearish Inside Bar,6,36.65547846399737,1680.106,1682.01,1674.394
2022-10-10 14:15:00,SELL,Evening Star,8,30.387441808506896,1673.616,1679.071,1657.2510000000002
2022-10-10 17:15:00,SELL,Bearish Inside Bar,6,34.57478974707423,1667.997,1670.188,1661.424
2022-10-14 13:15:00,SELL,Evening Star,7,30.17407130659254,1654.567,1660.084,1638.0159999999998
2022-10-14 16:00:00,SELL,Bearish Pin Bar,9,34.81013058709346,1642.927,1649.355,1623.6429999999996
2022-10-17 22:15:00,SELL,Bearish Engulfing,9,33.48167904821973,1650.379,1651.765,1646.2209999999993
2022-10-19 10:30:00,SELL,Three Black Crows,8,30.83874079177233,1633.643,1636.384,1625.42
2022-10-21 05:45:00,SELL,Bearish Inside Bar,7,39.92094635537794,1621.332,1623.315,1615.3830000000003
2022-10-21 08:15:00,SELL,Three Black Crows,7,28.330614048529398,1621.073,1623.143,1614.8630000000003
2022-10-26 11:00:00,BUY,Bullish Engulfing,9,48.464409104566876,1670.357,1668.002,1677.422
2022-10-27 18:45:00,SELL,Bearish Engulfing,8,25.260001186325066,1658.617,1660.122,1654.1019999999996
2022-10-28 11:30:00,SELL,Bearish Pin Bar,10,53.45296750195937,1650.802,1653.415,1642.9629999999997
2022-10-28 15:00:00,SELL,Bearish Engulfing,9,49.51827877808013,1640.86,1644.308,1630.5159999999996
2022-11-03 12:15:00,SELL,Bearish Inside Bar,6,33.91454025543673,1621.877,1625.142,1612.0819999999997
2022-11-10 23:30:00,BUY,Bullish Inside Bar,8,53.23793118217151,1754.186,1752.653,1758.7849999999996
2022-11-11 06:45:00,BUY,Bullish Inside Bar,7,36.79757090004683,1758.009,1755.097,1766.7450000000001
2022-11-11 08:15:00,BUY,Bullish Inside Bar,6,37.64282900940952,1759.837,1755.692,1772.272
2022-11-14 16:30:00,BUY,Morning Star,9,38.784202357351845,1770.384,1767.238,1779.822
2022-11-22 11:15:00,BUY,Bullish Engulfing,8,31.015671246887,1748.196,1745.222,1757.1179999999997
2022-11-24 05:15:00,BUY,Bullish Harami,6,33.39694239386812,1754.48,1753.784,1756.5679999999998
2022-11-29 07:00:00,BUY,Bullish Inside Bar,6,39.83722009675912,1752.742,1751.167,1757.467
2022-11-29 08:15:00,BUY,Bullish Inside Bar,8,37.180400087533975,1755.247,1752.87,1762.3780000000006
2022-12-01 20:30:00,BUY,Morning Star,8,34.34839320656712,1803.008,1801.064,1808.84
2022-12-07 16:30:00,BUY,Morning Star,7,25.94978775937921,1780.338,1777.215,1789.707
2022-12-13 13:45:00,BUY,Bullish Pin Bar,9,29.796007106885163,1811.042,1804.036,1832.0599999999995
2022-12-13 16:00:00,BUY,Bullish Inside Bar,8,42.20575160684441,1813.289,1809.225,1825.4810000000002
2022-12-20 04:30:00,BUY,Bullish Inside Bar,6,27.76657057975808,1790.345,1788.872,1794.764
2022-12-20 05:45:00,BUY,Bullish Pin Bar,6,26.308709470897785,1788.775,1786.564,1795.4080000000001
2022-12-27 16:30:00,BUY,Bullish Inside Bar,6,38.581997768421175,1821.131,1819.064,1827.332
2022-12-29 19:00:00,BUY,Morning Star,9,40.43134157022512,1818.599,1816.075,1826.1709999999996
2023-01-03 05:30:00,BUY,Bullish Inside Bar,8,43.53971783509415,1840.046,1837.551,1847.5310000000004
2023-01-04 06:00:00,BUY,Three White Soldiers,9,40.743121799692,1847.433,1845.267,1853.9309999999998
2023-01-04 06:45:00,BUY,Bullish Inside Bar,8,42.53194157222682,1847.882,1845.805,1854.113
2023-01-06 21:30:00,BUY,Bullish Engulfing,8,39.34258851668612,1866.451,1865.136,1870.3960000000002
2023-01-09 06:45:00,BUY,Bullish Inside Bar,6,40.097929680566814,1878.049,1876.957,1881.3249999999996
2023-01-11 08:30:00,BUY,Bullish Inside Bar,6,32.28378353416077,1883.169,1881.602,1887.8700000000001
2023-01-17 14:45:00,BUY,Bullish Inside Bar,6,25.145602938380907,1913.475,1911.004,1920.888
2023-01-18 14:45:00,BUY,Bullish Pin Bar,10,48.20978150741606,1921.32,1918.143,1930.8509999999997
2023-01-19 05:45:00,BUY,Bullish Inside Bar,6,30.07524900474544,1910.029,1907.943,1916.287
2023-01-20 09:15:00,BUY,Morning Star,8,25.747617983526563,1931.578,1927.603,1943.5029999999997
2023-01-26 04:30:00,BUY,Bullish Engulfing,9,35.11663941012431,1947.908,1945.647,1954.6909999999998
2023-02-01 13:00:00,BUY,Bullish Inside Bar,6,27.969929013837618,1930.423,1929.024,1934.6200000000003
2023-02-02 09:30:00,BUY,Morning Star,8,33.370346932375796,1956.297,1953.18,1965.648
2023-02-02 10:30:00,BUY,Bullish Pin Bar,7,30.70767032204123,1955.868,1953.543,1962.843
2023-02-13 15:45:00,SELL,Evening Star,8,27.692814602141976,1855.201,1858.707,1844.6829999999998
2023-02-15 12:15:00,SELL,Bearish Inside Bar,7,50.524221652832345,1835.572,1837.325,1830.3129999999994
2023-02-15 13:45:00,SELL,Bearish Pin Bar,9,46.110616144406364,1834.668,1839.371,1820.5589999999993
2023-02-17 09:00:00,SELL,Hanging Man,7,49.64116694063744,1822.08,1822.896,1819.6319999999998
2023-02-21 06:00:00,SELL,Bearish Engulfing,7,31.84505654057991,1838.663,1840.19,1834.0819999999999
2023-02-21 07:00:00,SELL,Hanging Man,7,29.1275063091257,1838.456,1839.255,1836.0589999999993
2023-02-21 09:00:00,SELL,Bearish Harami,7,35.90105927298988,1834.078,1835.41,1830.0819999999997
2023-02-24 14:15:00,SELL,Bearish Pin Bar,9,32.023692581707174,1811.258,1814.089,1802.7650000000003
2023-02-27 06:15:00,SELL,Bearish Pin Bar,7,31.678032104984233,1809.069,1810.982,1803.33
2023-02-28 09:15:00,SELL,Bearish Harami,7,35.0557991994915,1812.181,1813.091,1809.4510000000005
2023-02-28 13:15:00,SELL,Hanging Man,6,38.67103269960788,1809.294,1809.907,1807.4550000000006
2023-03-08 05:15:00,SELL,Hanging Man,7,47.304847000761036,1811.265,1811.908,1809.3360000000007
2023-03-10 17:30:00,BUY,Three White Soldiers,8,35.768318647167355,1864.333,1860.55,1875.6820000000005
2023-03-13 19:15:00,BUY,Bullish Engulfing,7,33.818086729876164,1912.387,1907.42,1927.2879999999996
2023-03-15 16:15:00,BUY,Three White Soldiers,9,40.72189733654072,1933.819,1929.43,1946.9859999999996
2023-03-17 07:15:00,BUY,Bullish Harami,8,41.72630811710408,1929.468,1928.57,1932.1620000000005
2023-03-17 12:30:00,BUY,Three White Soldiers,10,40.23034838509347,1944.269,1940.135,1956.671
2023-03-22 19:15:00,BUY,Bullish Inside Bar,7,31.165045569637815,1967.996,1960.264,1991.1920000000007
2023-03-23 07:15:00,BUY,Bullish Engulfing,10,40.94747832328059,1982.71,1976.1,2002.5400000000004
2023-03-23 08:00:00,BUY,Bullish Inside Bar,8,39.78073302804716,1978.041,1975.475,1985.739
2023-03-30 12:45:00,BUY,Bullish Inside Bar,7,38.19514658659757,1970.249,1967.427,1978.7150000000004
2023-03-30 15:30:00,BUY,Bullish Inside Bar,6,32.93351330599947,1974.36,1971.699,1982.3429999999994
2023-04-03 13:30:00,BUY,Bullish Pin Bar,11,54.7860798509801,1979.917,1971.843,2004.1389999999994
2023-04-04 22:15:00,BUY,Bullish Inside Bar,8,52.93632331732232,2021.252,2019.276,2027.1799999999996
2023-04-05 07:15:00,BUY,Bullish Pin Bar,9,34.129108500829055,2027.153,2023.611,2037.7789999999998
2023-04-11 06:00:00,BUY,Morning Star,8,27.3913574735513,2000.289,1997.953,2007.297
2023-04-11 09:45:00,BUY,Bullish Inside Bar,6,31.462145656962605,2004.493,2002.897,2009.281
2023-04-13 15:30:00,BUY,Three White Soldiers,9,46.97678211934669,2041.795,2039.111,2049.8469999999998
2023-04-19 16:00:00,BUY,Morning Star,8,36.81310913746411,1992.795,1989.8,2001.7800000000004
2023-04-27 05:30:00,BUY,Bullish Inside Bar,7,36.35429531426108,2000.895,1998.791,2007.207
2023-04-27 06:30:00,BUY,Bullish Inside Bar,7,33.73094524391028,2001.847,1999.022,2010.3220000000001
2023-05-03 22:15:00,BUY,Bullish Inside Bar,7,41.39094484472749,2058.095,2046.322,2093.4139999999998
2023-05-04 04:15:00,BUY,Three White Soldiers,7,30.483440394131563,2043.265,2041.457,2048.6890000000003
2023-05-09 20:00:00,BUY,Bullish Inside Bar,6,27.36634143583276,2034.746,2033.586,2038.2260000000003
2023-05-15 06:45:00,BUY,Morning Star,7,26.612907091114124,2016.489,2014.728,2021.772
2023-05-17 08:15:00,SELL,Hanging Man,6,30.53770052452027,1987.408,1988.478,1984.1979999999994
2023-05-17 12:15:00,SELL,Hanging Man,6,29.980737167162165,1985.211,1987.145,1979.409
2023-05-17 13:45:00,SELL,Three Black Crows,9,33.73935064961468,1977.645,1982.203,1963.971
2023-05-18 07:15:00,SELL,Hanging Man,7,26.066395154525722,1977.997,1978.705,1975.8730000000005
2023-05-18 20:15:00,SELL,Bearish Inside Bar,6,39.40580538210178,1957.125,1958.1,1954.2000000000003
2023-05-24 19:45:00,SELL,Bearish Engulfing,9,40.30859354010958,1958.972,1961.436,1951.5800000000002
2023-05-26 14:45:00,SELL,Hanging Man,7,27.530154385953928,1942.03,1942.954,1939.258
2023-06-05 04:00:00,SELL,Evening Star,10,48.21370306726322,1945.153,1947.838,1937.0980000000002
2023-06-05 08:30:00,SELL,Evening Star,9,40.09885710646038,1941.128,1942.674,1936.4899999999998
2023-06-07 23:00:00,SELL,Bearish Engulfing,6,26.107851355804144,1941.955,1942.905,1939.1049999999998
2023-06-13 13:45:00,SELL,Bearish Pin Bar,10,38.32203016556377,1954.097,1957.831,1942.8950000000002
2023-06-14 19:00:00,SELL,Bearish Engulfing,9,31.84302210724362,1948.037,1952.016,1936.1
2023-06-16 16:00:00,SELL,Bearish Inside Bar,6,30.55002006356785,1955.624,1957.335,1950.491
2023-06-21 14:00:00,SELL,Bearish Harami,8,41.43755359453023,1927.618,1929.764,1921.18
2023-06-28 13:00:00,SELL,Hanging Man,6,28.24064131388987,1906.543,1907.744,1902.9399999999998
2023-07-03 09:15:00,SELL,Bearish Inside Bar,6,29.844157451222152,1913.063,1914.611,1908.419
2023-07-18 12:45:00,BUY,Bullish Inside Bar,7,26.417599508091772,1968.713,1960.35,1993.8020000000001
2023-07-18 14:15:00,BUY,Three White Soldiers,9,35.35446388367831,1981.471,1975.256,2000.1159999999998
2023-07-18 22:15:00,BUY,Bullish Engulfing,7,26.909838611237333,1978.985,1978.148,1981.4959999999999
2023-07-26 10:45:00,BUY,Morning Star,9,35.464358692811906,1971.655,1969.854,1977.0579999999998
2023-07-26 12:00:00,BUY,Bullish Pin Bar,9,35.93081565781221,1972.332,1970.705,1977.2130000000006
2023-07-26 15:00:00,BUY,Three White Soldiers,6,27.858155651980624,1970.856,1967.983,1979.4750000000001
2023-07-28 12:15:00,BUY,Bullish Pin Bar,9,27.575449775920596,1956.38,1953.805,1964.1050000000002
2023-07-28 13:30:00,BUY,Bullish Pin Bar,8,30.89665639843173,1955.979,1952.054,1967.754
2023-08-07 07:15:00,SELL,Bearish Engulfing,9,32.96683245227415,1936.627,1938.417,1931.257
2023-08-07 11:00:00,SELL,Bearish Inside Bar,6,37.90615398632602,1934.674,1935.731,1931.503
2023-08-08 12:30:00,SELL,Bearish Pin Bar,9,29.550570302165323,1925.339,1930.237,1910.6449999999995
2023-08-08 13:15:00,SELL,Bearish Engulfing,7,29.856154274373228,1924.761,1929.372,1910.9279999999997
2023-08-09 11:45:00,SELL,Bearish Inside Bar,7,34.15637524927581,1924.564,1926.617,1918.4050000000004
2023-08-16 22:45:00,SELL,Bearish Engulfing,10,46.03715904132408,1894.305,1895.064,1892.028
2023-08-25 06:00:00,SELL,Hanging Man,6,33.24462265803575,1914.154,1915.065,1911.4209999999998
2023-08-29 22:45:00,BUY,Bullish Inside Bar,7,39.61341277703013,1937.13,1936.429,1939.2330000000002
2023-09-06 09:15:00,SELL,Evening Star,8,27.0853037707659,1923.323,1925.177,1917.7610000000006
2023-09-19 11:45:00,BUY,Bullish Pin Bar,8,37.64654050373526,1935.207,1933.93,1939.0380000000002
2023-09-26 06:45:00,SELL,Three Black Crows,9,35.07353354446195,1910.461,1912.405,1904.6290000000001
2023-09-26 15:15:00,SELL,Bearish Inside Bar,6,39.06956314265136,1903.302,1904.809,1898.7809999999997
2023-09-27 06:15:00,SELL,Bearish Harami,6,26.22448594280851,1896.898,1897.968,1893.6879999999994
2023-09-27 19:15:00,SELL,Bearish Inside Bar,8,52.77422384666413,1876.65,1878.503,1871.0910000000006
2023-10-05 09:45:00,SELL,Bearish Pin Bar,7,32.22118019070935,1821.912,1823.815,1816.203
2023-10-05 13:45:00,SELL,Hanging Man,7,28.941704435839814,1820.63,1822.342,1815.4940000000001
2023-10-05 14:30:00,SELL,Hanging Man,6,28.517095985175747,1819.056,1820.418,1814.9700000000005
2023-10-16 12:45:00,BUY,Bullish Pin Bar,9,28.29242196526163,1918.674,1916.365,1925.6009999999999
2023-10-16 13:30:00,BUY,Bullish Pin Bar,7,26.807666505698393,1918.525,1913.88,1932.46
2023-10-17 14:00:00,BUY,Bullish Inside Bar,7,26.604645063673193,1930.282,1926.184,1942.5759999999998
2023-10-19 23:00:00,BUY,Bullish Engulfing,9,35.56722296337716,1976.756,1971.929,1991.237
2023-10-20 06:45:00,BUY,Morning Star,9,27.71948481284857,1979.321,1975.001,1992.2809999999997
2023-10-20 09:45:00,BUY,Bullish Pin Bar,7,31.65445808568434,1982.564,1979.757,1990.9850000000001
2023-10-20 14:00:00,BUY,Three White Soldiers,9,26.40243177746931,1990.531,1986.529,2002.5369999999998
2023-10-30 14:00:00,BUY,Morning Star,8,26.79604335600973,2000.49,1997.437,2009.6490000000003
2023-10-31 14:00:00,BUY,Three White Soldiers,9,25.789388935421407,2005.372,1999.441,2023.1650000000002
2023-11-07 23:30:00,BUY,Bullish Engulfing,8,26.83812568067886,1969.048,1967.689,1973.1249999999998
2023-11-09 18:00:00,BUY,Bullish Pin Bar,9,36.845248834574264,1962.058,1957.831,1974.7390000000003
2023-11-15 09:45:00,BUY,Bullish Inside Bar,6,37.774072079838305,1971.395,1969.973,1975.661
2023-11-21 07:15:00,BUY,Bullish Pin Bar,9,47.76673589691995,1992.235,1990.412,1997.7039999999995
2023-11-22 09:00:00,BUY,Morning Star,8,29.962770724179776,2001.616,1998.973,2009.545
2023-11-27 04:15:00,BUY,Bullish Inside Bar,7,37.44863838212979,2010.292,2008.745,2014.933
2023-11-27 05:30:00,BUY,Bullish Inside Bar,6,34.71780267527392,2012.057,2010.374,2017.106
2023-12-01 16:30:00,BUY,Bullish Inside Bar,7,37.87839596946162,2058.088,2054.908,2067.628000000001
2023-12-07 09:30:00,BUY,Bullish Inside Bar,6,28.36062136529332,2033.695,2030.744,2042.548
2023-12-11 08:30:00,SELL,Bearish Inside Bar,6,29.850827849855065,1995.389,1998.267,1986.7549999999994
2023-12-14 06:00:00,BUY,Three White Soldiers,9,42.49829736832703,2036.813,2033.677,2046.2210000000007
2023-12-22 04:00:00,BUY,Morning Star,7,26.187482411879014,2049.401,2047.5839999999998,2054.852
2023-12-22 13:30:00,BUY,Bullish Pin Bar,9,41.4090307606558,2063.174,2057.153,2081.2370000000005
2024-01-03 06:00:00,BUY,Bullish Engulfing,7,30.35926124329047,2065.151,2063.057,2071.433
2024-01-08 09:45:00,SELL,Bearish Pin Bar,10,49.20900835229173,2029.089,2032.188,2019.7919999999995
2024-01-12 11:15:00,BUY,Bullish Inside Bar,6,36.16426132809055,2045.481,2044.342,2048.8979999999997
2024-01-12 13:15:00,BUY,Bullish Engulfing,11,45.52547484463759,2048.553,2043.842,2062.6859999999992
2024-01-22 08:45:00,SELL,Hanging Man,6,34.9554859511544,2022.109,2023.225,2018.761
2024-01-22 17:15:00,SELL,Bearish Engulfing,8,25.243781195431875,2023.374,2025.045,2018.3609999999999
2024-01-22 23:45:00,SELL,Bearish Inside Bar,6,32.77212286200315,2020.552,2021.433,2017.9089999999997
2024-01-24 18:30:00,SELL,Bearish Inside Bar,7,44.34027673415713,2014.212,2016.545,2007.2129999999997
2024-01-25 18:30:00,SELL,Bearish Engulfing,7,25.721963370662763,2015.374,2018.435,2006.1910000000003
2024-01-26 17:00:00,SELL,Hanging Man,6,30.208064017408503,2018.603,2019.293,2016.5330000000006
2024-02-01 04:30:00,BUY,Bullish Engulfing,8,27.373169537276137,2046.242,2044.466,2051.57
2024-02-05 07:45:00,SELL,Bearish Inside Bar,6,38.52947503285577,2027.502,2029.454,2021.646
2024-02-05 12:30:00,SELL,Three Black Crows,9,36.89698286863101,2023.19,2025.838,2015.2460000000003
2024-02-08 05:45:00,SELL,Hanging Man,6,28.820498710015617,2033.387,2034.183,2030.9989999999998
2024-02-21 06:15:00,BUY,Bullish Inside Bar,7,38.408824793797194,2030.374,2029.022,2034.4300000000003
2024-02-23 09:30:00,SELL,Three Black Crows,7,29.002560479396195,2016.692,2018.581,2011.0250000000003
2024-02-23 20:45:00,BUY,Bullish Inside Bar,6,41.52447531129572,2036.549,2035.405,2039.981
2024-02-27 08:00:00,BUY,Bullish Pin Bar,9,36.637155871512896,2035.625,2034.073,2040.2809999999997
2024-02-27 11:30:00,BUY,Bullish Engulfing,8,34.636418684534895,2037.738,2034.99,2045.9820000000002
2024-02-28 15:15:00,BUY,Bullish Pin Bar,8,32.80761493114536,2032.982,2029.882,2042.2819999999997
2024-02-28 17:45:00,BUY,Bullish Engulfing,7,29.586402203183233,2033.761,2031.789,2039.677
2024-03-01 17:00:00,BUY,Three White Soldiers,8,39.7642731356569,2084.831,2079.396,2101.136
2024-03-04 21:15:00,BUY,Bullish Inside Bar,8,53.82872518644105,2115.935,2114.915,2118.995
2024-03-05 06:45:00,BUY,Bullish Engulfing,9,29.898372416976393,2117.214,2114.777,2124.5249999999996
2024-03-05 09:45:00,BUY,Bullish Pin Bar,8,38.14635310326347,2124.493,2121.729,2132.7850000000003
2024-03-05 11:00:00,BUY,Morning Star,10,41.085801600703505,2126.62,2122.04,2140.3599999999997
2024-03-05 13:15:00,BUY,Three White Soldiers,9,34.82978301617751,2131.703,2125.018,2151.758
2024-03-05 14:00:00,BUY,Bullish Inside Bar,8,38.95928291046817,2130.298,2123.681,2150.148999999999
2024-03-05 19:00:00,BUY,Morning Star,8,35.16315406843342,2132.754,2130.291,2140.142999999999
2024-03-06 18:15:00,BUY,Three White Soldiers,7,27.37424832065715,2150.647,2145.987,2164.6269999999995
2024-03-07 07:45:00,BUY,Bullish Pin Bar,6,26.58650496701345,2155.951,2151.678,2168.7700000000004
2024-03-08 16:15:00,BUY,Bullish Inside Bar,6,32.78045752622067,2174.584,2172.407,2181.114999999999
2024-03-13 13:15:00,BUY,Bullish Engulfing,6,25.091385840079397,2164.52,2160.872,2175.4640000000004
2024-03-13 14:30:00,BUY,Bullish Inside Bar,7,32.610927938572246,2168.049,2165.53,2175.6059999999993
2024-03-21 04:45:00,BUY,Bullish Inside Bar,7,44.649384538451514,2203.295,2202.023,2207.111
2024-03-28 18:45:00,BUY,Bullish Inside Bar,7,32.84512232229199,2220.425,2218.197,2227.1090000000004
2024-04-01 05:30:00,BUY,Bullish Engulfing,10,62.21493921978579,2260.791,2257.358,2271.09
2024-04-03 17:45:00,BUY,Bullish Engulfing,7,31.6438385860623,2294.985,2291.009,2306.9130000000005
2024-04-09 06:15:00,BUY,Bullish Pin Bar,7,38.6259851714484,2345.836,2342.581,2355.6009999999987
2024-04-09 07:00:00,BUY,Bullish Engulfing,10,38.742860680617774,2355.095,2343.813,2388.940999999999
2024-04-12 06:15:00,BUY,Bullish Inside Bar,7,45.61037307264259,2387.445,2384.318,2396.826
2024-04-12 09:30:00,BUY,Bullish Inside Bar,8,44.70740261655646,2395.567,2393.843,2400.7390000000005
2024-04-12 10:15:00,BUY,Bullish Engulfing,10,43.36397598020338,2399.531,2395.421,2411.8610000000003
2024-04-25 10:45:00,BUY,Bullish Engulfing,8,32.796335596769275,2328.076,2324.66,2338.3240000000005
2024-04-25 11:30:00,BUY,Bullish Engulfing,9,36.391921880101826,2330.509,2326.178,2343.5020000000004
2024-04-25 14:15:00,BUY,Morning Star,6,25.809456267548775,2324.901,2320.248,2338.859999999999
2024-05-01 16:15:00,BUY,Bullish Pin Bar,7,39.178442367009964,2305.765,2301.318,2319.105999999999
2024-05-06 06:45:00,BUY,Bullish Engulfing,8,34.65284156871767,2314.141,2311.853,2321.005
2024-05-06 09:15:00,BUY,Bullish Pin Bar,8,39.49126383813777,2318.273,2315.089,2327.8250000000007
2024-05-17 17:00:00,BUY,Bullish Engulfing,10,49.09653415759116,2410.62,2405.235,2426.774999999999
2024-05-29 11:30:00,SELL,Bearish Engulfing,8,35.224595014575826,2343.356,2345.475,2336.999000000001
2024-05-29 14:30:00,SELL,Bearish Pin Bar,9,44.923711805488665,2343.176,2346.967,2331.8029999999994
2024-05-29 18:45:00,SELL,Three Black Crows,8,37.441351449704044,2338.201,2340.219,2332.147
2024-06-03 20:15:00,BUY,Bullish Inside Bar,7,32.29405921287135,2348.88,2347.308,2353.5960000000005
2024-06-04 14:00:00,SELL,Bearish Pin Bar,9,32.99822606254692,2321.269,2332.986,2286.1179999999995
2024-06-06 04:15:00,BUY,Bullish Inside Bar,8,45.06090363882151,2368.871,2366.697,2375.393
2024-06-07 17:30:00,SELL,Bearish Inside Bar,7,48.88047194456993,2305.89,2308.579,2297.822999999999
2024-06-10 06:30:00,SELL,Bearish Pin Bar,9,26.171815067404992,2288.791,2294.833,2270.6650000000004
2024-06-11 05:15:00,SELL,Evening Star,9,38.0542091963821,2301.046,2303.358,2294.1099999999988
2024-06-17 10:30:00,SELL,Evening Star,7,26.463180236330288,2320.205,2323.015,2311.775
2024-06-20 22:15:00,BUY,Bullish Inside Bar,6,35.380157494452455,2359.59,2357.782,2365.014
2024-06-25 15:30:00,SELL,Hanging Man,6,30.532428691855575,2320.055,2321.549,2315.5729999999994
2024-06-25 16:15:00,SELL,Evening Star,8,30.29621846976418,2318.676,2323.941,2302.8810000000003
2024-07-03 14:30:00,BUY,Bullish Inside Bar,7,42.20649315043158,2363.714,2357.636,2381.948
2024-07-10 13:15:00,BUY,Morning Star,9,39.3399948970695,2380.459,2377.318,2389.8819999999987
2024-07-11 06:45:00,BUY,Bullish Engulfing,9,36.64363001221917,2381.775,2377.966,2393.2020000000007
2024-07-11 08:00:00,BUY,Morning Star,10,32.79092892340829,2383.266,2379.041,2395.941
2024-07-11 09:45:00,BUY,Bullish Pin Bar,8,37.651425065476104,2383.932,2381.736,2390.5199999999995
2024-07-11 12:30:00,BUY,Bullish Engulfing,9,29.426610134416823,2407.727,2377.609,2498.0809999999997
2024-07-24 06:45:00,BUY,Morning Star,7,29.719127256056577,2417.498,2415.229,2424.3050000000007
2024-07-30 09:00:00,BUY,Bullish Pin Bar,7,38.020237042627194,2389.489,2387.295,2396.071
2024-07-30 13:45:00,BUY,Bullish Pin Bar,8,29.264218887758545,2394.129,2390.987,2403.5549999999994
2024-08-02 08:00:00,BUY,Bullish Inside Bar,6,36.03209460132338,2462.91,2460.444,2470.3079999999995
2024-08-08 10:15:00,BUY,Three White Soldiers,8,33.32491033552069,2399.819,2397.694,2406.194
2024-08-08 13:15:00,BUY,Bullish Engulfing,10,37.73733903210321,2409.86,2401.795,2434.0550000000003
2024-08-08 22:45:00,BUY,Bullish Inside Bar,6,35.413222239981515,2425.777,2424.636,2429.2000000000003
2024-08-12 11:45:00,BUY,Bullish Inside Bar,6,36.34279657386239,2441.498,2439.456,2447.624
2024-08-12 14:30:00,BUY,Morning Star,9,36.76029640023998,2451.702,2447.381,2464.6650000000013
2024-08-16 14:30:00,BUY,Bullish Inside Bar,9,42.43795368529019,2484.568,2478.452,2502.916
2024-08-23 07:00:00,BUY,Bullish Pin Bar,6,28.321560319206466,2493.407,2491.465,2499.233
2024-08-30 08:00:00,BUY,Bullish Engulfing,9,32.13367530624579,2523.588,2518.363,2539.2630000000013
2024-09-04 05:15:00,BUY,Bullish Inside Bar,6,32.23047882162281,2495.713,2494.153,2500.3930000000014
2024-09-12 13:15:00,BUY,Bullish Pin Bar,9,31.100088811690256,2539.565,2530.505,2566.745
2024-09-12 16:30:00,BUY,Bullish Inside Bar,8,50.260914392876266,2547.825,2544.617,2557.4489999999987
2024-09-13 06:15:00,BUY,Bullish Engulfing,10,47.47018655427979,2567.6,2562.568,2582.695999999999
2024-09-13 08:45:00,BUY,Morning Star,8,35.09170442872848,2570.0,2566.206,2581.3819999999996
2024-09-13 15:45:00,BUY,Three White Soldiers,7,29.12951048868016,2582.14,2577.983,2594.610999999999
2024-10-01 07:30:00,BUY,Bullish Engulfing,8,25.076326022821636,2644.011,2641.133,2652.6450000000004
2024-10-01 15:00:00,BUY,Bullish Pin Bar,7,34.71526558292042,2660.359,2653.357,2681.365
2024-10-11 07:00:00,BUY,Morning Star,7,43.98844222346569,2641.168,2637.783,2651.323000000001
2024-10-18 09:00:00,BUY,Three White Soldiers,8,25.873078464231067,2709.362,2705.635,2720.5429999999997
2024-10-24 12:15:00,BUY,Bullish Engulfing,9,44.87477751829327,2739.053,2735.227,2750.531
2024-10-25 17:15:00,BUY,Three White Soldiers,7,27.537155152427292,2741.51,2738.952,2749.184
2024-11-06 18:45:00,SELL,Bearish Inside Bar,7,45.67369517556115,2665.607,2667.565,2659.7329999999997
2024-11-06 20:30:00,SELL,Three Black Crows,9,41.49001099634817,2659.975,2663.581,2649.1569999999992
2024-11-06 23:15:00,SELL,Bearish Inside Bar,6,39.14448266628258,2662.677,2664.817,2656.2570000000005
2024-11-08 08:30:00,SELL,Bearish Pin Bar,10,33.832490050900866,2686.048,2692.339,2667.1749999999993
2024-11-11 05:30:00,SELL,Hanging Man,6,38.5284005608702,2670.008,2670.732,2667.8359999999993
2024-11-11 07:00:00,SELL,Hanging Man,6,30.386010417680957,2672.104,2674.582,2664.6699999999996
2024-11-11 08:15:00,SELL,Hanging Man,6,30.2024706930948,2670.096,2672.213,2663.7449999999994
2024-11-11 10:30:00,SELL,Evening Star,6,31.207064810203754,2668.507,2671.697,2658.937
2024-11-11 13:00:00,SELL,Hanging Man,7,36.23883045486364,2656.521,2657.969,2652.1770000000006
2024-11-12 08:15:00,SELL,Bearish Inside Bar,8,40.75646177745092,2602.073,2605.59,2591.521999999999
2024-11-12 11:15:00,SELL,Hanging Man,8,48.85302360845925,2598.025,2599.263,2594.3110000000006
2024-11-14 05:00:00,SELL,Bearish Inside Bar,6,37.207119311311935,2562.074,2565.634,2551.3940000000002
2024-11-14 10:00:00,SELL,Hanging Man,6,33.85736258436438,2544.633,2545.206,2542.913999999999
2024-11-22 05:45:00,BUY,Bullish Pin Bar,8,33.495759327538345,2686.668,2682.511,2699.1390000000006
2024-11-22 11:30:00,BUY,Bullish Pin Bar,8,44.585860512132285,2702.605,2696.489,2720.953
2024-11-22 12:30:00,BUY,Bullish Engulfing,8,37.02483873714343,2703.328,2696.496,2723.8239999999996
2024-11-25 07:30:00,SELL,Hanging Man,8,54.03008421355264,2668.22,2669.262,2665.0939999999987
2024-11-25 20:00:00,SELL,Hanging Man,8,49.78977833159354,2627.197,2628.046,2624.650000000001
2024-11-25 21:15:00,SELL,Bearish Inside Bar,8,45.48292911173853,2626.346,2628.273,2620.5649999999996
2024-12-13 16:15:00,SELL,Bearish Inside Bar,8,46.883002116750426,2660.306,2663.708,2650.1
2024-12-13 17:00:00,SELL,Evening Star,9,42.642186529907384,2660.32,2662.785,2652.925000000001
2024-12-17 12:00:00,SELL,Bearish Pin Bar,7,31.120679813786953,2641.481,2644.636,2632.016000000001
2024-12-23 14:45:00,SELL,Hanging Man,7,33.714957420194885,2615.719,2617.654,2609.914
2024-12-27 16:30:00,SELL,Bearish Inside Bar,6,36.93173786532805,2617.589,2619.752,2611.1
2024-12-27 19:00:00,SELL,Evening Star,7,33.851224188713005,2617.599,2619.436,2612.088
2025-01-10 08:45:00,BUY,Bullish Pin Bar,7,29.368458152651826,2680.057,2675.779,2692.890999999999
2025-01-14 23:45:00,BUY,Bullish Engulfing,7,25.329107450644283,2675.59,2673.495,2681.875000000001
2025-01-15 12:15:00,BUY,Bullish Pin Bar,7,35.01522206642401,2686.645,2684.088,2694.3159999999993
2025-01-15 14:15:00,BUY,Bullish Pin Bar,9,32.53038144285393,2689.546,2685.292,2702.3079999999995
2025-01-16 13:30:00,BUY,Three White Soldiers,8,30.271786175140043,2714.212,2709.014,2729.8059999999996
2025-01-16 15:15:00,BUY,Bullish Inside Bar,7,33.477006507411964,2717.632,2712.347,2733.4869999999996
2025-01-20 05:45:00,BUY,Bullish Pin Bar,8,29.97399141173221,2707.295,2703.216,2719.5320000000006
2025-01-24 08:30:00,BUY,Bullish Pin Bar,7,35.952488525639225,2772.448,2769.466,2781.394
2025-01-30 12:00:00,BUY,Bullish Engulfing,10,44.98447823164961,2778.652,2775.561,2787.9249999999997
2025-01-30 13:30:00,BUY,Bullish Engulfing,11,46.79963379204181,2783.818,2778.264,2800.4800000000005
2025-01-31 16:00:00,BUY,Bullish Pin Bar,8,39.848832839583494,2809.708,2806.581,2819.089
2025-02-03 10:30:00,BUY,Bullish Engulfing,6,28.097147804257073,2796.65,2792.476,2809.172
2025-02-03 17:00:00,BUY,Bullish Inside Bar,6,43.62454491378886,2817.244,2813.508,2828.452000000001
2025-02-04 15:45:00,BUY,Bullish Harami,6,31.952149663153058,2835.918,2833.656,2842.7040000000006
2025-02-05 07:15:00,BUY,Bullish Inside Bar,7,33.099580301120156,2858.078,2855.144,2866.8800000000006
2025-02-05 15:30:00,BUY,Bullish Pin Bar,7,28.08477005858943,2877.535,2873.174,2890.6179999999995
2025-02-10 05:45:00,BUY,Bullish Engulfing,9,37.20812292426948,2879.22,2875.547,2890.238999999999
2025-02-10 15:00:00,BUY,Bullish Pin Bar,8,38.89624399243149,2909.894,2904.011,2927.542999999999
2025-02-10 15:45:00,BUY,Bullish Pin Bar,8,37.082212708868134,2908.93,2904.396,2922.531999999999
2025-02-17 05:00:00,BUY,Bullish Inside Bar,6,32.456686087001344,2900.459,2898.591,2906.0629999999996
2025-02-18 20:00:00,BUY,Bullish Inside Bar,6,33.93872629011318,2936.582,2934.879,2941.691
2025-03-18 06:30:00,BUY,Bullish Inside Bar,6,35.00024563971188,3013.582,3011.157,3020.856999999999
2025-03-27 06:45:00,BUY,Bullish Engulfing,9,32.80331897576741,3029.957,3026.2,3041.228
2025-03-27 08:00:00,BUY,Three White Soldiers,10,33.10629726202463,3037.505,3033.854,3048.458000000001
2025-03-27 10:15:00,BUY,Three White Soldiers,9,37.19240612321541,3052.078,3045.499,3071.8150000000005
2025-03-27 14:15:00,BUY,Three White Soldiers,7,33.62054027696148,3050.727,3045.723,3065.7389999999996
2025-04-07 20:00:00,SELL,Hanging Man,6,38.202513530938496,2979.384,2981.197,2973.9449999999997
2025-04-09 11:00:00,BUY,Bullish Pin Bar,7,35.920211243044555,3045.466,3035.577,3075.132999999999
2025-04-09 13:00:00,BUY,Morning Star,9,33.152959226899114,3056.961,3046.781,3087.5009999999993
2025-04-10 20:00:00,BUY,Bullish Inside Bar,6,32.17797904655545,3174.471,3169.965,3187.9889999999996
2025-04-11 10:00:00,BUY,Three White Soldiers,7,28.40018098837953,3234.825,3224.952,3264.4439999999986
2025-04-11 14:00:00,BUY,Bullish Inside Bar,6,26.41375761426439,3232.822,3222.409,3264.061
2025-04-15 06:15:00,BUY,Bullish Pin Bar,7,33.80806591418034,3226.905,3223.591,3236.847000000001
2025-04-16 11:30:00,BUY,Morning Star,7,33.80226236263185,3302.909,3294.591,3327.8630000000007
2025-04-16 16:45:00,BUY,Bullish Inside Bar,6,34.88400324523921,3327.249,3321.744,3343.7639999999988
2025-04-21 08:15:00,BUY,Morning Star,9,41.31047870277554,3389.25,3383.46,3406.62
2025-05-02 06:45:00,BUY,Bullish Pin Bar,6,31.640222207953936,3252.922,3245.814,3274.2460000000005
2025-05-02 08:30:00,BUY,Bullish Inside Bar,6,31.758257112552627,3260.529,3256.469,3272.709
2025-05-05 04:00:00,BUY,Bullish Engulfing,9,34.20334521339308,3257.049,3253.292,3268.32
2025-05-05 05:45:00,BUY,Bullish Pin Bar,6,30.02906247473651,3259.733,3253.589,3278.165000000001
2025-05-05 08:15:00,BUY,Bullish Engulfing,7,30.51582295096438,3271.966,3262.56,3300.1839999999997
2025-05-05 17:00:00,BUY,Bullish Inside Bar,6,46.61427586280903,3311.715,3308.64,3320.940000000001
2025-05-05 19:15:00,BUY,Three White Soldiers,9,48.89135869688296,3336.401,3325.201,3370.0009999999993
2025-05-05 23:30:00,BUY,Bullish Inside Bar,7,48.83969629933815,3333.408,3330.891,3340.9589999999994
2025-05-06 05:45:00,BUY,Bullish Engulfing,6,29.790610825898003,3362.038,3349.652,3399.196
2025-05-06 12:45:00,BUY,Bullish Pin Bar,9,25.774615956830544,3391.025,3384.86,3409.52
2025-05-12 11:30:00,SELL,Hanging Man,8,51.73829405396816,3219.543,3221.815,3212.7270000000003
2025-05-13 08:45:00,BUY,Bullish Pin Bar,6,28.191740351294428,3255.569,3249.905,3272.5609999999992
2025-05-14 06:15:00,SELL,Evening Star,6,29.79117195868452,3230.783,3235.352,3217.076
2025-05-14 17:00:00,SELL,Bearish Inside Bar,6,34.015314537724755,3186.569,3191.037,3173.1650000000004
2025-05-16 13:00:00,SELL,Bearish Pin Bar,10,35.018739697788696,3176.826,3186.277,3148.473
2025-05-16 13:45:00,SELL,Bearish Inside Bar,6,32.178349729265555,3180.653,3186.787,3162.2509999999997
2025-05-23 11:30:00,BUY,Bullish Pin Bar,8,25.671383898378593,3334.597,3324.005,3366.3730000000005
2025-05-27 14:00:00,SELL,Hanging Man,8,47.35205625548469,3298.036,3298.955,3295.2790000000005
2025-05-29 18:30:00,BUY,Bullish Inside Bar,6,41.30387168293109,3321.149,3317.758,3331.322
2025-06-02 14:30:00,BUY,Bullish Inside Bar,8,45.28526592824875,3377.913,3371.591,3396.8790000000004
2025-06-02 17:30:00,BUY,Bullish Inside Bar,7,43.57217531534252,3374.723,3371.675,3383.8669999999993
2025-06-02 19:30:00,BUY,Bullish Engulfing,9,44.362675323822415,3380.395,3377.908,3387.856
2025-06-10 12:15:00,BUY,Bullish Engulfing,8,38.86368352114844,3337.147,3327.7,3365.4880000000003
2025-06-12 04:15:00,BUY,Bullish Inside Bar,6,38.29875530840195,3371.893,3369.221,3379.909
2025-06-27 07:15:00,SELL,Hanging Man,8,44.153772637434706,3289.109,3290.263,3285.647
2025-06-27 09:00:00,SELL,Evening Star,10,47.2028105585553,3285.435,3290.33,3270.75
2025-06-27 10:45:00,SELL,Hanging Man,7,43.88309660755156,3285.613,3286.532,3282.855999999999
2025-07-01 13:45:00,BUY,Bullish Engulfing,9,46.55865177411232,3351.512,3343.98,3374.1080000000006
2025-07-07 06:45:00,SELL,Bearish Engulfing,6,30.866195600016678,3309.878,3312.639,3301.5950000000003
2025-07-07 11:15:00,SELL,Bearish Inside Bar,6,33.810712977494596,3302.378,3305.801,3292.109000000001
2025-07-09 07:15:00,SELL,Bearish Pin Bar,9,44.700540913665556,3290.669,3294.64,3278.756
2025-07-09 08:30:00,SELL,Hanging Man,8,43.291360540223906,3286.992,3287.495,3285.483000000001
2025-07-15 19:00:00,SELL,Evening Star,9,37.415171422943274,3327.387,3330.566,3317.8500000000013
2025-07-15 22:15:00,SELL,Bearish Inside Bar,6,33.47816349275943,3326.391,3328.1,3321.2640000000006
2025-07-17 07:00:00,SELL,Bearish Harami,6,26.706809346941206,3333.937,3336.716,3325.6
2025-07-17 12:00:00,SELL,Hanging Man,6,31.25499280233618,3325.176,3326.482,3321.258
2025-07-21 08:45:00,BUY,Bullish Inside Bar,6,33.16247135281491,3365.909,3364.219,3370.9790000000003
2025-07-25 12:30:00,SELL,Hanging Man,9,48.03932692544141,3340.493,3342.17,3335.4619999999995
2025-07-25 13:30:00,SELL,Bearish Pin Bar,9,44.07802812886516,3339.964,3347.998,3315.8619999999996
2025-07-30 19:00:00,SELL,Three Black Crows,10,37.52626272067018,3275.262,3283.18,3251.508000000001
2025-08-01 16:30:00,BUY,Bullish Inside Bar,8,43.045307063588,3342.525,3340.054,3349.938
2025-08-04 15:30:00,BUY,Bullish Engulfing,7,28.823975523830125,3375.699,3370.147,3392.3550000000005
2025-08-14 20:00:00,SELL,Three Black Crows,8,32.18633792365068,3335.203,3339.04,3323.692
2025-08-22 06:00:00,SELL,Hanging Man,7,37.81855996386213,3329.431,3330.751,3325.4709999999995
2025-08-22 07:30:00,SELL,Evening Star,8,32.25912921480975,3328.392,3333.129,3314.1809999999996
2025-08-22 08:30:00,SELL,Bearish Engulfing,6,27.217282445680638,3328.18,3330.945,3319.884999999999
2025-08-28 13:15:00,BUY,Morning Star,7,26.584465519419297,3404.692,3397.602,3425.9620000000004
2025-08-29 20:15:00,BUY,Bullish Inside Bar,6,37.47333893512203,3450.067,3445.844,3462.736
2025-09-02 05:30:00,BUY,Bullish Engulfing,9,43.63663186849201,3496.151,3491.619,3509.746999999999
2025-09-05 14:45:00,BUY,Morning Star,9,36.380692041712614,3590.206,3578.972,3623.908
2025-09-08 13:00:00,BUY,Three White Soldiers,10,46.13696921198025,3630.66,3622.758,3654.366
2025-09-09 04:30:00,BUY,Three White Soldiers,8,29.400656648747745,3655.238,3650.726,3668.773999999999
2025-09-22 06:30:00,BUY,Three White Soldiers,10,46.02636970803423,3716.962,3704.409,3754.6209999999996
2025-09-22 12:45:00,BUY,Morning Star,10,48.074224190571854,3721.646,3714.677,3742.5530000000003
2025-09-22 19:45:00,BUY,Morning Star,10,43.14984650227083,3747.651,3744.799,3756.2069999999994
2025-09-23 12:30:00,BUY,Bullish Inside Bar,7,38.829916496990684,3784.272,3778.871,3800.4749999999995
2025-10-06 05:45:00,BUY,Bullish Inside Bar,8,52.07394140769742,3932.657,3927.829,3947.141
2025-10-08 09:30:00,BUY,Bullish Engulfing,7,36.86786910690855,4040.282,4030.329,4070.141
2025-10-13 07:30:00,BUY,Bullish Pin Bar,8,39.50001113259797,4075.246,4067.695,4097.898999999999
2025-10-13 10:15:00,BUY,Bullish Inside Bar,7,40.85922761686295,4076.24,4070.853,4092.400999999999
2025-10-16 16:45:00,BUY,Bullish Inside Bar,6,25.20752830055915,4282.611,4268.033,4326.344999999998
2025-10-20 15:30:00,BUY,Bullish Inside Bar,6,32.438618917857184,4349.92,4343.498,4369.1860000000015
2025-10-20 20:30:00,BUY,Bullish Pin Bar,8,35.507587558740504,4357.171,4346.256,4389.916
2025-10-28 12:45:00,SELL,Hanging Man,6,37.49952573685513,3912.891,3917.171,3900.051000000001
2025-10-29 23:30:00,SELL,Bearish Engulfing,9,51.05888805850076,3945.122,3951.209,3926.861
2025-11-06 18:45:00,SELL,Bearish Inside Bar,6,41.00255801021638,3987.769,3990.97,3978.1659999999997
2025-11-06 19:30:00,SELL,Evening Star,8,35.676212762447285,3989.486,3993.319,3977.9869999999996
2025-11-10 10:00:00,BUY,Bullish Inside Bar,7,49.24325229206328,4081.228,4076.17,4096.402
2025-11-10 12:00:00,BUY,Three White Soldiers,9,46.69759033887658,4089.786,4083.682,4108.098000000001
2025-11-10 23:00:00,BUY,Three White Soldiers,7,30.127123900333327,4119.341,4114.401,4134.161000000002
2025-11-19 15:00:00,BUY,Bullish Pin Bar,9,29.048992104776058,4129.807,4119.971,4159.3150000000005
2025-11-28 04:00:00,BUY,Morning Star,10,40.30008383009585,4186.338,4181.931,4199.559
2025-12-03 15:00:00,BUY,Bullish Inside Bar,6,30.993274314488076,4217.647,4205.645,4253.652999999998
2025-12-11 21:15:00,BUY,Bullish Engulfing,7,30.789694677079304,4279.456,4272.025,4301.749000000002
2025-12-12 13:00:00,BUY,Bullish Engulfing,11,54.35730234638835,4336.98,4320.822,4385.453999999998
2025-12-15 05:45:00,BUY,Three White Soldiers,8,32.432818424034444,4343.484,4337.588,4361.172000000002
2025-12-15 08:00:00,BUY,Bullish Engulfing,8,34.92208144191802,4342.854,4338.446,4356.078000000001
2025-12-17 14:30:00,BUY,Morning Star,9,26.051651394094588,4338.107,4325.045,4377.293
2025-12-22 13:30:00,BUY,Bullish Inside Bar,8,41.88933397533402,4423.866,4417.757,4442.193000000001
2025-12-22 16:45:00,BUY,Bullish Inside Bar,6,32.563747153835536,4438.767,4434.006,4453.049999999998
2025-12-26 06:00:00,BUY,Bullish Engulfing,7,29.425915838342544,4512.554,4508.32,4525.256000000001
2026-01-05 04:15:00,BUY,Morning Star,10,51.287476444369766,4404.846,4399.551,4420.730999999997
2026-01-05 06:15:00,BUY,Three White Soldiers,9,47.89128401796208,4424.117,4415.31,4450.538
2026-01-28 09:45:00,BUY,Bullish Inside Bar,7,56.18586045675337,5277.991,5266.394,5312.781999999999
2026-01-28 13:15:00,BUY,Bullish Inside Bar,6,29.573059487307066,5281.802,5272.89,5308.537999999998
2026-02-19 15:15:00,BUY,Bullish Engulfing,8,25.183738523145166,5015.939,4995.384,5077.604000000001
2026-02-27 17:30:00,BUY,Bullish Engulfing,7,33.54755733549416,5234.744,5219.996,5278.9879999999985
2026-03-06 18:30:00,BUY,Three White Soldiers,7,28.70445191668998,5164.918,5148.274,5214.849999999998
2026-03-10 04:00:00,BUY,Bullish Engulfing,7,28.471507897950122,5164.072,5153.925,5194.513
2026-03-10 05:45:00,BUY,Bullish Engulfing,7,27.338163043760442,5177.71,5166.333,5211.841000000001
2026-03-13 17:30:00,SELL,Bearish Pin Bar,9,38.219691708658814,5053.627,5064.37,5021.398000000002
2026-03-16 04:45:00,SELL,Three Black Crows,7,27.47540763936597,5012.926,5017.557,4999.033000000002
2026-03-16 11:45:00,SELL,Evening Star,6,26.73369935651683,4997.086,5018.398,4933.150000000001
2026-03-18 19:00:00,SELL,Hanging Man,6,29.59360564633412,4857.113,4861.89,4842.782
2026-03-19 14:15:00,SELL,Evening Star,11,64.67728112124068,4585.737,4636.186,4434.390000000001
2026-03-19 15:15:00,SELL,Bearish Inside Bar,8,56.9586938313671,4602.881,4629.619,4522.667000000002
2026-03-20 16:15:00,SELL,Bearish Pin Bar,10,40.38976052990641,4584.892,4614.239,4496.851000000001
2026-03-20 18:15:00,SELL,Hanging Man,6,35.42841576859705,4554.521,4568.653,4512.124999999998
2026-03-23 04:45:00,SELL,Hanging Man,8,45.903306509483116,4367.242,4377.032,4337.872
2026-03-25 22:00:00,SELL,Bearish Pin Bar,7,32.292050785786124,4512.588,4532.703,4452.242999999998
2026-04-02 08:15:00,SELL,Bearish Inside Bar,7,50.61674214450142,4634.148,4645.514,4600.05
2026-04-02 10:15:00,SELL,Hanging Man,7,42.29236618905467,4618.673,4627.483,4592.242999999999
2026-04-07 05:00:00,SELL,Evening Star,6,25.02967886305002,4655.812,4661.806,4637.830000000001
2026-04-08 17:45:00,SELL,Three Black Crows,7,31.260187715298166,4733.96,4741.917,4710.088999999999
2026-04-15 11:00:00,SELL,Hanging Man,6,28.276226364630684,4802.45,4804.947,4794.958999999999
2026-04-16 18:15:00,SELL,Bearish Inside Bar,6,32.41707175244315,4787.183,4793.544,4768.1
2026-04-21 08:45:00,SELL,Bearish Engulfing,7,35.1513876807848,4786.257,4793.056,4765.86
2026-04-23 05:15:00,SELL,Bearish Inside Bar,6,31.42249348776808,4706.069,4709.668,4695.272000000003
2026-04-23 06:45:00,SELL,Bearish Pin Bar,6,27.915188001338986,4712.71,4721.903,4685.130999999999
2026-05-04 10:15:00,SELL,Hanging Man,7,39.87576341417297,4544.784,4545.728,4541.951999999998
2026-05-04 11:15:00,SELL,Bearish Engulfing,9,38.23880418641392,4562.304,4570.576,4537.488
2026-05-04 12:45:00,SELL,Bearish Pin Bar,6,32.252869902722644,4568.131,4576.406,4543.306000000001
2026-05-04 17:45:00,SELL,Bearish Engulfing,9,36.39657615184129,4522.225,4527.083,4507.651000000003
2026-05-07 09:00:00,BUY,Bullish Pin Bar,6,28.444720003776485,4734.127,4720.978,4773.574000000001
2026-05-19 23:00:00,SELL,Hanging Man,8,41.63356135757574,4485.971,4487.247,4482.142999999997
2026-05-26 04:30:00,SELL,Three Black Crows,9,38.94817432118379,4526.36,4533.815,4503.995
2026-05-27 12:30:00,SELL,Bearish Inside Bar,7,39.060021420941425,4447.083,4460.679,4406.294999999998
2026-05-28 06:00:00,SELL,Evening Star,10,43.12265281977951,4376.13,4391.139,4331.103
2026-06-01 05:45:00,SELL,Bearish Pin Bar,10,41.217833570937415,4518.347,4525.658,4496.413999999998
2026-06-01 09:30:00,SELL,Hanging Man,8,37.39319592099606,4498.155,4499.803,4493.210999999999
2026-06-02 23:15:00,SELL,Three Black Crows,10,41.52177744973087,4467.336,4478.05,4435.194
2026-06-03 06:45:00,SELL,Hanging Man,6,28.32389496921766,4462.83,4463.406,4461.102
2026-06-08 07:30:00,SELL,Bearish Engulfing,7,33.26692117873725,4301.822,4312.03,4271.198000000001
2026-06-09 18:30:00,SELL,Bearish Inside Bar,7,33.0455878729665,4264.315,4274.621,4233.396999999998
2026-06-10 11:00:00,SELL,Hanging Man,7,33.123933404386015,4168.371,4176.621,4143.621
2026-06-10 12:45:00,SELL,Bearish Inside Bar,6,33.773485089439085,4146.777,4170.155,4076.643000000001
2026-06-10 17:00:00,SELL,Bearish Pin Bar,8,30.10150287816054,4118.105,4135.48,4065.9799999999996
2026-06-17 19:15:00,SELL,Three Black Crows,9,27.265720172648383,4227.187,4266.118,4110.393999999998
2026-06-18 12:30:00,SELL,Evening Star,10,35.59751444183249,4243.246,4259.091,4195.710999999999
2026-06-18 18:00:00,SELL,Bearish Engulfing,8,27.23119679997381,4228.08,4233.484,4211.867999999999
2026-06-18 23:30:00,SELL,Bearish Engulfing,8,33.08661325822937,4194.291,4199.777,4177.8330000000005
2026-06-19 06:15:00,SELL,Bearish Inside Bar,8,50.78912025478684,4141.96,4147.736,4124.6320000000005
2026-06-23 11:30:00,SELL,Evening Star,7,32.09168310350012,4121.297,4129.378,4097.053999999999
2026-06-29 14:30:00,SELL,Bearish Inside Bar,6,32.60366026324202,4021.139,4028.814,3998.114000000001
2026-06-29 16:00:00,SELL,Bearish Inside Bar,8,40.77350607183174,4023.79,4029.261,4007.377
2026-07-07 04:15:00,SELL,Bearish Inside Bar,8,40.167075480106014,4132.072,4138.211,4113.655
2026-07-10 14:45:00,SELL,Bearish Inside Bar,7,26.245771194188347,4092.86,4108.215,4046.795
2026-07-13 05:45:00,SELL,Bearish Engulfing,6,25.81868591894989,4053.78,4064.749,4020.8730000000014
2026-07-16 04:15:00,SELL,Bearish Inside Bar,7,35.08250796659594,4033.815,4037.478,4022.826
2026-07-16 20:00:00,SELL,Bearish Inside Bar,6,32.13317757034013,3975.031,3980.777,3957.7929999999997
2026-07-23 12:00:00,SELL,Bearish Inside Bar,6,39.71533602168669,4081.348,4086.58,4065.652
2026-07-24 05:30:00,SELL,Bearish Pin Bar,11,42.030454364395425,4024.89,4032.106,4003.241999999999
2026-07-28 06:45:00,SELL,Bearish Inside Bar,6,42.964648933685986,4048.237,4052.046,4036.810000000001
2026-07-28 13:45:00,SELL,Bearish Inside Bar,6,28.319054539222265,4022.374,4029.453,4001.1369999999993
2026-07-31 15:15:00,SELL,Evening Star,6,26.738201729891593,4041.286,4053.273,4005.325
2026-08-04 14:00:00,BUY,Bullish Inside Bar,6,32.64585017709129,4089.939,4082.685,4111.700999999999
2026-08-05 17:15:00,BUY,Bullish Pin Bar,9,44.502002383391,4244.602,4236.193,4269.828999999999
2026-08-05 20:00:00,BUY,Bullish Inside Bar,6,38.464499412407136,4249.283,4246.197,4258.541000000001
2026-08-05 23:15:00,BUY,Three White Soldiers,8,33.46387847892288,4263.346,4255.5,4286.883999999998
