previous,current,gap_minutes,previous_date,current_date,previous_year,current_year,previous_weekday,current_weekday,previous_time,current_time,previous_minutes_of_day,current_minutes_of_day,calendar_transition,gap_type,previous_time_cluster,current_time_cluster,duration_cluster,boundary_family
2021-08-17 12:49:00,2021-08-17 12:53:00,4.0,2021-08-17,2021-08-17,2021,2021,Tuesday,Tuesday,12:49,12:53,769,773,NON_WEEKEND,NON_WEEKEND_GAP,17,18,4,P17_C18_D4
2021-08-17 20:58:00,2021-08-17 22:00:00,62.0,2021-08-17,2021-08-17,2021,2021,Tuesday,Tuesday,20:58,22:00,1258,1320,NON_WEEKEND,NON_WEEKEND_GAP,30,35,62,P30_C35_D62
2021-08-18 20:58:00,2021-08-18 22:00:00,62.0,2021-08-18,2021-08-18,2021,2021,Wednesday,Wednesday,20:58,22:00,1258,1320,NON_WEEKEND,NON_WEEKEND_GAP,30,35,62,P30_C35_D62
2021-08-19 20:58:00,2021-08-19 22:00:00,62.0,2021-08-19,2021-08-19,2021,2021,Thursday,Thursday,20:58,22:00,1258,1320,NON_WEEKEND,NON_WEEKEND_GAP,30,35,62,P30_C35_D62
2021-08-22 22:00:00,2021-08-22 22:05:00,5.0,2021-08-22,2021-08-22,2021,2021,Sunday,Sunday,22:00,22:05,1320,1325,NON_WEEKEND,NON_WEEKEND_GAP,33,35,4,P33_C35_D4
2021-08-23 20:58:00,2021-08-23 22:00:00,62.0,2021-08-23,2021-08-23,2021,2021,Monday,Monday,20:58,22:00,1258,1320,NON_WEEKEND,NON_WEEKEND_GAP,30,35,62,P30_C35_D62
2021-08-24 20:58:00,2021-08-24 22:00:00,62.0,2021-08-24,2021-08-24,2021,2021,Tuesday,Tuesday,20:58,22:00,1258,1320,NON_WEEKEND,NON_WEEKEND_GAP,30,35,62,P30_C35_D62
2021-08-25 11:49:00,2021-08-25 11:51:00,2.0,2021-08-25,2021-08-25,2021,2021,Wednesday,Wednesday,11:49,11:51,709,711,NON_WEEKEND,NON_WEEKEND_GAP,15,16,2,P15_C16_D2
2021-08-25 20:58:00,2021-08-25 22:00:00,62.0,2021-08-25,2021-08-25,2021,2021,Wednesday,Wednesday,20:58,22:00,1258,1320,NON_WEEKEND,NON_WEEKEND_GAP,30,35,62,P30_C35_D62
2021-08-26 20:58:00,2021-08-26 22:00:00,62.0,2021-08-26,2021-08-26,2021,2021,Thursday,Thursday,20:58,22:00,1258,1320,NON_WEEKEND,NON_WEEKEND_GAP,30,35,62,P30_C35_D62
2021-08-29 22:00:00,2021-08-29 22:05:00,5.0,2021-08-29,2021-08-29,2021,2021,Sunday,Sunday,22:00,22:05,1320,1325,NON_WEEKEND,NON_WEEKEND_GAP,33,35,4,P33_C35_D4
2021-08-30 20:58:00,2021-08-30 22:00:00,62.0,2021-08-30,2021-08-30,2021,2021,Monday,Monday,20:58,22:00,1258,1320,NON_WEEKEND,NON_WEEKEND_GAP,30,35,62,P30_C35_D62
2021-08-31 20:58:00,2021-08-31 22:00:00,62.0,2021-08-31,2021-08-31,2021,2021,Tuesday,Tuesday,20:58,22:00,1258,1320,NON_WEEKEND,NON_WEEKEND_GAP,30,35,62,P30_C35_D62
2021-09-01 20:58:00,2021-09-01 22:00:00,62.0,2021-09-01,2021-09-01,2021,2021,Wednesday,Wednesday,20:58,22:00,1258,1320,NON_WEEKEND,NON_WEEKEND_GAP,30,35,62,P30_C35_D62
2021-09-02 20:58:00,2021-09-02 22:00:00,62.0,2021-09-02,2021-09-02,2021,2021,Thursday,Thursday,20:58,22:00,1258,1320,NON_WEEKEND,NON_WEEKEND_GAP,30,35,62,P30_C35_D62
2021-09-05 22:00:00,2021-09-05 22:05:00,5.0,2021-09-05,2021-09-05,2021,2021,Sunday,Sunday,22:00,22:05,1320,1325,NON_WEEKEND,NON_WEEKEND_GAP,33,35,4,P33_C35_D4
2021-09-06 17:03:00,2021-09-06 17:06:00,3.0,2021-09-06,2021-09-06,2021,2021,Monday,Monday,17:03,17:06,1023,1026,NON_WEEKEND,NON_WEEKEND_GAP,24,26,4,P24_C26_D4
2021-09-06 22:13:00,2021-09-06 22:15:00,2.0,2021-09-06,2021-09-06,2021,2021,Monday,Monday,22:13,22:15,1333,1335,NON_WEEKEND,NON_WEEKEND_GAP,34,36,2,P34_C36_D2
2021-09-07 20:58:00,2021-09-07 22:00:00,62.0,2021-09-07,2021-09-07,2021,2021,Tuesday,Tuesday,20:58,22:00,1258,1320,NON_WEEKEND,NON_WEEKEND_GAP,30,35,62,P30_C35_D62
2021-09-07 22:00:00,2021-09-07 22:02:00,2.0,2021-09-07,2021-09-07,2021,2021,Tuesday,Tuesday,22:00,22:02,1320,1322,NON_WEEKEND,NON_WEEKEND_GAP,33,35,2,P33_C35_D2
2021-09-08 20:58:00,2021-09-08 22:00:00,62.0,2021-09-08,2021-09-08,2021,2021,Wednesday,Wednesday,20:58,22:00,1258,1320,NON_WEEKEND,NON_WEEKEND_GAP,30,35,62,P30_C35_D62
2021-09-09 20:58:00,2021-09-09 22:00:00,62.0,2021-09-09,2021-09-09,2021,2021,Thursday,Thursday,20:58,22:00,1258,1320,NON_WEEKEND,NON_WEEKEND_GAP,30,35,62,P30_C35_D62
2021-09-12 22:00:00,2021-09-12 22:05:00,5.0,2021-09-12,2021-09-12,2021,2021,Sunday,Sunday,22:00,22:05,1320,1325,NON_WEEKEND,NON_WEEKEND_GAP,33,35,4,P33_C35_D4
2021-09-13 20:58:00,2021-09-13 22:00:00,62.0,2021-09-13,2021-09-13,2021,2021,Monday,Monday,20:58,22:00,1258,1320,NON_WEEKEND,NON_WEEKEND_GAP,30,35,62,P30_C35_D62
2021-09-14 20:58:00,2021-09-14 22:00:00,62.0,2021-09-14,2021-09-14,2021,2021,Tuesday,Tuesday,20:58,22:00,1258,1320,NON_WEEKEND,NON_WEEKEND_GAP,30,35,62,P30_C35_D62
2021-09-15 20:58:00,2021-09-15 22:00:00,62.0,2021-09-15,2021-09-15,2021,2021,Wednesday,Wednesday,20:58,22:00,1258,1320,NON_WEEKEND,NON_WEEKEND_GAP,30,35,62,P30_C35_D62
2021-09-16 20:58:00,2021-09-16 22:00:00,62.0,2021-09-16,2021-09-16,2021,2021,Thursday,Thursday,20:58,22:00,1258,1320,NON_WEEKEND,NON_WEEKEND_GAP,30,35,62,P30_C35_D62
2021-09-19 22:00:00,2021-09-19 22:05:00,5.0,2021-09-19,2021-09-19,2021,2021,Sunday,Sunday,22:00,22:05,1320,1325,NON_WEEKEND,NON_WEEKEND_GAP,33,35,4,P33_C35_D4
2021-09-20 20:58:00,2021-09-20 22:00:00,62.0,2021-09-20,2021-09-20,2021,2021,Monday,Monday,20:58,22:00,1258,1320,NON_WEEKEND,NON_WEEKEND_GAP,30,35,62,P30_C35_D62
2021-09-21 20:58:00,2021-09-21 22:00:00,62.0,2021-09-21,2021-09-21,2021,2021,Tuesday,Tuesday,20:58,22:00,1258,1320,NON_WEEKEND,NON_WEEKEND_GAP,30,35,62,P30_C35_D62
2021-09-22 20:58:00,2021-09-22 22:00:00,62.0,2021-09-22,2021-09-22,2021,2021,Wednesday,Wednesday,20:58,22:00,1258,1320,NON_WEEKEND,NON_WEEKEND_GAP,30,35,62,P30_C35_D62
2021-09-23 20:58:00,2021-09-23 22:00:00,62.0,2021-09-23,2021-09-23,2021,2021,Thursday,Thursday,20:58,22:00,1258,1320,NON_WEEKEND,NON_WEEKEND_GAP,30,35,62,P30_C35_D62
2021-09-26 22:00:00,2021-09-26 22:05:00,5.0,2021-09-26,2021-09-26,2021,2021,Sunday,Sunday,22:00,22:05,1320,1325,NON_WEEKEND,NON_WEEKEND_GAP,33,35,4,P33_C35_D4
2021-09-27 20:58:00,2021-09-27 22:00:00,62.0,2021-09-27,2021-09-27,2021,2021,Monday,Monday,20:58,22:00,1258,1320,NON_WEEKEND,NON_WEEKEND_GAP,30,35,62,P30_C35_D62
2021-09-28 20:58:00,2021-09-28 22:00:00,62.0,2021-09-28,2021-09-28,2021,2021,Tuesday,Tuesday,20:58,22:00,1258,1320,NON_WEEKEND,NON_WEEKEND_GAP,30,35,62,P30_C35_D62
2021-09-29 20:58:00,2021-09-29 22:00:00,62.0,2021-09-29,2021-09-29,2021,2021,Wednesday,Wednesday,20:58,22:00,1258,1320,NON_WEEKEND,NON_WEEKEND_GAP,30,35,62,P30_C35_D62
2021-09-30 20:58:00,2021-09-30 22:00:00,62.0,2021-09-30,2021-09-30,2021,2021,Thursday,Thursday,20:58,22:00,1258,1320,NON_WEEKEND,NON_WEEKEND_GAP,30,35,62,P30_C35_D62
2021-10-03 22:00:00,2021-10-03 22:05:00,5.0,2021-10-03,2021-10-03,2021,2021,Sunday,Sunday,22:00,22:05,1320,1325,NON_WEEKEND,NON_WEEKEND_GAP,33,35,4,P33_C35_D4
2021-10-04 20:58:00,2021-10-04 22:00:00,62.0,2021-10-04,2021-10-04,2021,2021,Monday,Monday,20:58,22:00,1258,1320,NON_WEEKEND,NON_WEEKEND_GAP,30,35,62,P30_C35_D62
2021-10-05 20:58:00,2021-10-05 22:00:00,62.0,2021-10-05,2021-10-05,2021,2021,Tuesday,Tuesday,20:58,22:00,1258,1320,NON_WEEKEND,NON_WEEKEND_GAP,30,35,62,P30_C35_D62
2021-10-06 20:58:00,2021-10-06 22:00:00,62.0,2021-10-06,2021-10-06,2021,2021,Wednesday,Wednesday,20:58,22:00,1258,1320,NON_WEEKEND,NON_WEEKEND_GAP,30,35,62,P30_C35_D62
2021-10-06 22:49:00,2021-10-06 22:51:00,2.0,2021-10-06,2021-10-06,2021,2021,Wednesday,Wednesday,22:49,22:51,1369,1371,NON_WEEKEND,NON_WEEKEND_GAP,35,38,2,P35_C38_D2
2021-10-07 20:58:00,2021-10-07 22:00:00,62.0,2021-10-07,2021-10-07,2021,2021,Thursday,Thursday,20:58,22:00,1258,1320,NON_WEEKEND,NON_WEEKEND_GAP,30,35,62,P30_C35_D62
2021-10-07 23:31:00,2021-10-07 23:33:00,2.0,2021-10-07,2021-10-07,2021,2021,Thursday,Thursday,23:31,23:33,1411,1413,NON_WEEKEND,NON_WEEKEND_GAP,38,42,2,P38_C42_D2
2021-10-10 22:00:00,2021-10-10 22:05:00,5.0,2021-10-10,2021-10-10,2021,2021,Sunday,Sunday,22:00,22:05,1320,1325,NON_WEEKEND,NON_WEEKEND_GAP,33,35,4,P33_C35_D4
2021-10-11 20:58:00,2021-10-11 22:00:00,62.0,2021-10-11,2021-10-11,2021,2021,Monday,Monday,20:58,22:00,1258,1320,NON_WEEKEND,NON_WEEKEND_GAP,30,35,62,P30_C35_D62
2021-10-12 11:11:00,2021-10-12 11:13:00,2.0,2021-10-12,2021-10-12,2021,2021,Tuesday,Tuesday,11:11,11:13,671,673,NON_WEEKEND,NON_WEEKEND_GAP,14,15,2,P14_C15_D2
2021-10-12 20:58:00,2021-10-12 22:00:00,62.0,2021-10-12,2021-10-12,2021,2021,Tuesday,Tuesday,20:58,22:00,1258,1320,NON_WEEKEND,NON_WEEKEND_GAP,30,35,62,P30_C35_D62
2021-10-13 20:58:00,2021-10-13 22:00:00,62.0,2021-10-13,2021-10-13,2021,2021,Wednesday,Wednesday,20:58,22:00,1258,1320,NON_WEEKEND,NON_WEEKEND_GAP,30,35,62,P30_C35_D62
2021-10-14 20:58:00,2021-10-14 22:00:00,62.0,2021-10-14,2021-10-14,2021,2021,Thursday,Thursday,20:58,22:00,1258,1320,NON_WEEKEND,NON_WEEKEND_GAP,30,35,62,P30_C35_D62
2021-10-17 22:00:00,2021-10-17 22:05:00,5.0,2021-10-17,2021-10-17,2021,2021,Sunday,Sunday,22:00,22:05,1320,1325,NON_WEEKEND,NON_WEEKEND_GAP,33,35,4,P33_C35_D4
2021-10-18 20:58:00,2021-10-18 22:00:00,62.0,2021-10-18,2021-10-18,2021,2021,Monday,Monday,20:58,22:00,1258,1320,NON_WEEKEND,NON_WEEKEND_GAP,30,35,62,P30_C35_D62
2021-10-18 23:11:00,2021-10-18 23:13:00,2.0,2021-10-18,2021-10-18,2021,2021,Monday,Monday,23:11,23:13,1391,1393,NON_WEEKEND,NON_WEEKEND_GAP,37,40,2,P37_C40_D2
2021-12-27 21:26:00,2021-12-27 21:28:00,2.0,2021-12-27,2021-12-27,2021,2021,Monday,Monday,21:26,21:28,1286,1288,NON_WEEKEND,NON_WEEKEND_GAP,31,33,2,P31_C33_D2
2022-01-10 21:45:00,2022-01-10 21:47:00,2.0,2022-01-10,2022-01-10,2022,2022,Monday,Monday,21:45,21:47,1305,1307,NON_WEEKEND,NON_WEEKEND_GAP,32,34,2,P32_C34_D2
2022-02-08 23:46:00,2022-02-09 01:22:00,96.0,2022-02-08,2022-02-09,2022,2022,Tuesday,Wednesday,23:46,01:22,1426,82,NON_WEEKEND,NON_WEEKEND_GAP,40,3,96,P40_C3_D96
2022-05-04 19:12:00,2022-05-04 19:14:00,2.0,2022-05-04,2022-05-04,2022,2022,Wednesday,Wednesday,19:12,19:14,1152,1154,NON_WEEKEND,NON_WEEKEND_GAP,27,29,2,P27_C29_D2
2022-06-15 07:56:00,2022-06-15 07:58:00,2.0,2022-06-15,2022-06-15,2022,2022,Wednesday,Wednesday,07:56,07:58,476,478,NON_WEEKEND,NON_WEEKEND_GAP,6,9,2,P6_C9_D2
2022-07-27 19:16:00,2022-07-27 19:18:00,2.0,2022-07-27,2022-07-27,2022,2022,Wednesday,Wednesday,19:16,19:18,1156,1158,NON_WEEKEND,NON_WEEKEND_GAP,27,29,2,P27_C29_D2
2022-09-12 20:42:00,2022-09-12 20:44:00,2.0,2022-09-12,2022-09-12,2022,2022,Monday,Monday,20:42,20:44,1242,1244,NON_WEEKEND,NON_WEEKEND_GAP,29,32,2,P29_C32_D2
2022-11-07 12:19:00,2022-11-07 12:21:00,2.0,2022-11-07,2022-11-07,2022,2022,Monday,Monday,12:19,12:21,739,741,NON_WEEKEND,NON_WEEKEND_GAP,16,17,2,P16_C17_D2
2022-11-24 18:47:00,2022-11-24 18:49:00,2.0,2022-11-24,2022-11-24,2022,2022,Thursday,Thursday,18:47,18:49,1127,1129,NON_WEEKEND,NON_WEEKEND_GAP,25,27,2,P25_C27_D2
2022-11-24 19:26:00,2022-11-24 19:28:00,2.0,2022-11-24,2022-11-24,2022,2022,Thursday,Thursday,19:26,19:28,1166,1168,NON_WEEKEND,NON_WEEKEND_GAP,28,31,2,P28_C31_D2
2022-12-22 21:57:00,2022-12-23 00:17:00,140.0,2022-12-22,2022-12-23,2022,2022,Thursday,Friday,21:57,00:17,1317,17,NON_WEEKEND,NON_WEEKEND_GAP,33,2,140,P33_C2_D140
2023-02-03 16:13:00,2023-02-03 16:15:00,2.0,2023-02-03,2023-02-03,2023,2023,Friday,Friday,16:13,16:15,973,975,NON_WEEKEND,NON_WEEKEND_GAP,22,23,2,P22_C23_D2
2023-02-03 16:36:00,2023-02-03 16:38:00,2.0,2023-02-03,2023-02-03,2023,2023,Friday,Friday,16:36,16:38,996,998,NON_WEEKEND,NON_WEEKEND_GAP,23,25,2,P23_C25_D2
2023-02-06 02:44:00,2023-02-06 02:46:00,2.0,2023-02-06,2023-02-06,2023,2023,Monday,Monday,02:44,02:46,164,166,NON_WEEKEND,NON_WEEKEND_GAP,1,4,2,P1_C4_D2
2023-02-06 02:52:00,2023-02-06 02:55:00,3.0,2023-02-06,2023-02-06,2023,2023,Monday,Monday,02:52,02:55,172,175,NON_WEEKEND,NON_WEEKEND_GAP,2,5,4,P2_C5_D4
2023-02-06 10:58:00,2023-02-06 11:00:00,2.0,2023-02-06,2023-02-06,2023,2023,Monday,Monday,10:58,11:00,658,660,NON_WEEKEND,NON_WEEKEND_GAP,13,14,2,P13_C14_D2
2023-02-06 11:15:00,2023-02-06 11:17:00,2.0,2023-02-06,2023-02-06,2023,2023,Monday,Monday,11:15,11:17,675,677,NON_WEEKEND,NON_WEEKEND_GAP,14,15,2,P14_C15_D2
2023-02-06 15:46:00,2023-02-06 15:48:00,2.0,2023-02-06,2023-02-06,2023,2023,Monday,Monday,15:46,15:48,946,948,NON_WEEKEND,NON_WEEKEND_GAP,20,21,2,P20_C21_D2
2023-02-06 16:07:00,2023-02-06 16:09:00,2.0,2023-02-06,2023-02-06,2023,2023,Monday,Monday,16:07,16:09,967,969,NON_WEEKEND,NON_WEEKEND_GAP,21,22,2,P21_C22_D2
2023-03-01 21:48:00,2023-03-01 21:50:00,2.0,2023-03-01,2023-03-01,2023,2023,Wednesday,Wednesday,21:48,21:50,1308,1310,NON_WEEKEND,NON_WEEKEND_GAP,32,34,2,P32_C34_D2
2023-03-15 20:57:00,2023-03-15 23:01:00,124.0,2023-03-15,2023-03-15,2023,2023,Wednesday,Wednesday,20:57,23:01,1257,1381,NON_WEEKEND,NON_WEEKEND_GAP,30,39,124,P30_C39_D124
2023-03-16 16:15:00,2023-03-16 16:29:00,14.0,2023-03-16,2023-03-16,2023,2023,Thursday,Thursday,16:15,16:29,975,989,NON_WEEKEND,NON_WEEKEND_GAP,22,24,14,P22_C24_D14
2023-04-03 07:21:00,2023-04-03 07:41:00,20.0,2023-04-03,2023-04-03,2023,2023,Monday,Monday,07:21,07:41,441,461,NON_WEEKEND,NON_WEEKEND_GAP,5,8,20,P5_C8_D20
2023-10-10 19:14:00,2023-10-10 19:22:00,8.0,2023-10-10,2023-10-10,2023,2023,Tuesday,Tuesday,19:14,19:22,1154,1162,NON_WEEKEND,NON_WEEKEND_GAP,27,30,8,P27_C30_D8
2023-11-22 17:04:00,2023-11-22 17:07:00,3.0,2023-11-22,2023-11-22,2023,2023,Wednesday,Wednesday,17:04,17:07,1024,1027,NON_WEEKEND,NON_WEEKEND_GAP,24,26,4,P24_C26_D4
2023-12-12 10:33:00,2023-12-12 10:41:00,8.0,2023-12-12,2023-12-12,2023,2023,Tuesday,Tuesday,10:33,10:41,633,641,NON_WEEKEND,NON_WEEKEND_GAP,12,13,8,P12_C13_D8
2024-01-24 21:47:00,2024-01-24 21:49:00,2.0,2024-01-24,2024-01-24,2024,2024,Wednesday,Wednesday,21:47,21:49,1307,1309,NON_WEEKEND,NON_WEEKEND_GAP,32,34,2,P32_C34_D2
2024-02-07 21:47:00,2024-02-07 21:49:00,2.0,2024-02-07,2024-02-07,2024,2024,Wednesday,Wednesday,21:47,21:49,1307,1309,NON_WEEKEND,NON_WEEKEND_GAP,32,34,2,P32_C34_D2
2024-02-14 21:47:00,2024-02-14 21:49:00,2.0,2024-02-14,2024-02-14,2024,2024,Wednesday,Wednesday,21:47,21:49,1307,1309,NON_WEEKEND,NON_WEEKEND_GAP,32,34,2,P32_C34_D2
2024-02-21 21:47:00,2024-02-21 21:49:00,2.0,2024-02-21,2024-02-21,2024,2024,Wednesday,Wednesday,21:47,21:49,1307,1309,NON_WEEKEND,NON_WEEKEND_GAP,32,34,2,P32_C34_D2
2024-02-28 21:47:00,2024-02-28 21:49:00,2.0,2024-02-28,2024-02-28,2024,2024,Wednesday,Wednesday,21:47,21:49,1307,1309,NON_WEEKEND,NON_WEEKEND_GAP,32,34,2,P32_C34_D2
2024-03-06 21:47:00,2024-03-06 21:49:00,2.0,2024-03-06,2024-03-06,2024,2024,Wednesday,Wednesday,21:47,21:49,1307,1309,NON_WEEKEND,NON_WEEKEND_GAP,32,34,2,P32_C34_D2
2024-03-20 22:16:00,2024-03-20 22:26:00,10.0,2024-03-20,2024-03-20,2024,2024,Wednesday,Wednesday,22:16,22:26,1336,1346,NON_WEEKEND,NON_WEEKEND_GAP,34,37,10,P34_C37_D10
2024-06-07 08:29:00,2024-06-07 08:39:00,10.0,2024-06-07,2024-06-07,2024,2024,Friday,Friday,08:29,08:39,509,519,NON_WEEKEND,NON_WEEKEND_GAP,9,11,10,P9_C11_D10
2024-07-03 06:07:00,2024-07-03 06:09:00,2.0,2024-07-03,2024-07-03,2024,2024,Wednesday,Wednesday,06:07,06:09,367,369,NON_WEEKEND,NON_WEEKEND_GAP,4,7,2,P4_C7_D2
2024-09-11 04:34:00,2024-09-11 04:42:00,8.0,2024-09-11,2024-09-11,2024,2024,Wednesday,Wednesday,04:34,04:42,274,282,NON_WEEKEND,NON_WEEKEND_GAP,3,6,8,P3_C6_D8
2024-12-11 07:56:00,2024-12-11 08:05:00,9.0,2024-12-11,2024-12-11,2024,2024,Wednesday,Wednesday,07:56,08:05,476,485,NON_WEEKEND,NON_WEEKEND_GAP,6,10,8,P6_C10_D8
2024-12-11 08:38:00,2024-12-11 08:40:00,2.0,2024-12-11,2024-12-11,2024,2024,Wednesday,Wednesday,08:38,08:40,518,520,NON_WEEKEND,NON_WEEKEND_GAP,10,11,2,P10_C11_D2
2025-01-03 11:45:00,2025-01-03 12:48:00,63.0,2025-01-03,2025-01-03,2025,2025,Friday,Friday,11:45,12:48,705,768,NON_WEEKEND,NON_WEEKEND_GAP,15,18,64,P15_C18_D64
2025-01-06 21:57:00,2025-01-06 23:05:00,68.0,2025-01-06,2025-01-06,2025,2025,Monday,Monday,21:57,23:05,1317,1385,NON_WEEKEND,NON_WEEKEND_GAP,33,39,68,P33_C39_D68
2025-01-07 23:01:00,2025-01-07 23:03:00,2.0,2025-01-07,2025-01-07,2025,2025,Tuesday,Tuesday,23:01,23:03,1381,1383,NON_WEEKEND,NON_WEEKEND_GAP,36,39,2,P36_C39_D2
2025-01-08 18:54:00,2025-01-08 19:04:00,10.0,2025-01-08,2025-01-08,2025,2025,Wednesday,Wednesday,18:54,19:04,1134,1144,NON_WEEKEND,NON_WEEKEND_GAP,26,28,10,P26_C28_D10
2025-01-08 21:57:00,2025-01-08 23:03:00,66.0,2025-01-08,2025-01-08,2025,2025,Wednesday,Wednesday,21:57,23:03,1317,1383,NON_WEEKEND,NON_WEEKEND_GAP,33,39,66,P33_C39_D66
2025-01-22 21:57:00,2025-01-22 23:03:00,66.0,2025-01-22,2025-01-22,2025,2025,Wednesday,Wednesday,21:57,23:03,1317,1383,NON_WEEKEND,NON_WEEKEND_GAP,33,39,66,P33_C39_D66
2025-01-30 21:57:00,2025-01-30 23:06:00,69.0,2025-01-30,2025-01-30,2025,2025,Thursday,Thursday,21:57,23:06,1317,1386,NON_WEEKEND,NON_WEEKEND_GAP,33,39,68,P33_C39_D68
2025-02-03 21:57:00,2025-02-03 23:03:00,66.0,2025-02-03,2025-02-03,2025,2025,Monday,Monday,21:57,23:03,1317,1383,NON_WEEKEND,NON_WEEKEND_GAP,33,39,66,P33_C39_D66
2025-02-18 21:57:00,2025-02-18 23:03:00,66.0,2025-02-18,2025-02-18,2025,2025,Tuesday,Tuesday,21:57,23:03,1317,1383,NON_WEEKEND,NON_WEEKEND_GAP,33,39,66,P33_C39_D66
2025-03-27 19:28:00,2025-03-27 19:31:00,3.0,2025-03-27,2025-03-27,2025,2025,Thursday,Thursday,19:28,19:31,1168,1171,NON_WEEKEND,NON_WEEKEND_GAP,28,31,4,P28_C31_D4
2025-04-02 20:57:00,2025-04-02 22:04:00,67.0,2025-04-02,2025-04-02,2025,2025,Wednesday,Wednesday,20:57,22:04,1257,1324,NON_WEEKEND,NON_WEEKEND_GAP,30,35,68,P30_C35_D68
2025-04-14 14:00:00,2025-04-14 14:24:00,24.0,2025-04-14,2025-04-14,2025,2025,Monday,Monday,14:00,14:24,840,864,NON_WEEKEND,NON_WEEKEND_GAP,19,20,24,P19_C20_D24
2025-04-24 20:57:00,2025-04-24 22:20:00,83.0,2025-04-24,2025-04-24,2025,2025,Thursday,Thursday,20:57,22:20,1257,1340,NON_WEEKEND,NON_WEEKEND_GAP,30,36,84,P30_C36_D84
2025-04-30 20:57:00,2025-04-30 22:03:00,66.0,2025-04-30,2025-04-30,2025,2025,Wednesday,Wednesday,20:57,22:03,1257,1323,NON_WEEKEND,NON_WEEKEND_GAP,30,35,66,P30_C35_D66
2025-05-06 20:57:00,2025-05-06 22:03:00,66.0,2025-05-06,2025-05-06,2025,2025,Tuesday,Tuesday,20:57,22:03,1257,1323,NON_WEEKEND,NON_WEEKEND_GAP,30,35,66,P30_C35_D66
2025-11-11 13:05:00,2025-11-11 13:09:00,4.0,2025-11-11,2025-11-11,2025,2025,Tuesday,Tuesday,13:05,13:09,785,789,NON_WEEKEND,NON_WEEKEND_GAP,18,19,4,P18_C19_D4
2025-11-28 08:07:00,2025-11-28 08:10:00,3.0,2025-11-28,2025-11-28,2025,2025,Friday,Friday,08:07,08:10,487,490,NON_WEEKEND,NON_WEEKEND_GAP,7,10,4,P7_C10_D4
2025-11-28 08:14:00,2025-11-28 08:55:00,41.0,2025-11-28,2025-11-28,2025,2025,Friday,Friday,08:14,08:55,494,535,NON_WEEKEND,NON_WEEKEND_GAP,8,12,40,P8_C12_D40
2025-11-28 08:55:00,2025-11-28 08:58:00,3.0,2025-11-28,2025-11-28,2025,2025,Friday,Friday,08:55,08:58,535,538,NON_WEEKEND,NON_WEEKEND_GAP,11,12,4,P11_C12_D4
2025-12-07 23:15:00,2025-12-07 23:17:00,2.0,2025-12-07,2025-12-07,2025,2025,Sunday,Sunday,23:15,23:17,1395,1397,NON_WEEKEND,NON_WEEKEND_GAP,37,40,2,P37_C40_D2
2025-12-07 23:17:00,2025-12-07 23:21:00,4.0,2025-12-07,2025-12-07,2025,2025,Sunday,Sunday,23:17,23:21,1397,1401,NON_WEEKEND,NON_WEEKEND_GAP,37,41,4,P37_C41_D4
2025-12-07 23:28:00,2025-12-07 23:49:00,21.0,2025-12-07,2025-12-07,2025,2025,Sunday,Sunday,23:28,23:49,1408,1429,NON_WEEKEND,NON_WEEKEND_GAP,38,43,20,P38_C43_D20
2025-12-11 21:57:00,2025-12-11 23:03:00,66.0,2025-12-11,2025-12-11,2025,2025,Thursday,Thursday,21:57,23:03,1317,1383,NON_WEEKEND,NON_WEEKEND_GAP,33,39,66,P33_C39_D66
2025-12-17 23:02:00,2025-12-17 23:10:00,8.0,2025-12-17,2025-12-17,2025,2025,Wednesday,Wednesday,23:02,23:10,1382,1390,NON_WEEKEND,NON_WEEKEND_GAP,36,40,8,P36_C40_D8
2025-12-30 23:01:00,2025-12-30 23:03:00,2.0,2025-12-30,2025-12-30,2025,2025,Tuesday,Tuesday,23:01,23:03,1381,1383,NON_WEEKEND,NON_WEEKEND_GAP,36,39,2,P36_C39_D2
2026-01-05 21:57:00,2026-01-05 23:04:00,67.0,2026-01-05,2026-01-05,2026,2026,Monday,Monday,21:57,23:04,1317,1384,NON_WEEKEND,NON_WEEKEND_GAP,33,39,68,P33_C39_D68
2026-01-14 21:57:00,2026-01-14 23:03:00,66.0,2026-01-14,2026-01-14,2026,2026,Wednesday,Wednesday,21:57,23:03,1317,1383,NON_WEEKEND,NON_WEEKEND_GAP,33,39,66,P33_C39_D66
2026-01-25 23:02:00,2026-01-25 23:05:00,3.0,2026-01-25,2026-01-25,2026,2026,Sunday,Sunday,23:02,23:05,1382,1385,NON_WEEKEND,NON_WEEKEND_GAP,36,39,4,P36_C39_D4
2026-01-27 21:57:00,2026-01-27 23:10:00,73.0,2026-01-27,2026-01-27,2026,2026,Tuesday,Tuesday,21:57,23:10,1317,1390,NON_WEEKEND,NON_WEEKEND_GAP,33,40,72,P33_C40_D72
2026-01-28 23:38:00,2026-01-28 23:43:00,5.0,2026-01-28,2026-01-28,2026,2026,Wednesday,Wednesday,23:38,23:43,1418,1423,NON_WEEKEND,NON_WEEKEND_GAP,39,43,4,P39_C43_D4
2026-02-01 23:01:00,2026-02-01 23:10:00,9.0,2026-02-01,2026-02-01,2026,2026,Sunday,Sunday,23:01,23:10,1381,1390,NON_WEEKEND,NON_WEEKEND_GAP,36,40,8,P36_C40_D8
2026-02-01 23:45:00,2026-02-01 23:47:00,2.0,2026-02-01,2026-02-01,2026,2026,Sunday,Sunday,23:45,23:47,1425,1427,NON_WEEKEND,NON_WEEKEND_GAP,40,43,2,P40_C43_D2
2026-02-15 23:08:00,2026-02-15 23:10:00,2.0,2026-02-15,2026-02-15,2026,2026,Sunday,Sunday,23:08,23:10,1388,1390,NON_WEEKEND,NON_WEEKEND_GAP,36,40,2,P36_C40_D2
2026-02-24 21:57:00,2026-02-24 23:03:00,66.0,2026-02-24,2026-02-24,2026,2026,Tuesday,Tuesday,21:57,23:03,1317,1383,NON_WEEKEND,NON_WEEKEND_GAP,33,39,66,P33_C39_D66
2026-03-01 23:01:00,2026-03-01 23:07:00,6.0,2026-03-01,2026-03-01,2026,2026,Sunday,Sunday,23:01,23:07,1381,1387,NON_WEEKEND,NON_WEEKEND_GAP,36,39,6,P36_C39_D6
2026-03-01 23:07:00,2026-03-01 23:09:00,2.0,2026-03-01,2026-03-01,2026,2026,Sunday,Sunday,23:07,23:09,1387,1389,NON_WEEKEND,NON_WEEKEND_GAP,36,39,2,P36_C39_D2
2026-03-05 21:57:00,2026-03-05 23:05:00,68.0,2026-03-05,2026-03-05,2026,2026,Thursday,Thursday,21:57,23:05,1317,1385,NON_WEEKEND,NON_WEEKEND_GAP,33,39,68,P33_C39_D68
2026-04-01 20:57:00,2026-04-01 22:16:00,79.0,2026-04-01,2026-04-01,2026,2026,Wednesday,Wednesday,20:57,22:16,1257,1336,NON_WEEKEND,NON_WEEKEND_GAP,30,36,80,P30_C36_D80
2026-04-19 22:01:00,2026-04-19 22:03:00,2.0,2026-04-19,2026-04-19,2026,2026,Sunday,Sunday,22:01,22:03,1321,1323,NON_WEEKEND,NON_WEEKEND_GAP,33,35,2,P33_C35_D2
