family_id,occurrences,b31_occurrences,unique_dates,unique_years,previous_time,current_time,median_gap_minutes,gap_std,before_context_availability,after_context_availability,boundary_strength,classification
P126_C126_D2,106,212,201,6,21:59,22:01,2.0,0.0,0.9905660377358491,0.4716981132075472,217.18,VARIABLE_BOUNDARY
P120_C120_D2,129,229,213,6,20:59,21:01,2.0,0.0,0.9844961240310077,0.7829457364341085,215.04,VARIABLE_BOUNDARY
P121_C121_D2,46,190,161,6,21:08,21:10,2.0,0.0,0.3695652173913043,0.5869565217391305,188.9,VARIABLE_BOUNDARY
P127_C127_D2,40,193,167,6,22:08,22:10,2.0,0.0,0.65,0.55,185.2,VARIABLE_BOUNDARY
P121_C120_D2,69,170,164,6,21:03,21:05,2.0,0.0,0.8405797101449275,0.6521739130434783,168.20000000000002,VARIABLE_BOUNDARY
P122_C122_D2,33,184,151,5,21:18,21:20,2.0,0.0,0.6666666666666666,0.5454545454545454,166.1266666666667,VARIABLE_BOUNDARY
P127_C126_D2,64,160,145,6,22:03,22:05,2.0,0.0,0.71875,0.640625,155.5,VARIABLE_BOUNDARY
P128_C128_D2,27,191,159,4,22:18,22:20,2.0,0.0,0.48148148148148145,0.4074074074074074,149.56666666666666,VARIABLE_BOUNDARY
P131_C131_D2,32,180,144,4,22:49,22:51,2.0,0.0,0.59375,0.5,139.2,VARIABLE_BOUNDARY
P125_C125_D2,27,152,131,5,21:48,21:50,2.0,0.0,0.7407407407407407,0.7777777777777778,139.11333333333332,VARIABLE_BOUNDARY
P130_C130_D2,32,177,149,4,22:38,22:40,2.0,0.0,0.59375,0.5,139.1,VARIABLE_BOUNDARY
P123_C123_D2,41,179,157,3,21:28,21:30,2.0,0.0,0.4634146341463415,0.6585365853658537,134.81,VARIABLE_BOUNDARY
P124_C124_D2,31,173,142,3,21:39,21:41,2.0,0.0,0.6129032258064516,0.4838709677419355,127.37,VARIABLE_BOUNDARY
P129_C129_D2,45,160,140,4,22:28,22:30,2.0,0.0,0.4888888888888889,0.5777777777777777,127.33333333333334,VARIABLE_BOUNDARY
P126_C126_D4,5,127,127,6,22:00,22:04,4.0,0.0,1.0,0.6,127.0,VARIABLE_BOUNDARY
P120_C120_D4,5,123,123,6,21:00,21:04,4.0,0.0,1.0,1.0,118.08,SHORT_RECURRING_GAP
P127_C127_D4,17,108,99,6,22:07,22:10,3.0,0.0,0.4117647058823529,0.5882352941176471,105.29999999999998,VARIABLE_BOUNDARY
P129_C128_D2,33,124,112,4,22:23,22:25,2.0,0.0,0.2727272727272727,0.6060606060606061,99.73333333333332,VARIABLE_BOUNDARY
P118_C118_D2,20,124,107,4,20:39,20:41,2.0,0.0,0.55,0.8,98.23333333333332,VARIABLE_BOUNDARY
P136_C136_D2,22,121,103,4,23:38,23:40,2.0,0.0,0.45454545454545453,0.5454545454545454,95.43333333333332,VARIABLE_BOUNDARY
P132_C131_D2,23,117,110,4,22:54,22:56,2.0,0.0,0.5217391304347826,0.8260869565217391,95.4,VARIABLE_BOUNDARY
P128_C128_D4,3,112,102,4,22:17,22:21,4.0,0.0,0.6666666666666666,0.3333333333333333,90.33333333333334,VARIABLE_BOUNDARY
P137_C137_D2,23,112,94,4,23:48,23:50,2.0,0.0,0.5652173913043478,0.6956521739130435,87.93333333333332,VARIABLE_BOUNDARY
P134_C134_D2,19,108,98,4,23:18,23:20,2.0,0.0,0.631578947368421,0.3684210526315789,87.0,VARIABLE_BOUNDARY
P123_C122_D2,25,109,105,3,21:23,21:25,2.0,0.0,0.76,0.68,84.91,VARIABLE_BOUNDARY
P122_C121_D2,35,100,91,4,21:13,21:15,2.0,0.0,0.4,0.45714285714285713,84.63333333333334,VARIABLE_BOUNDARY
P126_C125_D2,30,99,92,4,21:53,21:55,2.0,0.0,0.6666666666666666,0.7,84.36,VARIABLE_BOUNDARY
P128_C127_D2,32,101,93,4,22:13,22:15,2.0,0.0,0.4375,0.40625,81.76666666666665,VARIABLE_BOUNDARY
P124_C123_D2,30,102,92,3,21:33,21:35,2.0,0.0,0.5,0.4,77.58,VARIABLE_BOUNDARY
P121_C121_D4,10,83,76,5,21:08,21:11,3.0,0.0,0.7,0.4,77.30333333333333,VARIABLE_BOUNDARY
P133_C133_D2,19,97,85,4,23:08,23:10,2.0,0.0,0.7894736842105263,0.6842105263157895,77.23333333333333,VARIABLE_BOUNDARY
P135_C135_D2,20,94,82,4,23:28,23:30,2.0,0.0,0.7,0.65,74.73333333333333,VARIABLE_BOUNDARY
P125_C124_D2,36,96,91,3,21:43,21:45,2.0,0.0,0.5555555555555556,0.5,74.34,VARIABLE_BOUNDARY
P118_C117_D2,22,88,83,4,20:33,20:35,2.0,0.0,0.7272727272727273,0.6818181818181818,71.83333333333333,VARIABLE_BOUNDARY
P132_C132_D2,22,88,80,4,22:58,23:00,2.0,0.0,0.2727272727272727,0.5,70.93333333333332,VARIABLE_BOUNDARY
P130_C129_D2,22,89,78,4,22:34,22:36,2.0,0.0,0.5454545454545454,0.36363636363636365,70.86666666666667,VARIABLE_BOUNDARY
P131_C130_D2,22,87,81,4,22:43,22:45,2.0,0.0,0.6363636363636364,0.5,70.69999999999999,VARIABLE_BOUNDARY
P122_C122_D4,2,90,85,3,21:18,21:22,4.0,0.0,0.0,0.5,69.6,VARIABLE_BOUNDARY
P117_C117_D2,10,86,78,4,20:29,20:31,2.0,0.0,0.2,0.7,69.26666666666667,VARIABLE_BOUNDARY
P136_C135_D2,17,81,74,4,23:33,23:35,2.0,0.0,0.5882352941176471,0.47058823529411764,65.39999999999999,VARIABLE_BOUNDARY
P116_C116_D2,10,90,81,3,20:19,20:21,2.0,0.0,0.8,0.7,64.8,VARIABLE_BOUNDARY
P129_C129_D4,5,80,71,4,22:26,22:30,4.0,0.0,0.6,0.6,63.96666666666667,VARIABLE_BOUNDARY
P125_C125_D4,4,78,71,4,21:47,21:51,4.0,0.0,0.5,0.25,62.9,VARIABLE_BOUNDARY
P124_C124_D4,4,73,70,4,21:38,21:41,3.0,0.0,0.5,0.5,62.85333333333333,VARIABLE_BOUNDARY
P130_C130_D4,4,75,71,4,22:37,22:41,4.0,0.0,0.25,0.5,61.29999999999999,VARIABLE_BOUNDARY
P131_C131_D4,5,84,76,3,22:48,22:51,3.0,0.0,0.8,0.6,60.59999999999999,VARIABLE_BOUNDARY
P117_C116_D2,9,74,69,4,20:24,20:26,2.0,0.0,0.7777777777777778,0.6666666666666666,60.16666666666667,VARIABLE_BOUNDARY
P119_C119_D2,4,73,66,4,20:49,20:51,2.0,0.0,0.5,0.75,58.73333333333333,VARIABLE_BOUNDARY
P123_C123_D4,19,77,69,3,21:27,21:30,3.0,0.0,0.2631578947368421,0.5263157894736842,58.43,VARIABLE_BOUNDARY
P135_C134_D2,17,71,62,4,23:23,23:25,2.0,0.0,0.6470588235294118,0.6470588235294118,56.46666666666667,VARIABLE_BOUNDARY
P138_C137_D2,20,76,71,3,23:53,23:55,2.0,0.0,0.55,0.8,55.49999999999999,VARIABLE_BOUNDARY
P137_C136_D2,18,67,60,4,23:43,23:45,2.0,0.0,0.5555555555555556,0.5555555555555556,53.73333333333333,VARIABLE_BOUNDARY
P27_C27_D2,12,67,58,4,04:26,04:28,2.0,0.0,0.75,0.6666666666666666,53.13333333333333,VARIABLE_BOUNDARY
P115_C115_D2,13,64,56,4,20:08,20:10,2.0,0.0,0.9230769230769231,0.6923076923076923,50.93333333333334,VARIABLE_BOUNDARY
P133_C132_D2,21,61,58,4,23:03,23:05,2.0,0.0,0.7142857142857143,0.7142857142857143,49.93333333333332,VARIABLE_BOUNDARY
P138_C1_D2,72,62,62,4,23:58,00:00,2.0,0.0,0.8611111111111112,0.9583333333333334,49.18666666666667,SHORT_RECURRING_GAP
P29_C29_D2,5,62,47,4,04:46,04:48,2.0,0.0,0.2,0.0,47.16666666666666,VARIABLE_BOUNDARY
P119_C118_D2,18,56,55,4,20:43,20:45,2.0,0.0,0.5,0.8333333333333334,46.36666666666666,VARIABLE_BOUNDARY
P26_C26_D2,5,59,49,4,04:15,04:17,2.0,0.0,0.2,0.4,46.16666666666667,VARIABLE_BOUNDARY
P127_C126_D4,37,46,46,6,22:02,22:05,3.0,0.0,0.6486486486486487,0.5405405405405406,46.0,VARIABLE_BOUNDARY
P136_C136_D4,7,57,51,4,23:38,23:41,3.0,0.0,0.5714285714285714,0.7142857142857143,45.7,VARIABLE_BOUNDARY
P137_C137_D4,6,62,55,3,23:48,23:51,3.0,0.0,0.6666666666666666,0.6666666666666666,44.4,VARIABLE_BOUNDARY
P134_C133_D2,8,61,55,3,23:14,23:16,2.0,0.0,0.5,0.25,43.95,VARIABLE_BOUNDARY
P121_C120_D4,47,50,50,5,21:02,21:05,3.0,0.0,0.8723404255319149,0.7446808510638298,43.833333333333336,VARIABLE_BOUNDARY
P25_C25_D2,7,55,48,4,04:05,04:07,2.0,0.0,1.0,0.7142857142857143,43.73333333333333,VARIABLE_BOUNDARY
P116_C115_D2,10,53,47,4,20:14,20:16,2.0,0.0,0.7,0.5,42.36666666666666,VARIABLE_BOUNDARY
P3_C3_D2,5,53,46,4,00:25,00:27,2.0,0.0,0.8,0.4,42.06666666666667,VARIABLE_BOUNDARY
P2_C2_D2,9,55,46,3,00:15,00:17,2.0,0.0,0.7777777777777778,0.5555555555555556,38.55,VARIABLE_BOUNDARY
P28_C28_D2,6,55,45,3,04:35,04:37,2.0,0.0,1.0,0.6666666666666666,38.25000000000001,VARIABLE_BOUNDARY
P118_C118_D4,4,49,48,3,20:37,20:40,3.0,0.0,0.5,1.0,36.45,VARIABLE_BOUNDARY
P135_C135_D4,6,50,46,3,23:27,23:30,3.0,0.0,0.5,0.5,36.3,VARIABLE_BOUNDARY
P21_C21_D2,2,47,36,4,03:25,03:27,2.0,0.0,1.0,1.0,35.86666666666667,SHORT_RECURRING_GAP
P30_C30_D2,10,51,43,3,04:55,04:57,2.0,0.0,0.8,1.0,35.849999999999994,SHORT_RECURRING_GAP
P129_C128_D4,14,43,43,4,22:23,22:26,3.0,0.0,0.21428571428571427,0.5,35.83333333333333,VARIABLE_BOUNDARY
P23_C23_D2,11,51,41,3,03:45,03:47,2.0,0.0,0.5454545454545454,0.9090909090909091,35.25,VARIABLE_BOUNDARY
P133_C133_D4,4,43,39,4,23:08,23:11,3.0,0.0,0.75,0.5,34.63333333333333,VARIABLE_BOUNDARY
P5_C5_D2,8,45,38,3,00:45,00:47,2.0,0.0,0.625,0.75,31.65,VARIABLE_BOUNDARY
P31_C31_D2,5,39,35,4,05:06,05:08,2.0,0.0,1.0,0.4,31.3,VARIABLE_BOUNDARY
P24_C24_D2,8,40,33,4,03:55,03:57,2.0,0.0,0.875,1.0,31.23333333333333,SHORT_RECURRING_GAP
P4_C4_D2,8,40,33,4,00:35,00:37,2.0,0.0,0.5,0.75,31.23333333333333,VARIABLE_BOUNDARY
P132_C131_D4,10,37,37,4,22:53,22:56,3.0,0.0,0.5,0.8,30.83333333333333,VARIABLE_BOUNDARY
P134_C134_D4,6,42,38,3,23:19,23:22,3.0,0.0,0.6666666666666666,0.6666666666666666,30.299999999999997,VARIABLE_BOUNDARY
P20_C20_D2,5,35,32,4,03:16,03:18,2.0,0.0,1.0,1.0,28.266666666666666,SHORT_RECURRING_GAP
P22_C22_D2,6,39,34,3,03:36,03:38,2.0,0.0,0.8333333333333334,0.8333333333333334,27.75,SHORT_RECURRING_GAP
P112_C112_D2,4,39,32,3,19:37,19:39,2.0,0.0,1.0,1.0,27.15,SHORT_RECURRING_GAP
P17_C17_D2,7,38,33,3,02:45,02:47,2.0,0.0,0.8571428571428571,1.0,27.0,SHORT_RECURRING_GAP
P123_C122_D4,7,34,34,3,21:23,21:26,3.0,0.0,0.42857142857142855,0.2857142857142857,26.86,VARIABLE_BOUNDARY
P138_C138_D2,18,35,35,3,23:57,23:59,2.0,0.0,0.7222222222222222,0.9444444444444444,26.25,VARIABLE_BOUNDARY
P117_C117_D4,3,36,33,3,20:27,20:30,3.0,0.0,0.3333333333333333,0.0,26.099999999999994,VARIABLE_BOUNDARY
P14_C14_D2,7,33,28,4,02:15,02:17,2.0,0.0,0.8571428571428571,0.8571428571428571,26.0,SHORT_RECURRING_GAP
P110_C110_D2,6,37,30,3,19:17,19:19,2.0,0.0,0.8333333333333334,0.8333333333333334,25.65,SHORT_RECURRING_GAP
P126_C126_D6,28,29,29,5,21:59,22:05,6.0,0.0,1.0,0.8571428571428571,25.423333333333336,CONSISTENT_BOUNDARY_CANDIDATE
P116_C116_D4,1,35,31,3,20:19,20:23,4.0,,0.0,1.0,25.05,VARIABLE_BOUNDARY
P33_C33_D2,6,35,30,3,05:25,05:27,2.0,0.0,0.8333333333333334,0.8333333333333334,24.75,SHORT_RECURRING_GAP
P19_C19_D2,5,34,31,3,03:05,03:07,2.0,0.0,1.0,1.0,24.599999999999994,SHORT_RECURRING_GAP
P111_C111_D2,4,34,30,3,19:26,19:28,2.0,0.0,0.75,0.75,24.3,VARIABLE_BOUNDARY
P122_C121_D4,17,32,32,3,21:12,21:15,3.0,0.0,0.35294117647058826,0.47058823529411764,24.0,VARIABLE_BOUNDARY
P120_C119_D2,11,28,28,4,20:53,20:55,2.0,0.0,0.7272727272727273,0.36363636363636365,23.33333333333333,VARIABLE_BOUNDARY
P9_C9_D2,4,33,26,3,01:24,01:26,2.0,0.0,1.0,1.0,22.65,SHORT_RECURRING_GAP
P126_C125_D4,8,30,30,3,21:53,21:56,3.0,0.0,0.5,0.75,22.5,VARIABLE_BOUNDARY
P32_C32_D2,5,31,27,3,05:16,05:18,2.0,0.0,0.6,1.0,22.05,VARIABLE_BOUNDARY
P35_C35_D2,6,31,27,3,05:45,05:47,2.0,0.0,1.0,0.8333333333333334,22.05,SHORT_RECURRING_GAP
P107_C107_D2,3,31,26,3,18:46,18:48,2.0,0.0,1.0,0.6666666666666666,21.75,VARIABLE_BOUNDARY
P34_C34_D2,4,30,27,3,05:34,05:36,2.0,0.0,1.0,0.75,21.6,VARIABLE_BOUNDARY
P132_C132_D4,9,29,28,3,22:57,23:00,3.0,0.0,0.2222222222222222,0.6666666666666666,21.450000000000003,VARIABLE_BOUNDARY
P115_C114_D2,14,28,28,3,20:04,20:06,2.0,0.0,1.0,0.6428571428571429,21.0,VARIABLE_BOUNDARY
P113_C113_D2,4,30,26,3,19:46,19:48,2.0,0.0,0.75,0.75,20.1,VARIABLE_BOUNDARY
P120_C120_D6,18,23,23,4,20:59,21:05,6.0,0.0,1.0,0.8333333333333334,19.166666666666664,CONSISTENT_BOUNDARY_CANDIDATE
P16_C16_D2,6,28,21,3,02:36,02:38,2.0,0.0,0.6666666666666666,0.5,18.9,VARIABLE_BOUNDARY
P18_C18_D2,3,22,22,4,02:54,02:56,2.0,0.0,0.6666666666666666,1.0,18.33333333333333,VARIABLE_BOUNDARY
P15_C15_D2,7,26,22,3,02:26,02:28,2.0,0.0,1.0,1.0,18.3,SHORT_RECURRING_GAP
P101_C101_D2,4,25,21,3,17:42,17:44,2.0,0.0,1.0,0.75,17.549999999999997,VARIABLE_BOUNDARY
P106_C106_D2,4,23,23,3,18:35,18:37,2.0,0.0,0.5,0.75,17.25,VARIABLE_BOUNDARY
P124_C123_D4,12,23,23,3,21:32,21:35,3.0,0.0,0.3333333333333333,0.4166666666666667,17.25,VARIABLE_BOUNDARY
P128_C127_D4,12,23,23,3,22:12,22:15,3.0,0.0,0.3333333333333333,0.4166666666666667,17.25,VARIABLE_BOUNDARY
P6_C6_D2,4,23,20,3,00:56,00:58,2.0,0.0,0.5,1.0,16.35,VARIABLE_BOUNDARY
P119_C119_D4,4,22,21,3,20:46,20:49,3.0,0.0,0.25,1.0,16.2,VARIABLE_BOUNDARY
P1_C1_D2,2,22,20,3,00:06,00:08,2.0,0.0,1.0,1.0,15.9,SHORT_RECURRING_GAP
P115_C115_D4,4,21,21,3,20:08,20:11,3.0,0.0,1.0,0.5,15.75,VARIABLE_BOUNDARY
P125_C124_D4,9,21,21,3,21:43,21:46,3.0,0.0,0.4444444444444444,0.1111111111111111,15.75,VARIABLE_BOUNDARY
P135_C134_D4,1,21,21,3,23:23,23:27,4.0,,0.0,0.0,15.75,VARIABLE_BOUNDARY
P11_C11_D2,2,22,19,3,01:43,01:45,2.0,0.0,1.0,1.0,15.599999999999998,SHORT_RECURRING_GAP
P104_C104_D2,3,21,19,3,18:15,18:17,2.0,0.0,1.0,0.6666666666666666,15.149999999999997,VARIABLE_BOUNDARY
P27_C28_D2,13,20,20,3,04:31,04:33,2.0,0.0,0.6923076923076923,0.6923076923076923,15.0,VARIABLE_BOUNDARY
P2_C3_D2,13,20,20,3,00:20,00:22,2.0,0.0,0.8461538461538461,0.6153846153846154,15.0,VARIABLE_BOUNDARY
P130_C129_D4,7,20,20,3,22:33,22:36,3.0,0.0,0.0,0.14285714285714285,14.2,VARIABLE_BOUNDARY
