previous_index,current_index,previous,current,gap_minutes,previous_weekday,current_weekday,previous_date,current_date,previous_year,current_year,previous_time,current_time,previous_hour,current_hour,gap_type,duration_cluster,pattern_signature
769,770,2021-08-17 12:49:00,2021-08-17 12:53:00,4.0,Tuesday,Tuesday,2021-08-17,2021-08-17,2021,2021,12:49,12:53,12,12,NON_WEEKEND_GAP,4,12:49 -> 12:53 | 4m
1255,1256,2021-08-17 20:58:00,2021-08-17 22:00:00,62.0,Tuesday,Tuesday,2021-08-17,2021-08-17,2021,2021,20:58,22:00,20,22,NON_WEEKEND_GAP,62,20:58 -> 22:00 | 62m
2634,2635,2021-08-18 20:58:00,2021-08-18 22:00:00,62.0,Wednesday,Wednesday,2021-08-18,2021-08-18,2021,2021,20:58,22:00,20,22,NON_WEEKEND_GAP,62,20:58 -> 22:00 | 62m
4013,4014,2021-08-19 20:58:00,2021-08-19 22:00:00,62.0,Thursday,Thursday,2021-08-19,2021-08-19,2021,2021,20:58,22:00,20,22,NON_WEEKEND_GAP,62,20:58 -> 22:00 | 62m
6767,6768,2021-08-23 20:58:00,2021-08-23 22:00:00,62.0,Monday,Monday,2021-08-23,2021-08-23,2021,2021,20:58,22:00,20,22,NON_WEEKEND_GAP,62,20:58 -> 22:00 | 62m
8146,8147,2021-08-24 20:58:00,2021-08-24 22:00:00,62.0,Tuesday,Tuesday,2021-08-24,2021-08-24,2021,2021,20:58,22:00,20,22,NON_WEEKEND_GAP,62,20:58 -> 22:00 | 62m
8976,8977,2021-08-25 11:49:00,2021-08-25 11:51:00,2.0,Wednesday,Wednesday,2021-08-25,2021-08-25,2021,2021,11:49,11:51,11,11,NON_WEEKEND_GAP,2,11:49 -> 11:51 | 2m
9524,9525,2021-08-25 20:58:00,2021-08-25 22:00:00,62.0,Wednesday,Wednesday,2021-08-25,2021-08-25,2021,2021,20:58,22:00,20,22,NON_WEEKEND_GAP,62,20:58 -> 22:00 | 62m
10903,10904,2021-08-26 20:58:00,2021-08-26 22:00:00,62.0,Thursday,Thursday,2021-08-26,2021-08-26,2021,2021,20:58,22:00,20,22,NON_WEEKEND_GAP,62,20:58 -> 22:00 | 62m
13657,13658,2021-08-30 20:58:00,2021-08-30 22:00:00,62.0,Monday,Monday,2021-08-30,2021-08-30,2021,2021,20:58,22:00,20,22,NON_WEEKEND_GAP,62,20:58 -> 22:00 | 62m
15036,15037,2021-08-31 20:58:00,2021-08-31 22:00:00,62.0,Tuesday,Tuesday,2021-08-31,2021-08-31,2021,2021,20:58,22:00,20,22,NON_WEEKEND_GAP,62,20:58 -> 22:00 | 62m
16415,16416,2021-09-01 20:58:00,2021-09-01 22:00:00,62.0,Wednesday,Wednesday,2021-09-01,2021-09-01,2021,2021,20:58,22:00,20,22,NON_WEEKEND_GAP,62,20:58 -> 22:00 | 62m
17794,17795,2021-09-02 20:58:00,2021-09-02 22:00:00,62.0,Thursday,Thursday,2021-09-02,2021-09-02,2021,2021,20:58,22:00,20,22,NON_WEEKEND_GAP,62,20:58 -> 22:00 | 62m
20313,20314,2021-09-06 17:03:00,2021-09-06 17:06:00,3.0,Monday,Monday,2021-09-06,2021-09-06,2021,2021,17:03,17:06,17,17,NON_WEEKEND_GAP,4,17:03 -> 17:06 | 4m
20328,20329,2021-09-06 22:13:00,2021-09-06 22:15:00,2.0,Monday,Monday,2021-09-06,2021-09-06,2021,2021,22:13,22:15,22,22,NON_WEEKEND_GAP,2,22:13 -> 22:15 | 2m
21692,21693,2021-09-07 20:58:00,2021-09-07 22:00:00,62.0,Tuesday,Tuesday,2021-09-07,2021-09-07,2021,2021,20:58,22:00,20,22,NON_WEEKEND_GAP,62,20:58 -> 22:00 | 62m
21693,21694,2021-09-07 22:00:00,2021-09-07 22:02:00,2.0,Tuesday,Tuesday,2021-09-07,2021-09-07,2021,2021,22:00,22:02,22,22,NON_WEEKEND_GAP,2,22:00 -> 22:02 | 2m
23070,23071,2021-09-08 20:58:00,2021-09-08 22:00:00,62.0,Wednesday,Wednesday,2021-09-08,2021-09-08,2021,2021,20:58,22:00,20,22,NON_WEEKEND_GAP,62,20:58 -> 22:00 | 62m
24449,24450,2021-09-09 20:58:00,2021-09-09 22:00:00,62.0,Thursday,Thursday,2021-09-09,2021-09-09,2021,2021,20:58,22:00,20,22,NON_WEEKEND_GAP,62,20:58 -> 22:00 | 62m
27203,27204,2021-09-13 20:58:00,2021-09-13 22:00:00,62.0,Monday,Monday,2021-09-13,2021-09-13,2021,2021,20:58,22:00,20,22,NON_WEEKEND_GAP,62,20:58 -> 22:00 | 62m
28582,28583,2021-09-14 20:58:00,2021-09-14 22:00:00,62.0,Tuesday,Tuesday,2021-09-14,2021-09-14,2021,2021,20:58,22:00,20,22,NON_WEEKEND_GAP,62,20:58 -> 22:00 | 62m
29961,29962,2021-09-15 20:58:00,2021-09-15 22:00:00,62.0,Wednesday,Wednesday,2021-09-15,2021-09-15,2021,2021,20:58,22:00,20,22,NON_WEEKEND_GAP,62,20:58 -> 22:00 | 62m
31340,31341,2021-09-16 20:58:00,2021-09-16 22:00:00,62.0,Thursday,Thursday,2021-09-16,2021-09-16,2021,2021,20:58,22:00,20,22,NON_WEEKEND_GAP,62,20:58 -> 22:00 | 62m
34094,34095,2021-09-20 20:58:00,2021-09-20 22:00:00,62.0,Monday,Monday,2021-09-20,2021-09-20,2021,2021,20:58,22:00,20,22,NON_WEEKEND_GAP,62,20:58 -> 22:00 | 62m
35473,35474,2021-09-21 20:58:00,2021-09-21 22:00:00,62.0,Tuesday,Tuesday,2021-09-21,2021-09-21,2021,2021,20:58,22:00,20,22,NON_WEEKEND_GAP,62,20:58 -> 22:00 | 62m
36852,36853,2021-09-22 20:58:00,2021-09-22 22:00:00,62.0,Wednesday,Wednesday,2021-09-22,2021-09-22,2021,2021,20:58,22:00,20,22,NON_WEEKEND_GAP,62,20:58 -> 22:00 | 62m
38231,38232,2021-09-23 20:58:00,2021-09-23 22:00:00,62.0,Thursday,Thursday,2021-09-23,2021-09-23,2021,2021,20:58,22:00,20,22,NON_WEEKEND_GAP,62,20:58 -> 22:00 | 62m
40985,40986,2021-09-27 20:58:00,2021-09-27 22:00:00,62.0,Monday,Monday,2021-09-27,2021-09-27,2021,2021,20:58,22:00,20,22,NON_WEEKEND_GAP,62,20:58 -> 22:00 | 62m
42364,42365,2021-09-28 20:58:00,2021-09-28 22:00:00,62.0,Tuesday,Tuesday,2021-09-28,2021-09-28,2021,2021,20:58,22:00,20,22,NON_WEEKEND_GAP,62,20:58 -> 22:00 | 62m
43743,43744,2021-09-29 20:58:00,2021-09-29 22:00:00,62.0,Wednesday,Wednesday,2021-09-29,2021-09-29,2021,2021,20:58,22:00,20,22,NON_WEEKEND_GAP,62,20:58 -> 22:00 | 62m
45122,45123,2021-09-30 20:58:00,2021-09-30 22:00:00,62.0,Thursday,Thursday,2021-09-30,2021-09-30,2021,2021,20:58,22:00,20,22,NON_WEEKEND_GAP,62,20:58 -> 22:00 | 62m
47876,47877,2021-10-04 20:58:00,2021-10-04 22:00:00,62.0,Monday,Monday,2021-10-04,2021-10-04,2021,2021,20:58,22:00,20,22,NON_WEEKEND_GAP,62,20:58 -> 22:00 | 62m
49255,49256,2021-10-05 20:58:00,2021-10-05 22:00:00,62.0,Tuesday,Tuesday,2021-10-05,2021-10-05,2021,2021,20:58,22:00,20,22,NON_WEEKEND_GAP,62,20:58 -> 22:00 | 62m
50634,50635,2021-10-06 20:58:00,2021-10-06 22:00:00,62.0,Wednesday,Wednesday,2021-10-06,2021-10-06,2021,2021,20:58,22:00,20,22,NON_WEEKEND_GAP,62,20:58 -> 22:00 | 62m
50684,50685,2021-10-06 22:49:00,2021-10-06 22:51:00,2.0,Wednesday,Wednesday,2021-10-06,2021-10-06,2021,2021,22:49,22:51,22,22,NON_WEEKEND_GAP,2,22:49 -> 22:51 | 2m
52012,52013,2021-10-07 20:58:00,2021-10-07 22:00:00,62.0,Thursday,Thursday,2021-10-07,2021-10-07,2021,2021,20:58,22:00,20,22,NON_WEEKEND_GAP,62,20:58 -> 22:00 | 62m
52104,52105,2021-10-07 23:31:00,2021-10-07 23:33:00,2.0,Thursday,Thursday,2021-10-07,2021-10-07,2021,2021,23:31,23:33,23,23,NON_WEEKEND_GAP,2,23:31 -> 23:33 | 2m
54765,54766,2021-10-11 20:58:00,2021-10-11 22:00:00,62.0,Monday,Monday,2021-10-11,2021-10-11,2021,2021,20:58,22:00,20,22,NON_WEEKEND_GAP,62,20:58 -> 22:00 | 62m
55557,55558,2021-10-12 11:11:00,2021-10-12 11:13:00,2.0,Tuesday,Tuesday,2021-10-12,2021-10-12,2021,2021,11:11,11:13,11,11,NON_WEEKEND_GAP,2,11:11 -> 11:13 | 2m
56143,56144,2021-10-12 20:58:00,2021-10-12 22:00:00,62.0,Tuesday,Tuesday,2021-10-12,2021-10-12,2021,2021,20:58,22:00,20,22,NON_WEEKEND_GAP,62,20:58 -> 22:00 | 62m
57522,57523,2021-10-13 20:58:00,2021-10-13 22:00:00,62.0,Wednesday,Wednesday,2021-10-13,2021-10-13,2021,2021,20:58,22:00,20,22,NON_WEEKEND_GAP,62,20:58 -> 22:00 | 62m
58901,58902,2021-10-14 20:58:00,2021-10-14 22:00:00,62.0,Thursday,Thursday,2021-10-14,2021-10-14,2021,2021,20:58,22:00,20,22,NON_WEEKEND_GAP,62,20:58 -> 22:00 | 62m
61655,61656,2021-10-18 20:58:00,2021-10-18 22:00:00,62.0,Monday,Monday,2021-10-18,2021-10-18,2021,2021,20:58,22:00,20,22,NON_WEEKEND_GAP,62,20:58 -> 22:00 | 62m
61727,61728,2021-10-18 23:11:00,2021-10-18 23:13:00,2.0,Monday,Monday,2021-10-18,2021-10-18,2021,2021,23:11,23:13,23,23,NON_WEEKEND_GAP,2,23:11 -> 23:13 | 2m
63033,63034,2021-10-19 20:58:00,2021-10-19 22:01:00,63.0,Tuesday,Tuesday,2021-10-19,2021-10-19,2021,2021,20:58,22:01,20,22,NON_WEEKEND_GAP,64,20:58 -> 22:01 | 64m
64411,64412,2021-10-20 20:58:00,2021-10-20 22:01:00,63.0,Wednesday,Wednesday,2021-10-20,2021-10-20,2021,2021,20:58,22:01,20,22,NON_WEEKEND_GAP,64,20:58 -> 22:01 | 64m
65789,65790,2021-10-21 20:58:00,2021-10-21 22:01:00,63.0,Thursday,Thursday,2021-10-21,2021-10-21,2021,2021,20:58,22:01,20,22,NON_WEEKEND_GAP,64,20:58 -> 22:01 | 64m
68541,68542,2021-10-25 20:58:00,2021-10-25 22:01:00,63.0,Monday,Monday,2021-10-25,2021-10-25,2021,2021,20:58,22:01,20,22,NON_WEEKEND_GAP,64,20:58 -> 22:01 | 64m
69919,69920,2021-10-26 20:58:00,2021-10-26 22:01:00,63.0,Tuesday,Tuesday,2021-10-26,2021-10-26,2021,2021,20:58,22:01,20,22,NON_WEEKEND_GAP,64,20:58 -> 22:01 | 64m
71297,71298,2021-10-27 20:58:00,2021-10-27 22:01:00,63.0,Wednesday,Wednesday,2021-10-27,2021-10-27,2021,2021,20:58,22:01,20,22,NON_WEEKEND_GAP,64,20:58 -> 22:01 | 64m
72675,72676,2021-10-28 20:58:00,2021-10-28 22:01:00,63.0,Thursday,Thursday,2021-10-28,2021-10-28,2021,2021,20:58,22:01,20,22,NON_WEEKEND_GAP,64,20:58 -> 22:01 | 64m
75427,75428,2021-11-01 20:58:00,2021-11-01 22:01:00,63.0,Monday,Monday,2021-11-01,2021-11-01,2021,2021,20:58,22:01,20,22,NON_WEEKEND_GAP,64,20:58 -> 22:01 | 64m
76805,76806,2021-11-02 20:58:00,2021-11-02 22:01:00,63.0,Tuesday,Tuesday,2021-11-02,2021-11-02,2021,2021,20:58,22:01,20,22,NON_WEEKEND_GAP,64,20:58 -> 22:01 | 64m
78183,78184,2021-11-03 20:58:00,2021-11-03 22:01:00,63.0,Wednesday,Wednesday,2021-11-03,2021-11-03,2021,2021,20:58,22:01,20,22,NON_WEEKEND_GAP,64,20:58 -> 22:01 | 64m
79561,79562,2021-11-04 20:58:00,2021-11-04 22:01:00,63.0,Thursday,Thursday,2021-11-04,2021-11-04,2021,2021,20:58,22:01,20,22,NON_WEEKEND_GAP,64,20:58 -> 22:01 | 64m
128642,128643,2021-12-27 21:26:00,2021-12-27 21:28:00,2.0,Monday,Monday,2021-12-27,2021-12-27,2021,2021,21:26,21:28,21,21,NON_WEEKEND_GAP,2,21:26 -> 21:28 | 2m
142312,142313,2022-01-10 21:45:00,2022-01-10 21:47:00,2.0,Monday,Monday,2022-01-10,2022-01-10,2022,2022,21:45,21:47,21,21,NON_WEEKEND_GAP,2,21:45 -> 21:47 | 2m
171126,171127,2022-02-08 23:46:00,2022-02-09 01:22:00,96.0,Tuesday,Wednesday,2022-02-08,2022-02-09,2022,2022,23:46,01:22,23,1,NON_WEEKEND_GAP,96,23:46 -> 01:22 | 96m
203873,203874,2022-03-14 20:58:00,2022-03-14 22:01:00,63.0,Monday,Monday,2022-03-14,2022-03-14,2022,2022,20:58,22:01,20,22,NON_WEEKEND_GAP,64,20:58 -> 22:01 | 64m
205251,205252,2022-03-15 20:58:00,2022-03-15 22:01:00,63.0,Tuesday,Tuesday,2022-03-15,2022-03-15,2022,2022,20:58,22:01,20,22,NON_WEEKEND_GAP,64,20:58 -> 22:01 | 64m
206629,206630,2022-03-16 20:58:00,2022-03-16 22:01:00,63.0,Wednesday,Wednesday,2022-03-16,2022-03-16,2022,2022,20:58,22:01,20,22,NON_WEEKEND_GAP,64,20:58 -> 22:01 | 64m
208007,208008,2022-03-17 20:58:00,2022-03-17 22:01:00,63.0,Thursday,Thursday,2022-03-17,2022-03-17,2022,2022,20:58,22:01,20,22,NON_WEEKEND_GAP,64,20:58 -> 22:01 | 64m
253316,253317,2022-05-04 19:12:00,2022-05-04 19:14:00,2.0,Wednesday,Wednesday,2022-05-04,2022-05-04,2022,2022,19:12,19:14,19,19,NON_WEEKEND_GAP,2,19:12 -> 19:14 | 2m
293703,293704,2022-06-15 07:56:00,2022-06-15 07:58:00,2.0,Wednesday,Wednesday,2022-06-15,2022-06-15,2022,2022,07:56,07:58,7,7,NON_WEEKEND_GAP,2,07:56 -> 07:58 | 2m
335223,335224,2022-07-27 19:16:00,2022-07-27 19:18:00,2.0,Wednesday,Wednesday,2022-07-27,2022-07-27,2022,2022,19:16,19:18,19,19,NON_WEEKEND_GAP,2,19:16 -> 19:18 | 2m
380499,380500,2022-09-12 20:42:00,2022-09-12 20:44:00,2.0,Monday,Monday,2022-09-12,2022-09-12,2022,2022,20:42,20:44,20,20,NON_WEEKEND_GAP,2,20:42 -> 20:44 | 2m
434983,434984,2022-11-07 12:19:00,2022-11-07 12:21:00,2.0,Monday,Monday,2022-11-07,2022-11-07,2022,2022,12:19,12:21,12,12,NON_WEEKEND_GAP,2,12:19 -> 12:21 | 2m
453263,453264,2022-11-24 18:47:00,2022-11-24 18:49:00,2.0,Thursday,Thursday,2022-11-24,2022-11-24,2022,2022,18:47,18:49,18,18,NON_WEEKEND_GAP,2,18:47 -> 18:49 | 2m
453301,453302,2022-11-24 19:26:00,2022-11-24 19:28:00,2.0,Thursday,Thursday,2022-11-24,2022-11-24,2022,2022,19:26,19:28,19,19,NON_WEEKEND_GAP,2,19:26 -> 19:28 | 2m
480620,480621,2022-12-22 21:57:00,2022-12-23 00:17:00,140.0,Thursday,Friday,2022-12-22,2022-12-23,2022,2022,21:57,00:17,21,0,NON_WEEKEND_GAP,140,21:57 -> 00:17 | 140m
519969,519970,2023-02-03 16:13:00,2023-02-03 16:15:00,2.0,Friday,Friday,2023-02-03,2023-02-03,2023,2023,16:13,16:15,16,16,NON_WEEKEND_GAP,2,16:13 -> 16:15 | 2m
519991,519992,2023-02-03 16:36:00,2023-02-03 16:38:00,2.0,Friday,Friday,2023-02-03,2023-02-03,2023,2023,16:36,16:38,16,16,NON_WEEKEND_GAP,2,16:36 -> 16:38 | 2m
520531,520532,2023-02-06 02:44:00,2023-02-06 02:46:00,2.0,Monday,Monday,2023-02-06,2023-02-06,2023,2023,02:44,02:46,2,2,NON_WEEKEND_GAP,2,02:44 -> 02:46 | 2m
520538,520539,2023-02-06 02:52:00,2023-02-06 02:55:00,3.0,Monday,Monday,2023-02-06,2023-02-06,2023,2023,02:52,02:55,2,2,NON_WEEKEND_GAP,4,02:52 -> 02:55 | 4m
521022,521023,2023-02-06 10:58:00,2023-02-06 11:00:00,2.0,Monday,Monday,2023-02-06,2023-02-06,2023,2023,10:58,11:00,10,11,NON_WEEKEND_GAP,2,10:58 -> 11:00 | 2m
521038,521039,2023-02-06 11:15:00,2023-02-06 11:17:00,2.0,Monday,Monday,2023-02-06,2023-02-06,2023,2023,11:15,11:17,11,11,NON_WEEKEND_GAP,2,11:15 -> 11:17 | 2m
521308,521309,2023-02-06 15:46:00,2023-02-06 15:48:00,2.0,Monday,Monday,2023-02-06,2023-02-06,2023,2023,15:46,15:48,15,15,NON_WEEKEND_GAP,2,15:46 -> 15:48 | 2m
521328,521329,2023-02-06 16:07:00,2023-02-06 16:09:00,2.0,Monday,Monday,2023-02-06,2023-02-06,2023,2023,16:07,16:09,16,16,NON_WEEKEND_GAP,2,16:07 -> 16:09 | 2m
544902,544903,2023-03-01 21:48:00,2023-03-01 21:50:00,2.0,Wednesday,Wednesday,2023-03-01,2023-03-01,2023,2023,21:48,21:50,21,21,NON_WEEKEND_GAP,2,21:48 -> 21:50 | 2m
558672,558673,2023-03-15 20:57:00,2023-03-15 23:01:00,124.0,Wednesday,Wednesday,2023-03-15,2023-03-15,2023,2023,20:57,23:01,20,23,NON_WEEKEND_GAP,124,20:57 -> 23:01 | 124m
559707,559708,2023-03-16 16:15:00,2023-03-16 16:29:00,14.0,Thursday,Thursday,2023-03-16,2023-03-16,2023,2023,16:15,16:29,16,16,NON_WEEKEND_GAP,14,16:15 -> 16:29 | 14m
575672,575673,2023-04-03 07:21:00,2023-04-03 07:41:00,20.0,Monday,Monday,2023-04-03,2023-04-03,2023,2023,07:21,07:41,7,7,NON_WEEKEND_GAP,20,07:21 -> 07:41 | 20m
761313,761314,2023-10-10 19:14:00,2023-10-10 19:22:00,8.0,Tuesday,Tuesday,2023-10-10,2023-10-10,2023,2023,19:14,19:22,19,19,NON_WEEKEND_GAP,8,19:14 -> 19:22 | 8m
803779,803780,2023-11-22 17:04:00,2023-11-22 17:07:00,3.0,Wednesday,Wednesday,2023-11-22,2023-11-22,2023,2023,17:04,17:07,17,17,NON_WEEKEND_GAP,4,17:04 -> 17:07 | 4m
822221,822222,2023-12-12 10:33:00,2023-12-12 10:41:00,8.0,Tuesday,Tuesday,2023-12-12,2023-12-12,2023,2023,10:33,10:41,10,10,NON_WEEKEND_GAP,8,10:33 -> 10:41 | 8m
861264,861265,2024-01-23 21:56:00,2024-01-23 23:01:00,65.0,Tuesday,Tuesday,2024-01-23,2024-01-23,2024,2024,21:56,23:01,21,23,NON_WEEKEND_GAP,64,21:56 -> 23:01 | 64m
862630,862631,2024-01-24 21:47:00,2024-01-24 21:49:00,2.0,Wednesday,Wednesday,2024-01-24,2024-01-24,2024,2024,21:47,21:49,21,21,NON_WEEKEND_GAP,2,21:47 -> 21:49 | 2m
862638,862639,2024-01-24 21:56:00,2024-01-24 23:01:00,65.0,Wednesday,Wednesday,2024-01-24,2024-01-24,2024,2024,21:56,23:01,21,23,NON_WEEKEND_GAP,64,21:56 -> 23:01 | 64m
864013,864014,2024-01-25 21:56:00,2024-01-25 23:01:00,65.0,Thursday,Thursday,2024-01-25,2024-01-25,2024,2024,21:56,23:01,21,23,NON_WEEKEND_GAP,64,21:56 -> 23:01 | 64m
873640,873641,2024-02-05 21:56:00,2024-02-05 23:01:00,65.0,Monday,Monday,2024-02-05,2024-02-05,2024,2024,21:56,23:01,21,23,NON_WEEKEND_GAP,64,21:56 -> 23:01 | 64m
875015,875016,2024-02-06 21:56:00,2024-02-06 23:01:00,65.0,Tuesday,Tuesday,2024-02-06,2024-02-06,2024,2024,21:56,23:01,21,23,NON_WEEKEND_GAP,64,21:56 -> 23:01 | 64m
876381,876382,2024-02-07 21:47:00,2024-02-07 21:49:00,2.0,Wednesday,Wednesday,2024-02-07,2024-02-07,2024,2024,21:47,21:49,21,21,NON_WEEKEND_GAP,2,21:47 -> 21:49 | 2m
876389,876390,2024-02-07 21:56:00,2024-02-07 23:01:00,65.0,Wednesday,Wednesday,2024-02-07,2024-02-07,2024,2024,21:56,23:01,21,23,NON_WEEKEND_GAP,64,21:56 -> 23:01 | 64m
877764,877765,2024-02-08 21:56:00,2024-02-08 23:01:00,65.0,Thursday,Thursday,2024-02-08,2024-02-08,2024,2024,21:56,23:01,21,23,NON_WEEKEND_GAP,64,21:56 -> 23:01 | 64m
880510,880511,2024-02-12 21:56:00,2024-02-12 23:01:00,65.0,Monday,Monday,2024-02-12,2024-02-12,2024,2024,21:56,23:01,21,23,NON_WEEKEND_GAP,64,21:56 -> 23:01 | 64m
881885,881886,2024-02-13 21:56:00,2024-02-13 23:01:00,65.0,Tuesday,Tuesday,2024-02-13,2024-02-13,2024,2024,21:56,23:01,21,23,NON_WEEKEND_GAP,64,21:56 -> 23:01 | 64m
883251,883252,2024-02-14 21:47:00,2024-02-14 21:49:00,2.0,Wednesday,Wednesday,2024-02-14,2024-02-14,2024,2024,21:47,21:49,21,21,NON_WEEKEND_GAP,2,21:47 -> 21:49 | 2m
883259,883260,2024-02-14 21:56:00,2024-02-14 23:01:00,65.0,Wednesday,Wednesday,2024-02-14,2024-02-14,2024,2024,21:56,23:01,21,23,NON_WEEKEND_GAP,64,21:56 -> 23:01 | 64m
884634,884635,2024-02-15 21:56:00,2024-02-15 23:01:00,65.0,Thursday,Thursday,2024-02-15,2024-02-15,2024,2024,21:56,23:01,21,23,NON_WEEKEND_GAP,64,21:56 -> 23:01 | 64m
888592,888593,2024-02-20 21:56:00,2024-02-20 23:01:00,65.0,Tuesday,Tuesday,2024-02-20,2024-02-20,2024,2024,21:56,23:01,21,23,NON_WEEKEND_GAP,64,21:56 -> 23:01 | 64m
889958,889959,2024-02-21 21:47:00,2024-02-21 21:49:00,2.0,Wednesday,Wednesday,2024-02-21,2024-02-21,2024,2024,21:47,21:49,21,21,NON_WEEKEND_GAP,2,21:47 -> 21:49 | 2m
889966,889967,2024-02-21 21:56:00,2024-02-21 23:01:00,65.0,Wednesday,Wednesday,2024-02-21,2024-02-21,2024,2024,21:56,23:01,21,23,NON_WEEKEND_GAP,64,21:56 -> 23:01 | 64m
891341,891342,2024-02-22 21:56:00,2024-02-22 23:01:00,65.0,Thursday,Thursday,2024-02-22,2024-02-22,2024,2024,21:56,23:01,21,23,NON_WEEKEND_GAP,64,21:56 -> 23:01 | 64m
894087,894088,2024-02-26 21:56:00,2024-02-26 23:01:00,65.0,Monday,Monday,2024-02-26,2024-02-26,2024,2024,21:56,23:01,21,23,NON_WEEKEND_GAP,64,21:56 -> 23:01 | 64m
895462,895463,2024-02-27 21:56:00,2024-02-27 23:01:00,65.0,Tuesday,Tuesday,2024-02-27,2024-02-27,2024,2024,21:56,23:01,21,23,NON_WEEKEND_GAP,64,21:56 -> 23:01 | 64m
896828,896829,2024-02-28 21:47:00,2024-02-28 21:49:00,2.0,Wednesday,Wednesday,2024-02-28,2024-02-28,2024,2024,21:47,21:49,21,21,NON_WEEKEND_GAP,2,21:47 -> 21:49 | 2m
896836,896837,2024-02-28 21:56:00,2024-02-28 23:01:00,65.0,Wednesday,Wednesday,2024-02-28,2024-02-28,2024,2024,21:56,23:01,21,23,NON_WEEKEND_GAP,64,21:56 -> 23:01 | 64m
898211,898212,2024-02-29 21:56:00,2024-02-29 23:01:00,65.0,Thursday,Thursday,2024-02-29,2024-02-29,2024,2024,21:56,23:01,21,23,NON_WEEKEND_GAP,64,21:56 -> 23:01 | 64m
900957,900958,2024-03-04 21:56:00,2024-03-04 23:01:00,65.0,Monday,Monday,2024-03-04,2024-03-04,2024,2024,21:56,23:01,21,23,NON_WEEKEND_GAP,64,21:56 -> 23:01 | 64m
902332,902333,2024-03-05 21:56:00,2024-03-05 23:01:00,65.0,Tuesday,Tuesday,2024-03-05,2024-03-05,2024,2024,21:56,23:01,21,23,NON_WEEKEND_GAP,64,21:56 -> 23:01 | 64m
903698,903699,2024-03-06 21:47:00,2024-03-06 21:49:00,2.0,Wednesday,Wednesday,2024-03-06,2024-03-06,2024,2024,21:47,21:49,21,21,NON_WEEKEND_GAP,2,21:47 -> 21:49 | 2m
903706,903707,2024-03-06 21:56:00,2024-03-06 23:01:00,65.0,Wednesday,Wednesday,2024-03-06,2024-03-06,2024,2024,21:56,23:01,21,23,NON_WEEKEND_GAP,64,21:56 -> 23:01 | 64m
905081,905082,2024-03-07 21:56:00,2024-03-07 23:01:00,65.0,Thursday,Thursday,2024-03-07,2024-03-07,2024,2024,21:56,23:01,21,23,NON_WEEKEND_GAP,64,21:56 -> 23:01 | 64m
907828,907829,2024-03-11 20:56:00,2024-03-11 22:01:00,65.0,Monday,Monday,2024-03-11,2024-03-11,2024,2024,20:56,22:01,20,22,NON_WEEKEND_GAP,64,20:56 -> 22:01 | 64m
909203,909204,2024-03-12 20:56:00,2024-03-12 22:01:00,65.0,Tuesday,Tuesday,2024-03-12,2024-03-12,2024,2024,20:56,22:01,20,22,NON_WEEKEND_GAP,64,20:56 -> 22:01 | 64m
910578,910579,2024-03-13 20:56:00,2024-03-13 22:01:00,65.0,Wednesday,Wednesday,2024-03-13,2024-03-13,2024,2024,20:56,22:01,20,22,NON_WEEKEND_GAP,64,20:56 -> 22:01 | 64m
914701,914702,2024-03-18 20:56:00,2024-03-18 22:01:00,65.0,Monday,Monday,2024-03-18,2024-03-18,2024,2024,20:56,22:01,20,22,NON_WEEKEND_GAP,64,20:56 -> 22:01 | 64m
916076,916077,2024-03-19 20:56:00,2024-03-19 22:01:00,65.0,Tuesday,Tuesday,2024-03-19,2024-03-19,2024,2024,20:56,22:01,20,22,NON_WEEKEND_GAP,64,20:56 -> 22:01 | 64m
917451,917452,2024-03-20 20:56:00,2024-03-20 22:01:00,65.0,Wednesday,Wednesday,2024-03-20,2024-03-20,2024,2024,20:56,22:01,20,22,NON_WEEKEND_GAP,64,20:56 -> 22:01 | 64m
917467,917468,2024-03-20 22:16:00,2024-03-20 22:26:00,10.0,Wednesday,Wednesday,2024-03-20,2024-03-20,2024,2024,22:16,22:26,22,22,NON_WEEKEND_GAP,10,22:16 -> 22:26 | 10m
918817,918818,2024-03-21 20:56:00,2024-03-21 22:01:00,65.0,Thursday,Thursday,2024-03-21,2024-03-21,2024,2024,20:56,22:01,20,22,NON_WEEKEND_GAP,64,20:56 -> 22:01 | 64m
922941,922942,2024-03-26 20:56:00,2024-03-26 22:01:00,65.0,Tuesday,Tuesday,2024-03-26,2024-03-26,2024,2024,20:56,22:01,20,22,NON_WEEKEND_GAP,64,20:56 -> 22:01 | 64m
924316,924317,2024-03-27 20:56:00,2024-03-27 22:01:00,65.0,Wednesday,Wednesday,2024-03-27,2024-03-27,2024,2024,20:56,22:01,20,22,NON_WEEKEND_GAP,64,20:56 -> 22:01 | 64m
927062,927063,2024-04-01 20:56:00,2024-04-01 22:01:00,65.0,Monday,Monday,2024-04-01,2024-04-01,2024,2024,20:56,22:01,20,22,NON_WEEKEND_GAP,64,20:56 -> 22:01 | 64m
928437,928438,2024-04-02 20:56:00,2024-04-02 22:01:00,65.0,Tuesday,Tuesday,2024-04-02,2024-04-02,2024,2024,20:56,22:01,20,22,NON_WEEKEND_GAP,64,20:56 -> 22:01 | 64m
929812,929813,2024-04-03 20:56:00,2024-04-03 22:01:00,65.0,Wednesday,Wednesday,2024-04-03,2024-04-03,2024,2024,20:56,22:01,20,22,NON_WEEKEND_GAP,64,20:56 -> 22:01 | 64m
931187,931188,2024-04-04 20:56:00,2024-04-04 22:01:00,65.0,Thursday,Thursday,2024-04-04,2024-04-04,2024,2024,20:56,22:01,20,22,NON_WEEKEND_GAP,64,20:56 -> 22:01 | 64m
933933,933934,2024-04-08 20:56:00,2024-04-08 22:01:00,65.0,Monday,Monday,2024-04-08,2024-04-08,2024,2024,20:56,22:01,20,22,NON_WEEKEND_GAP,64,20:56 -> 22:01 | 64m
935308,935309,2024-04-09 20:56:00,2024-04-09 22:01:00,65.0,Tuesday,Tuesday,2024-04-09,2024-04-09,2024,2024,20:56,22:01,20,22,NON_WEEKEND_GAP,64,20:56 -> 22:01 | 64m
936683,936684,2024-04-10 20:56:00,2024-04-10 22:01:00,65.0,Wednesday,Wednesday,2024-04-10,2024-04-10,2024,2024,20:56,22:01,20,22,NON_WEEKEND_GAP,64,20:56 -> 22:01 | 64m
938058,938059,2024-04-11 20:56:00,2024-04-11 22:01:00,65.0,Thursday,Thursday,2024-04-11,2024-04-11,2024,2024,20:56,22:01,20,22,NON_WEEKEND_GAP,64,20:56 -> 22:01 | 64m
940800,940801,2024-04-15 20:56:00,2024-04-15 22:01:00,65.0,Monday,Monday,2024-04-15,2024-04-15,2024,2024,20:56,22:01,20,22,NON_WEEKEND_GAP,64,20:56 -> 22:01 | 64m
942175,942176,2024-04-16 20:56:00,2024-04-16 22:01:00,65.0,Tuesday,Tuesday,2024-04-16,2024-04-16,2024,2024,20:56,22:01,20,22,NON_WEEKEND_GAP,64,20:56 -> 22:01 | 64m
943550,943551,2024-04-17 20:56:00,2024-04-17 22:01:00,65.0,Wednesday,Wednesday,2024-04-17,2024-04-17,2024,2024,20:56,22:01,20,22,NON_WEEKEND_GAP,64,20:56 -> 22:01 | 64m
944925,944926,2024-04-18 20:56:00,2024-04-18 22:01:00,65.0,Thursday,Thursday,2024-04-18,2024-04-18,2024,2024,20:56,22:01,20,22,NON_WEEKEND_GAP,64,20:56 -> 22:01 | 64m
993492,993493,2024-06-07 08:29:00,2024-06-07 08:39:00,10.0,Friday,Friday,2024-06-07,2024-06-07,2024,2024,08:29,08:39,8,8,NON_WEEKEND_GAP,10,08:29 -> 08:39 | 10m
1017884,1017885,2024-07-03 06:07:00,2024-07-03 06:09:00,2.0,Wednesday,Wednesday,2024-07-03,2024-07-03,2024,2024,06:07,06:09,6,6,NON_WEEKEND_GAP,2,06:07 -> 06:09 | 2m
1086161,1086162,2024-09-11 04:34:00,2024-09-11 04:42:00,8.0,Wednesday,Wednesday,2024-09-11,2024-09-11,2024,2024,04:34,04:42,4,4,NON_WEEKEND_GAP,8,04:34 -> 04:42 | 8m
1175314,1175315,2024-12-11 07:56:00,2024-12-11 08:05:00,9.0,Wednesday,Wednesday,2024-12-11,2024-12-11,2024,2024,07:56,08:05,7,8,NON_WEEKEND_GAP,8,07:56 -> 08:05 | 8m
1175348,1175349,2024-12-11 08:38:00,2024-12-11 08:40:00,2.0,Wednesday,Wednesday,2024-12-11,2024-12-11,2024,2024,08:38,08:40,8,8,NON_WEEKEND_GAP,2,08:38 -> 08:40 | 2m
1195961,1195962,2025-01-03 11:45:00,2025-01-03 12:48:00,63.0,Friday,Friday,2025-01-03,2025-01-03,2025,2025,11:45,12:48,11,12,NON_WEEKEND_GAP,64,11:45 -> 12:48 | 64m
1197884,1197885,2025-01-06 21:57:00,2025-01-06 23:05:00,68.0,Monday,Monday,2025-01-06,2025-01-06,2025,2025,21:57,23:05,21,23,NON_WEEKEND_GAP,68,21:57 -> 23:05 | 68m
1199258,1199259,2025-01-07 23:01:00,2025-01-07 23:03:00,2.0,Tuesday,Tuesday,2025-01-07,2025-01-07,2025,2025,23:01,23:03,23,23,NON_WEEKEND_GAP,2,23:01 -> 23:03 | 2m
1200450,1200451,2025-01-08 18:54:00,2025-01-08 19:04:00,10.0,Wednesday,Wednesday,2025-01-08,2025-01-08,2025,2025,18:54,19:04,18,19,NON_WEEKEND_GAP,10,18:54 -> 19:04 | 10m
1200624,1200625,2025-01-08 21:57:00,2025-01-08 23:03:00,66.0,Wednesday,Wednesday,2025-01-08,2025-01-08,2025,2025,21:57,23:03,21,23,NON_WEEKEND_GAP,66,21:57 -> 23:03 | 66m
1212837,1212838,2025-01-21 21:57:00,2025-01-21 23:02:00,65.0,Tuesday,Tuesday,2025-01-21,2025-01-21,2025,2025,21:57,23:02,21,23,NON_WEEKEND_GAP,64,21:57 -> 23:02 | 64m
1214213,1214214,2025-01-22 21:57:00,2025-01-22 23:03:00,66.0,Wednesday,Wednesday,2025-01-22,2025-01-22,2025,2025,21:57,23:03,21,23,NON_WEEKEND_GAP,66,21:57 -> 23:03 | 66m
1222469,1222470,2025-01-30 21:57:00,2025-01-30 23:06:00,69.0,Thursday,Thursday,2025-01-30,2025-01-30,2025,2025,21:57,23:06,21,23,NON_WEEKEND_GAP,68,21:57 -> 23:06 | 68m
1225214,1225215,2025-02-03 21:57:00,2025-02-03 23:03:00,66.0,Monday,Monday,2025-02-03,2025-02-03,2025,2025,21:57,23:03,21,23,NON_WEEKEND_GAP,66,21:57 -> 23:03 | 66m
1227966,1227967,2025-02-05 21:57:00,2025-02-05 23:02:00,65.0,Wednesday,Wednesday,2025-02-05,2025-02-05,2025,2025,21:57,23:02,21,23,NON_WEEKEND_GAP,64,21:57 -> 23:02 | 64m
1240183,1240184,2025-02-18 21:57:00,2025-02-18 23:03:00,66.0,Tuesday,Tuesday,2025-02-18,2025-02-18,2025,2025,21:57,23:03,21,23,NON_WEEKEND_GAP,66,21:57 -> 23:03 | 66m
1242935,1242936,2025-02-20 21:57:00,2025-02-20 23:02:00,65.0,Thursday,Thursday,2025-02-20,2025-02-20,2025,2025,21:57,23:02,21,23,NON_WEEKEND_GAP,64,21:57 -> 23:02 | 64m
1277250,1277251,2025-03-27 19:28:00,2025-03-27 19:31:00,3.0,Thursday,Thursday,2025-03-27,2025-03-27,2025,2025,19:28,19:31,19,19,NON_WEEKEND_GAP,4,19:28 -> 19:31 | 4m
1282841,1282842,2025-04-02 20:57:00,2025-04-02 22:04:00,67.0,Wednesday,Wednesday,2025-04-02,2025-04-02,2025,2025,20:57,22:04,20,22,NON_WEEKEND_GAP,68,20:57 -> 22:04 | 68m
1293421,1293422,2025-04-14 14:00:00,2025-04-14 14:24:00,24.0,Monday,Monday,2025-04-14,2025-04-14,2025,2025,14:00,14:24,14,14,NON_WEEKEND_GAP,24,14:00 -> 14:24 | 24m
1303449,1303450,2025-04-24 20:57:00,2025-04-24 22:20:00,83.0,Thursday,Thursday,2025-04-24,2025-04-24,2025,2025,20:57,22:20,20,22,NON_WEEKEND_GAP,84,20:57 -> 22:20 | 84m
1308934,1308935,2025-04-30 20:57:00,2025-04-30 22:03:00,66.0,Wednesday,Wednesday,2025-04-30,2025-04-30,2025,2025,20:57,22:03,20,22,NON_WEEKEND_GAP,66,20:57 -> 22:03 | 66m
1314436,1314437,2025-05-06 20:57:00,2025-05-06 22:03:00,66.0,Tuesday,Tuesday,2025-05-06,2025-05-06,2025,2025,20:57,22:03,20,22,NON_WEEKEND_GAP,66,20:57 -> 22:03 | 66m
1498807,1498808,2025-11-11 13:05:00,2025-11-11 13:09:00,4.0,Tuesday,Tuesday,2025-11-11,2025-11-11,2025,2025,13:05,13:09,13,13,NON_WEEKEND_GAP,4,13:05 -> 13:09 | 4m
1516269,1516270,2025-11-28 08:07:00,2025-11-28 08:10:00,3.0,Friday,Friday,2025-11-28,2025-11-28,2025,2025,08:07,08:10,8,8,NON_WEEKEND_GAP,4,08:07 -> 08:10 | 4m
1516274,1516275,2025-11-28 08:14:00,2025-11-28 08:55:00,41.0,Friday,Friday,2025-11-28,2025-11-28,2025,2025,08:14,08:55,8,8,NON_WEEKEND_GAP,40,08:14 -> 08:55 | 40m
1516275,1516276,2025-11-28 08:55:00,2025-11-28 08:58:00,3.0,Friday,Friday,2025-11-28,2025-11-28,2025,2025,08:55,08:58,8,8,NON_WEEKEND_GAP,4,08:55 -> 08:58 | 4m
1529286,1529287,2025-12-11 21:57:00,2025-12-11 23:03:00,66.0,Thursday,Thursday,2025-12-11,2025-12-11,2025,2025,21:57,23:03,21,23,NON_WEEKEND_GAP,66,21:57 -> 23:03 | 66m
1534795,1534796,2025-12-17 23:02:00,2025-12-17 23:10:00,8.0,Wednesday,Wednesday,2025-12-17,2025-12-17,2025,2025,23:02,23:10,23,23,NON_WEEKEND_GAP,8,23:02 -> 23:10 | 8m
1536163,1536164,2025-12-18 21:57:00,2025-12-18 23:02:00,65.0,Thursday,Thursday,2025-12-18,2025-12-18,2025,2025,21:57,23:02,21,23,NON_WEEKEND_GAP,64,21:57 -> 23:02 | 64m
1544204,1544205,2025-12-29 21:57:00,2025-12-29 23:02:00,65.0,Monday,Monday,2025-12-29,2025-12-29,2025,2025,21:57,23:02,21,23,NON_WEEKEND_GAP,64,21:57 -> 23:02 | 64m
1545582,1545583,2025-12-30 23:01:00,2025-12-30 23:03:00,2.0,Tuesday,Tuesday,2025-12-30,2025-12-30,2025,2025,23:01,23:03,23,23,NON_WEEKEND_GAP,2,23:01 -> 23:03 | 2m
1549701,1549702,2026-01-05 21:57:00,2026-01-05 23:04:00,67.0,Monday,Monday,2026-01-05,2026-01-05,2026,2026,21:57,23:04,21,23,NON_WEEKEND_GAP,68,21:57 -> 23:04 | 68m
1559335,1559336,2026-01-14 21:57:00,2026-01-14 23:03:00,66.0,Wednesday,Wednesday,2026-01-14,2026-01-14,2026,2026,21:57,23:03,21,23,NON_WEEKEND_GAP,66,21:57 -> 23:03 | 66m
1571568,1571569,2026-01-27 21:57:00,2026-01-27 23:10:00,73.0,Tuesday,Tuesday,2026-01-27,2026-01-27,2026,2026,21:57,23:10,21,23,NON_WEEKEND_GAP,72,21:57 -> 23:10 | 72m
1572974,1572975,2026-01-28 23:38:00,2026-01-28 23:43:00,5.0,Wednesday,Wednesday,2026-01-28,2026-01-28,2026,2026,23:38,23:43,23,23,NON_WEEKEND_GAP,4,23:38 -> 23:43 | 4m
1583938,1583939,2026-02-09 21:57:00,2026-02-09 23:02:00,65.0,Monday,Monday,2026-02-09,2026-02-09,2026,2026,21:57,23:02,21,23,NON_WEEKEND_GAP,64,21:57 -> 23:02 | 64m
1586691,1586692,2026-02-11 21:57:00,2026-02-11 23:02:00,65.0,Wednesday,Wednesday,2026-02-11,2026-02-11,2026,2026,21:57,23:02,21,23,NON_WEEKEND_GAP,64,21:57 -> 23:02 | 64m
1592050,1592051,2026-02-17 21:57:00,2026-02-17 23:02:00,65.0,Tuesday,Tuesday,2026-02-17,2026-02-17,2026,2026,21:57,23:02,21,23,NON_WEEKEND_GAP,64,21:57 -> 23:02 | 64m
1598935,1598936,2026-02-24 21:57:00,2026-02-24 23:03:00,66.0,Tuesday,Tuesday,2026-02-24,2026-02-24,2026,2026,21:57,23:03,21,23,NON_WEEKEND_GAP,66,21:57 -> 23:03 | 66m
1608569,1608570,2026-03-05 21:57:00,2026-03-05 23:05:00,68.0,Thursday,Thursday,2026-03-05,2026-03-05,2026,2026,21:57,23:05,21,23,NON_WEEKEND_GAP,68,21:57 -> 23:05 | 68m
1611317,1611318,2026-03-09 20:57:00,2026-03-09 22:00:00,63.0,Monday,Monday,2026-03-09,2026-03-09,2026,2026,20:57,22:00,20,22,NON_WEEKEND_GAP,64,20:57 -> 22:00 | 64m
1618202,1618203,2026-03-16 20:57:00,2026-03-16 22:00:00,63.0,Monday,Monday,2026-03-16,2026-03-16,2026,2026,20:57,22:00,20,22,NON_WEEKEND_GAP,64,20:57 -> 22:00 | 64m
1620957,1620958,2026-03-18 20:57:00,2026-03-18 22:00:00,63.0,Wednesday,Wednesday,2026-03-18,2026-03-18,2026,2026,20:57,22:00,20,22,NON_WEEKEND_GAP,64,20:57 -> 22:00 | 64m
1626466,1626467,2026-03-24 20:57:00,2026-03-24 22:00:00,63.0,Tuesday,Tuesday,2026-03-24,2026-03-24,2026,2026,20:57,22:00,20,22,NON_WEEKEND_GAP,64,20:57 -> 22:00 | 64m
1627844,1627845,2026-03-25 20:57:00,2026-03-25 22:00:00,63.0,Wednesday,Wednesday,2026-03-25,2026-03-25,2026,2026,20:57,22:00,20,22,NON_WEEKEND_GAP,64,20:57 -> 22:00 | 64m
1631973,1631974,2026-03-30 20:57:00,2026-03-30 22:00:00,63.0,Monday,Monday,2026-03-30,2026-03-30,2026,2026,20:57,22:00,20,22,NON_WEEKEND_GAP,64,20:57 -> 22:00 | 64m
1633351,1633352,2026-03-31 20:57:00,2026-03-31 22:00:00,63.0,Tuesday,Tuesday,2026-03-31,2026-03-31,2026,2026,20:57,22:00,20,22,NON_WEEKEND_GAP,64,20:57 -> 22:00 | 64m
1634729,1634730,2026-04-01 20:57:00,2026-04-01 22:16:00,79.0,Wednesday,Wednesday,2026-04-01,2026-04-01,2026,2026,20:57,22:16,20,22,NON_WEEKEND_GAP,80,20:57 -> 22:16 | 80m
1648478,1648479,2026-04-16 20:57:00,2026-04-16 22:00:00,63.0,Thursday,Thursday,2026-04-16,2026-04-16,2026,2026,20:57,22:00,20,22,NON_WEEKEND_GAP,64,20:57 -> 22:00 | 64m
1651232,1651233,2026-04-20 20:57:00,2026-04-20 22:00:00,63.0,Monday,Monday,2026-04-20,2026-04-20,2026,2026,20:57,22:00,20,22,NON_WEEKEND_GAP,64,20:57 -> 22:00 | 64m
1652610,1652611,2026-04-21 20:57:00,2026-04-21 22:00:00,63.0,Tuesday,Tuesday,2026-04-21,2026-04-21,2026,2026,20:57,22:00,20,22,NON_WEEKEND_GAP,64,20:57 -> 22:00 | 64m
1653988,1653989,2026-04-22 20:57:00,2026-04-22 22:00:00,63.0,Wednesday,Wednesday,2026-04-22,2026-04-22,2026,2026,20:57,22:00,20,22,NON_WEEKEND_GAP,64,20:57 -> 22:00 | 64m
1673263,1673264,2026-05-12 20:57:00,2026-05-12 22:00:00,63.0,Tuesday,Tuesday,2026-05-12,2026-05-12,2026,2026,20:57,22:00,20,22,NON_WEEKEND_GAP,64,20:57 -> 22:00 | 64m
1674641,1674642,2026-05-13 20:57:00,2026-05-13 22:00:00,63.0,Wednesday,Wednesday,2026-05-13,2026-05-13,2026,2026,20:57,22:00,20,22,NON_WEEKEND_GAP,64,20:57 -> 22:00 | 64m
1676019,1676020,2026-05-14 20:57:00,2026-05-14 22:00:00,63.0,Thursday,Thursday,2026-05-14,2026-05-14,2026,2026,20:57,22:00,20,22,NON_WEEKEND_GAP,64,20:57 -> 22:00 | 64m
1678773,1678774,2026-05-18 20:57:00,2026-05-18 22:00:00,63.0,Monday,Monday,2026-05-18,2026-05-18,2026,2026,20:57,22:00,20,22,NON_WEEKEND_GAP,64,20:57 -> 22:00 | 64m
1680151,1680152,2026-05-19 20:57:00,2026-05-19 22:00:00,63.0,Tuesday,Tuesday,2026-05-19,2026-05-19,2026,2026,20:57,22:00,20,22,NON_WEEKEND_GAP,64,20:57 -> 22:00 | 64m
1681529,1681530,2026-05-20 20:57:00,2026-05-20 22:00:00,63.0,Wednesday,Wednesday,2026-05-20,2026-05-20,2026,2026,20:57,22:00,20,22,NON_WEEKEND_GAP,64,20:57 -> 22:00 | 64m
1682907,1682908,2026-05-21 20:57:00,2026-05-21 22:00:00,63.0,Thursday,Thursday,2026-05-21,2026-05-21,2026,2026,20:57,22:00,20,22,NON_WEEKEND_GAP,64,20:57 -> 22:00 | 64m
1688267,1688268,2026-05-27 20:57:00,2026-05-27 22:00:00,63.0,Wednesday,Wednesday,2026-05-27,2026-05-27,2026,2026,20:57,22:00,20,22,NON_WEEKEND_GAP,64,20:57 -> 22:00 | 64m
1689645,1689646,2026-05-28 20:57:00,2026-05-28 22:00:00,63.0,Thursday,Thursday,2026-05-28,2026-05-28,2026,2026,20:57,22:00,20,22,NON_WEEKEND_GAP,64,20:57 -> 22:00 | 64m
1692400,1692401,2026-06-01 20:57:00,2026-06-01 22:00:00,63.0,Monday,Monday,2026-06-01,2026-06-01,2026,2026,20:57,22:00,20,22,NON_WEEKEND_GAP,64,20:57 -> 22:00 | 64m
1693778,1693779,2026-06-02 20:57:00,2026-06-02 22:00:00,63.0,Tuesday,Tuesday,2026-06-02,2026-06-02,2026,2026,20:57,22:00,20,22,NON_WEEKEND_GAP,64,20:57 -> 22:00 | 64m
1695156,1695157,2026-06-03 20:57:00,2026-06-03 22:00:00,63.0,Wednesday,Wednesday,2026-06-03,2026-06-03,2026,2026,20:57,22:00,20,22,NON_WEEKEND_GAP,64,20:57 -> 22:00 | 64m
1696534,1696535,2026-06-04 20:57:00,2026-06-04 22:00:00,63.0,Thursday,Thursday,2026-06-04,2026-06-04,2026,2026,20:57,22:00,20,22,NON_WEEKEND_GAP,64,20:57 -> 22:00 | 64m
1699289,1699290,2026-06-08 20:57:00,2026-06-08 22:00:00,63.0,Monday,Monday,2026-06-08,2026-06-08,2026,2026,20:57,22:00,20,22,NON_WEEKEND_GAP,64,20:57 -> 22:00 | 64m
1700667,1700668,2026-06-09 20:57:00,2026-06-09 22:00:00,63.0,Tuesday,Tuesday,2026-06-09,2026-06-09,2026,2026,20:57,22:00,20,22,NON_WEEKEND_GAP,64,20:57 -> 22:00 | 64m
1702045,1702046,2026-06-10 20:57:00,2026-06-10 22:00:00,63.0,Wednesday,Wednesday,2026-06-10,2026-06-10,2026,2026,20:57,22:00,20,22,NON_WEEKEND_GAP,64,20:57 -> 22:00 | 64m
1703423,1703424,2026-06-11 20:57:00,2026-06-11 22:00:00,63.0,Thursday,Thursday,2026-06-11,2026-06-11,2026,2026,20:57,22:00,20,22,NON_WEEKEND_GAP,64,20:57 -> 22:00 | 64m
1706177,1706178,2026-06-15 20:57:00,2026-06-15 22:00:00,63.0,Monday,Monday,2026-06-15,2026-06-15,2026,2026,20:57,22:00,20,22,NON_WEEKEND_GAP,64,20:57 -> 22:00 | 64m
1707555,1707556,2026-06-16 20:57:00,2026-06-16 22:00:00,63.0,Tuesday,Tuesday,2026-06-16,2026-06-16,2026,2026,20:57,22:00,20,22,NON_WEEKEND_GAP,64,20:57 -> 22:00 | 64m
1708933,1708934,2026-06-17 20:57:00,2026-06-17 22:00:00,63.0,Wednesday,Wednesday,2026-06-17,2026-06-17,2026,2026,20:57,22:00,20,22,NON_WEEKEND_GAP,64,20:57 -> 22:00 | 64m
1710311,1710312,2026-06-18 20:57:00,2026-06-18 22:00:00,63.0,Thursday,Thursday,2026-06-18,2026-06-18,2026,2026,20:57,22:00,20,22,NON_WEEKEND_GAP,64,20:57 -> 22:00 | 64m
1712828,1712829,2026-06-22 20:57:00,2026-06-22 22:00:00,63.0,Monday,Monday,2026-06-22,2026-06-22,2026,2026,20:57,22:00,20,22,NON_WEEKEND_GAP,64,20:57 -> 22:00 | 64m
1714206,1714207,2026-06-23 20:57:00,2026-06-23 22:00:00,63.0,Tuesday,Tuesday,2026-06-23,2026-06-23,2026,2026,20:57,22:00,20,22,NON_WEEKEND_GAP,64,20:57 -> 22:00 | 64m
1715584,1715585,2026-06-24 20:57:00,2026-06-24 22:00:00,63.0,Wednesday,Wednesday,2026-06-24,2026-06-24,2026,2026,20:57,22:00,20,22,NON_WEEKEND_GAP,64,20:57 -> 22:00 | 64m
1716962,1716963,2026-06-25 20:57:00,2026-06-25 22:00:00,63.0,Thursday,Thursday,2026-06-25,2026-06-25,2026,2026,20:57,22:00,20,22,NON_WEEKEND_GAP,64,20:57 -> 22:00 | 64m
1719717,1719718,2026-06-29 20:57:00,2026-06-29 22:00:00,63.0,Monday,Monday,2026-06-29,2026-06-29,2026,2026,20:57,22:00,20,22,NON_WEEKEND_GAP,64,20:57 -> 22:00 | 64m
1721095,1721096,2026-06-30 20:57:00,2026-06-30 22:00:00,63.0,Tuesday,Tuesday,2026-06-30,2026-06-30,2026,2026,20:57,22:00,20,22,NON_WEEKEND_GAP,64,20:57 -> 22:00 | 64m
1722473,1722474,2026-07-01 20:57:00,2026-07-01 22:00:00,63.0,Wednesday,Wednesday,2026-07-01,2026-07-01,2026,2026,20:57,22:00,20,22,NON_WEEKEND_GAP,64,20:57 -> 22:00 | 64m
1723851,1723852,2026-07-02 20:57:00,2026-07-02 22:00:00,63.0,Thursday,Thursday,2026-07-02,2026-07-02,2026,2026,20:57,22:00,20,22,NON_WEEKEND_GAP,64,20:57 -> 22:00 | 64m
1726368,1726369,2026-07-06 20:57:00,2026-07-06 22:00:00,63.0,Monday,Monday,2026-07-06,2026-07-06,2026,2026,20:57,22:00,20,22,NON_WEEKEND_GAP,64,20:57 -> 22:00 | 64m
1727746,1727747,2026-07-07 20:57:00,2026-07-07 22:00:00,63.0,Tuesday,Tuesday,2026-07-07,2026-07-07,2026,2026,20:57,22:00,20,22,NON_WEEKEND_GAP,64,20:57 -> 22:00 | 64m
1729124,1729125,2026-07-08 20:57:00,2026-07-08 22:00:00,63.0,Wednesday,Wednesday,2026-07-08,2026-07-08,2026,2026,20:57,22:00,20,22,NON_WEEKEND_GAP,64,20:57 -> 22:00 | 64m
1730502,1730503,2026-07-09 20:57:00,2026-07-09 22:00:00,63.0,Thursday,Thursday,2026-07-09,2026-07-09,2026,2026,20:57,22:00,20,22,NON_WEEKEND_GAP,64,20:57 -> 22:00 | 64m
1733257,1733258,2026-07-13 20:57:00,2026-07-13 22:00:00,63.0,Monday,Monday,2026-07-13,2026-07-13,2026,2026,20:57,22:00,20,22,NON_WEEKEND_GAP,64,20:57 -> 22:00 | 64m
1734635,1734636,2026-07-14 20:57:00,2026-07-14 22:00:00,63.0,Tuesday,Tuesday,2026-07-14,2026-07-14,2026,2026,20:57,22:00,20,22,NON_WEEKEND_GAP,64,20:57 -> 22:00 | 64m
1736013,1736014,2026-07-15 20:57:00,2026-07-15 22:00:00,63.0,Wednesday,Wednesday,2026-07-15,2026-07-15,2026,2026,20:57,22:00,20,22,NON_WEEKEND_GAP,64,20:57 -> 22:00 | 64m
1737391,1737392,2026-07-16 20:57:00,2026-07-16 22:00:00,63.0,Thursday,Thursday,2026-07-16,2026-07-16,2026,2026,20:57,22:00,20,22,NON_WEEKEND_GAP,64,20:57 -> 22:00 | 64m
1740146,1740147,2026-07-20 20:57:00,2026-07-20 22:00:00,63.0,Monday,Monday,2026-07-20,2026-07-20,2026,2026,20:57,22:00,20,22,NON_WEEKEND_GAP,64,20:57 -> 22:00 | 64m
1741524,1741525,2026-07-21 20:57:00,2026-07-21 22:00:00,63.0,Tuesday,Tuesday,2026-07-21,2026-07-21,2026,2026,20:57,22:00,20,22,NON_WEEKEND_GAP,64,20:57 -> 22:00 | 64m
1742902,1742903,2026-07-22 20:57:00,2026-07-22 22:00:00,63.0,Wednesday,Wednesday,2026-07-22,2026-07-22,2026,2026,20:57,22:00,20,22,NON_WEEKEND_GAP,64,20:57 -> 22:00 | 64m
1744280,1744281,2026-07-23 20:57:00,2026-07-23 22:00:00,63.0,Thursday,Thursday,2026-07-23,2026-07-23,2026,2026,20:57,22:00,20,22,NON_WEEKEND_GAP,64,20:57 -> 22:00 | 64m
1747035,1747036,2026-07-27 20:57:00,2026-07-27 22:00:00,63.0,Monday,Monday,2026-07-27,2026-07-27,2026,2026,20:57,22:00,20,22,NON_WEEKEND_GAP,64,20:57 -> 22:00 | 64m
1748413,1748414,2026-07-28 20:57:00,2026-07-28 22:00:00,63.0,Tuesday,Tuesday,2026-07-28,2026-07-28,2026,2026,20:57,22:00,20,22,NON_WEEKEND_GAP,64,20:57 -> 22:00 | 64m
1749791,1749792,2026-07-29 20:57:00,2026-07-29 22:00:00,63.0,Wednesday,Wednesday,2026-07-29,2026-07-29,2026,2026,20:57,22:00,20,22,NON_WEEKEND_GAP,64,20:57 -> 22:00 | 64m
1751169,1751170,2026-07-30 20:57:00,2026-07-30 22:00:00,63.0,Thursday,Thursday,2026-07-30,2026-07-30,2026,2026,20:57,22:00,20,22,NON_WEEKEND_GAP,64,20:57 -> 22:00 | 64m
1753924,1753925,2026-08-03 20:57:00,2026-08-03 22:00:00,63.0,Monday,Monday,2026-08-03,2026-08-03,2026,2026,20:57,22:00,20,22,NON_WEEKEND_GAP,64,20:57 -> 22:00 | 64m
1755302,1755303,2026-08-04 20:57:00,2026-08-04 22:00:00,63.0,Tuesday,Tuesday,2026-08-04,2026-08-04,2026,2026,20:57,22:00,20,22,NON_WEEKEND_GAP,64,20:57 -> 22:00 | 64m
1756680,1756681,2026-08-05 20:57:00,2026-08-05 22:00:00,63.0,Wednesday,Wednesday,2026-08-05,2026-08-05,2026,2026,20:57,22:00,20,22,NON_WEEKEND_GAP,64,20:57 -> 22:00 | 64m
1758058,1758059,2026-08-06 20:57:00,2026-08-06 22:00:00,63.0,Thursday,Thursday,2026-08-06,2026-08-06,2026,2026,20:57,22:00,20,22,NON_WEEKEND_GAP,64,20:57 -> 22:00 | 64m
1760813,1760814,2026-08-10 20:57:00,2026-08-10 22:00:00,63.0,Monday,Monday,2026-08-10,2026-08-10,2026,2026,20:57,22:00,20,22,NON_WEEKEND_GAP,64,20:57 -> 22:00 | 64m
1762191,1762192,2026-08-11 20:57:00,2026-08-11 22:00:00,63.0,Tuesday,Tuesday,2026-08-11,2026-08-11,2026,2026,20:57,22:00,20,22,NON_WEEKEND_GAP,64,20:57 -> 22:00 | 64m
1763569,1763570,2026-08-12 20:57:00,2026-08-12 22:00:00,63.0,Wednesday,Wednesday,2026-08-12,2026-08-12,2026,2026,20:57,22:00,20,22,NON_WEEKEND_GAP,64,20:57 -> 22:00 | 64m
