boundary_family,occurrences,unique_dates,unique_years,unique_weekdays,median_gap_minutes,min_gap_minutes,max_gap_minutes,median_previous_minute,median_current_minute,first_seen,last_seen,year_persistence,date_persistence,weekday_persistence,persistence_score,boundary_strength
P122_C121_D2,489,359,6,6,2.0,2.0,2.0,1263.0,1265.0,2021-08-17 21:07:00,2026-08-12 21:01:00,1.0,0.7341513292433538,1.2,0.9602453987730062,469.56
P128_C127_D2,474,334,6,5,2.0,2.0,2.0,1323.0,1325.0,2021-08-17 22:03:00,2026-02-26 22:03:00,1.0,0.7046413502109705,1.0,0.9113924050632911,432.0
P123_C122_D2,396,275,6,6,2.0,2.0,2.0,1275.0,1277.0,2021-08-18 21:11:00,2026-05-07 21:15:00,1.0,0.6944444444444444,1.2,0.9483333333333333,375.53999999999996
P124_C123_D2,367,269,6,6,2.0,2.0,2.0,1284.0,1286.0,2021-08-18 21:20:00,2026-05-07 21:27:00,1.0,0.7329700272479565,1.2,0.9598910081743869,352.28
P127_C126_D2,345,280,6,6,2.0,2.0,2.0,1316.0,1318.0,2021-08-22 21:52:00,2026-03-05 21:59:00,1.0,0.8115942028985508,1.2,0.9834782608695652,339.3
P121_C120_D2,302,279,6,5,2.0,2.0,2.0,1259.0,1261.0,2021-08-17 20:53:00,2026-08-12 20:59:00,1.0,0.9238410596026491,1.0,0.9771523178807946,295.09999999999997
P125_C124_D2,331,230,5,6,2.0,2.0,2.0,1294.0,1296.0,2021-08-17 21:33:00,2026-06-14 21:34:00,0.8333333333333334,0.6948640483383686,1.2,0.8651258811681772,286.3566666666667
P122_C121_D4,278,239,6,6,3.0,3.0,5.0,1262.0,1265.0,2021-08-19 21:01:00,2026-08-10 21:02:00,1.0,0.8597122302158273,1.2,0.9979136690647481,277.41999999999996
P130_C129_D2,369,254,4,5,2.0,2.0,2.0,1344.0,1346.0,2021-08-17 22:26:00,2024-08-29 22:26:00,0.6666666666666666,0.6883468834688347,1.0,0.7398373983739837,272.99999999999994
P129_C128_D2,331,228,5,5,2.0,2.0,2.0,1334.0,1336.0,2021-08-17 22:19:00,2026-02-03 22:13:00,0.8333333333333334,0.6888217522658611,1.0,0.823313192346425,272.51666666666665
P132_C131_D2,353,239,4,5,2.0,2.0,2.0,1365.0,1367.0,2021-08-17 22:49:00,2024-08-29 22:49:00,0.6666666666666666,0.6770538243626062,1.0,0.7364494806421151,259.96666666666664
P131_C130_D2,350,236,4,5,2.0,2.0,2.0,1355.0,1357.0,2021-08-17 22:31:00,2024-08-21 22:38:00,0.6666666666666666,0.6742857142857143,1.0,0.7356190476190476,257.46666666666664
P126_C125_D2,280,214,4,6,2.0,2.0,2.0,1305.0,1307.0,2021-08-22 21:45:00,2024-08-19 21:45:00,0.6666666666666666,0.7642857142857142,1.2,0.8026190476190476,224.73333333333332
P136_C135_D2,292,206,4,5,2.0,2.0,2.0,1404.0,1406.0,2021-08-17 23:20:00,2024-08-26 23:28:00,0.6666666666666666,0.7054794520547946,1.0,0.7449771689497717,217.53333333333333
P133_C132_D2,275,205,4,5,2.0,2.0,2.0,1374.0,1376.0,2021-08-17 22:55:00,2024-08-27 22:53:00,0.6666666666666666,0.7454545454545455,1.0,0.7569696969696968,208.16666666666663
P138_C137_D2,280,193,4,5,2.0,2.0,2.0,1425.0,1427.0,2021-08-17 23:45:00,2024-08-27 23:46:00,0.6666666666666666,0.6892857142857143,1.0,0.7401190476190476,207.23333333333332
P137_C136_D2,270,194,4,5,2.0,2.0,2.0,1414.0,1416.0,2021-08-22 23:31:00,2024-08-18 23:38:00,0.6666666666666666,0.7185185185185186,1.0,0.7488888888888889,202.20000000000002
P123_C122_D4,210,173,5,6,3.0,3.0,5.0,1273.0,1277.0,2021-08-18 21:14:00,2026-05-10 21:16:00,0.8333333333333334,0.8238095238095238,1.2,0.9038095238095238,189.8
P128_C127_D4,195,164,6,5,3.0,3.0,5.0,1324.0,1327.0,2021-08-19 22:06:00,2026-03-04 22:02:00,1.0,0.841025641025641,1.0,0.9523076923076923,185.7
P124_C123_D4,225,184,4,6,3.0,3.0,5.0,1283.0,1287.0,2021-08-17 21:21:00,2026-04-05 21:23:00,0.6666666666666666,0.8177777777777778,1.2,0.8186666666666667,184.2
P134_C133_D2,240,173,4,5,2.0,2.0,2.0,1384.0,1386.0,2021-08-17 23:00:00,2024-08-29 23:02:00,0.6666666666666666,0.7208333333333333,1.0,0.7495833333333333,179.89999999999998
P119_C118_D2,242,169,4,5,2.0,2.0,2.0,1234.0,1236.0,2021-08-17 20:36:00,2024-08-30 20:30:00,0.6666666666666666,0.6983471074380165,1.0,0.7428374655647383,179.76666666666665
P135_C134_D2,259,182,3,5,2.0,2.0,2.0,1394.0,1396.0,2021-08-17 23:10:00,2023-06-14 23:14:00,0.5,0.7027027027027027,1.0,0.6608108108108108,171.15
P120_C119_D2,201,153,4,5,2.0,2.0,2.0,1245.0,1247.0,2021-08-17 20:41:00,2024-08-30 20:47:00,0.6666666666666666,0.7611940298507462,1.0,0.7616915422885571,153.09999999999997
P139_C138_D2,213,166,3,5,2.0,2.0,2.0,1433.0,1435.0,2021-08-17 23:52:00,2023-06-15 23:52:00,0.5,0.7793427230046949,1.0,0.6838028169014085,145.65
P118_C117_D2,182,139,4,5,2.0,2.0,2.0,1224.0,1226.0,2021-08-20 20:29:00,2024-08-29 20:24:00,0.6666666666666666,0.7637362637362637,1.0,0.7624542124542124,138.76666666666665
P129_C128_D4,190,151,3,5,3.0,3.0,5.0,1334.0,1337.0,2021-08-18 22:12:00,2023-06-12 22:15:00,0.5,0.7947368421052632,1.0,0.688421052631579,130.8
P130_C129_D4,175,145,3,5,3.0,3.0,5.0,1344.0,1348.0,2021-08-19 22:27:00,2023-06-14 22:22:00,0.5,0.8285714285714286,1.0,0.6985714285714286,122.25000000000001
P117_C116_D2,146,107,4,5,2.0,2.0,2.0,1215.0,1217.0,2021-08-17 20:11:00,2024-08-29 20:15:00,0.6666666666666666,0.7328767123287672,1.0,0.7531963470319634,109.96666666666665
P28_C28_D2,141,111,4,5,2.0,2.0,2.0,275.0,277.0,2021-08-17 04:36:00,2024-08-21 04:37:00,0.6666666666666666,0.7872340425531915,1.0,0.7695035460992907,108.49999999999999
P125_C124_D4,124,107,4,6,3.0,3.0,5.0,1294.0,1298.0,2021-08-22 21:31:00,2024-09-08 21:32:00,0.6666666666666666,0.8629032258064516,1.2,0.8322043010752688,103.19333333333333
P132_C131_D4,131,111,4,5,3.0,3.0,5.0,1363.0,1367.0,2021-08-17 22:40:00,2024-08-29 22:40:00,0.6666666666666666,0.8473282442748091,1.0,0.7875318066157759,103.16666666666664
P27_C27_D2,153,113,3,5,2.0,2.0,2.0,264.0,266.0,2021-08-18 04:28:00,2023-06-15 04:28:00,0.5,0.738562091503268,1.0,0.6715686274509804,102.75000000000001
P29_C29_D2,133,102,4,5,2.0,2.0,2.0,285.0,287.0,2021-08-20 04:48:00,2024-08-23 04:40:00,0.6666666666666666,0.7669172932330827,1.0,0.7634085213032582,101.53333333333335
P126_C125_D4,126,110,4,5,3.0,3.0,5.0,1303.5,1307.0,2021-08-24 21:41:00,2024-04-14 21:46:00,0.6666666666666666,0.873015873015873,1.0,0.7952380952380953,100.2
P22_C22_D2,129,99,4,5,2.0,2.0,2.0,215.0,217.0,2021-08-17 03:30:00,2024-08-27 03:39:00,0.6666666666666666,0.7674418604651163,1.0,0.7635658914728682,98.5
P26_C26_D2,141,109,3,5,2.0,2.0,2.0,255.0,257.0,2021-08-17 04:11:00,2023-06-16 04:14:00,0.5,0.7730496453900709,1.0,0.6819148936170213,96.15
P24_C24_D2,121,103,4,5,2.0,2.0,2.0,234.0,236.0,2021-08-17 03:50:00,2024-08-23 03:55:00,0.6666666666666666,0.8512396694214877,1.0,0.7887052341597796,95.43333333333332
P23_C23_D2,121,98,4,5,2.0,2.0,2.0,224.0,226.0,2021-08-20 03:43:00,2024-08-30 03:46:00,0.6666666666666666,0.8099173553719008,1.0,0.7763085399449035,93.93333333333332
P25_C25_D2,137,106,3,5,2.0,2.0,2.0,244.0,246.0,2021-08-17 04:07:00,2023-05-29 04:05:00,0.5,0.7737226277372263,1.0,0.6821167883211678,93.44999999999999
P133_C132_D4,126,106,3,5,3.0,3.0,5.0,1373.0,1377.0,2021-08-17 22:51:00,2023-06-14 22:54:00,0.5,0.8412698412698413,1.0,0.7023809523809523,88.5
P116_C115_D2,111,90,4,5,2.0,2.0,2.0,1206.0,1208.0,2021-08-17 20:00:00,2024-08-26 20:06:00,0.6666666666666666,0.8108108108108109,1.0,0.7765765765765766,86.2
P131_C130_D4,122,104,3,5,3.0,3.0,5.0,1354.0,1358.0,2021-08-18 22:35:00,2023-06-13 22:32:00,0.5,0.8524590163934426,1.0,0.7057377049180327,86.09999999999998
P3_C3_D2,118,97,3,5,2.0,2.0,2.0,24.0,26.0,2021-08-17 00:23:00,2023-04-17 00:25:00,0.5,0.8220338983050848,1.0,0.6966101694915254,82.2
P139_C1_D2,97,97,4,5,2.0,2.0,2.0,1438.0,0.0,2021-08-17 23:57:00,2024-04-18 23:58:00,0.6666666666666666,1.0,1.0,0.8333333333333333,80.83333333333333
P32_C32_D2,107,79,4,5,2.0,2.0,2.0,314.0,316.0,2021-08-17 05:19:00,2024-08-23 05:18:00,0.6666666666666666,0.7383177570093458,1.0,0.754828660436137,80.76666666666665
P21_C21_D2,117,89,3,5,2.0,2.0,2.0,205.0,207.0,2021-08-19 03:27:00,2023-04-19 03:28:00,0.5,0.7606837606837606,1.0,0.6782051282051282,79.35000000000001
P19_C19_D2,103,79,4,5,2.0,2.0,2.0,184.0,186.0,2021-08-24 03:03:00,2024-08-27 03:03:00,0.6666666666666666,0.7669902912621359,1.0,0.763430420711974,78.63333333333333
P20_C20_D2,114,89,3,5,2.0,2.0,2.0,194.0,196.0,2021-08-24 03:13:00,2023-06-14 03:16:00,0.5,0.7807017543859649,1.0,0.6842105263157894,77.99999999999999
P31_C31_D2,97,79,4,5,2.0,2.0,2.0,305.0,307.0,2021-08-17 05:03:00,2024-08-21 05:03:00,0.6666666666666666,0.8144329896907216,1.0,0.7776632302405497,75.43333333333332
P17_C17_D2,96,78,4,5,2.0,2.0,2.0,164.0,166.0,2021-08-18 02:40:00,2024-08-19 02:44:00,0.6666666666666666,0.8125,1.0,0.7770833333333333,74.6
P136_C135_D4,107,88,3,5,3.0,3.0,5.0,1404.0,1407.0,2021-08-24 23:20:00,2023-06-15 23:23:00,0.5,0.822429906542056,1.0,0.6967289719626168,74.55
P137_C136_D4,105,89,3,5,3.0,3.0,5.0,1414.0,1417.0,2021-08-18 23:31:00,2023-06-06 23:31:00,0.5,0.8476190476190476,1.0,0.7042857142857142,73.94999999999999
P30_C30_D2,105,88,3,5,2.0,2.0,2.0,294.0,296.0,2021-08-17 04:54:00,2023-06-14 04:55:00,0.5,0.8380952380952381,1.0,0.7014285714285715,73.65
P34_C34_D2,103,88,3,5,2.0,2.0,2.0,335.0,337.0,2021-08-18 05:31:00,2023-04-14 05:33:00,0.5,0.8543689320388349,1.0,0.7063106796116505,72.75
P138_C137_D4,105,83,3,5,3.0,3.0,5.0,1423.0,1427.0,2021-08-17 23:42:00,2023-05-28 23:41:00,0.5,0.7904761904761904,1.0,0.687142857142857,72.14999999999999
P16_C16_D2,103,80,3,5,2.0,2.0,2.0,156.0,158.0,2021-08-18 02:30:00,2023-05-11 02:38:00,0.5,0.7766990291262136,1.0,0.6830097087378642,70.35000000000001
P33_C33_D2,91,71,4,5,2.0,2.0,2.0,324.0,326.0,2021-08-17 05:27:00,2024-08-27 05:28:00,0.6666666666666666,0.7802197802197802,1.0,0.7673992673992673,69.83333333333333
P14_C14_D2,99,76,3,5,2.0,2.0,2.0,135.0,137.0,2021-08-17 02:11:00,2023-04-19 02:19:00,0.5,0.7676767676767676,1.0,0.6803030303030303,67.35
P127_C126_D4,78,71,4,6,3.0,3.0,5.0,1312.0,1316.0,2021-09-09 21:55:00,2025-03-30 21:56:00,0.6666666666666666,0.9102564102564102,1.2,0.8464102564102564,66.02
P134_C133_D4,90,83,3,5,3.0,3.0,5.0,1385.0,1388.0,2021-08-18 23:03:00,2023-06-13 23:03:00,0.5,0.9222222222222223,1.0,0.7266666666666666,65.39999999999999
P5_C5_D2,95,75,3,5,2.0,2.0,2.0,43.0,45.0,2021-08-17 00:41:00,2023-04-19 00:41:00,0.5,0.7894736842105263,1.0,0.6868421052631579,65.25
P135_C134_D4,90,72,3,5,3.0,3.0,5.0,1394.0,1397.0,2021-08-18 23:18:00,2023-05-24 23:16:00,0.5,0.8,1.0,0.69,62.099999999999994
P15_C15_D2,86,71,3,5,2.0,2.0,2.0,144.0,146.0,2021-08-17 02:20:00,2023-04-25 02:28:00,0.5,0.8255813953488372,1.0,0.6976744186046512,60.0
P119_C118_D4,74,64,4,5,3.0,3.0,5.0,1233.0,1236.0,2021-08-17 20:32:00,2024-08-30 20:34:00,0.6666666666666666,0.8648648648648649,1.0,0.7927927927927927,58.66666666666666
P4_C4_D2,82,68,3,5,2.0,2.0,2.0,33.0,35.0,2021-08-18 00:36:00,2023-03-06 00:30:00,0.5,0.8292682926829268,1.0,0.698780487804878,57.3
P139_C138_D4,77,71,3,5,3.0,3.0,5.0,1432.0,1436.0,2021-08-19 23:50:00,2023-06-12 23:54:00,0.5,0.922077922077922,1.0,0.7266233766233765,55.94999999999999
P13_C13_D2,73,56,4,5,2.0,2.0,2.0,125.0,127.0,2021-08-17 02:09:00,2024-08-30 02:04:00,0.6666666666666666,0.7671232876712328,1.0,0.7634703196347032,55.733333333333334
P9_C9_D2,72,56,4,5,2.0,2.0,2.0,85.0,87.0,2021-08-17 01:20:00,2024-08-22 01:21:00,0.6666666666666666,0.7777777777777778,1.0,0.7666666666666666,55.199999999999996
P35_C35_D2,74,62,3,5,2.0,2.0,2.0,345.0,347.0,2021-08-17 05:48:00,2023-04-21 05:45:00,0.5,0.8378378378378378,1.0,0.7013513513513514,51.900000000000006
P2_C2_D2,73,62,3,5,2.0,2.0,2.0,14.0,16.0,2021-08-18 00:16:00,2023-06-15 00:12:00,0.5,0.8493150684931506,1.0,0.7047945205479451,51.449999999999996
P18_C18_D2,73,61,3,5,2.0,2.0,2.0,173.0,175.0,2021-08-17 02:54:00,2023-06-06 02:53:00,0.5,0.8356164383561644,1.0,0.7006849315068493,51.15
P121_C121_D4,53,53,6,4,4.0,3.0,5.0,1259.0,1263.0,2021-10-19 20:59:00,2026-08-10 20:59:00,1.0,1.0,0.8,0.9600000000000001,50.88
P118_C117_D4,56,53,4,5,3.0,3.0,5.0,1223.0,1227.0,2021-08-17 20:21:00,2024-08-22 20:21:00,0.6666666666666666,0.9464285714285714,1.0,0.8172619047619047,45.766666666666666
P12_C12_D2,61,50,3,5,2.0,2.0,2.0,114.0,116.0,2021-08-18 01:50:00,2023-06-08 01:54:00,0.5,0.819672131147541,1.0,0.6959016393442623,42.45
P8_C8_D2,60,50,3,5,2.0,2.0,2.0,75.0,77.0,2021-08-19 01:17:00,2023-03-09 01:11:00,0.5,0.8333333333333334,1.0,0.7,42.0
P1_C1_D2,58,53,3,5,2.0,2.0,2.0,5.0,7.0,2021-08-24 00:05:00,2023-06-15 00:04:00,0.5,0.9137931034482759,1.0,0.7241379310344827,41.99999999999999
P36_C36_D2,59,51,3,5,2.0,2.0,2.0,353.0,355.0,2021-08-17 05:51:00,2023-03-02 05:53:00,0.5,0.864406779661017,1.0,0.7093220338983051,41.85
P11_C11_D2,61,48,3,5,2.0,2.0,2.0,104.0,106.0,2021-08-18 01:45:00,2023-01-02 01:46:00,0.5,0.7868852459016393,1.0,0.6860655737704917,41.849999999999994
P114_C113_D2,53,44,4,5,2.0,2.0,2.0,1184.0,1186.0,2021-08-24 19:40:00,2024-08-26 19:45:00,0.6666666666666666,0.8301886792452831,1.0,0.7823899371069183,41.46666666666667
P10_C10_D2,58,48,3,5,2.0,2.0,2.0,96.0,98.0,2021-08-25 01:31:00,2023-04-07 01:39:00,0.5,0.8275862068965517,1.0,0.6982758620689655,40.5
P111_C110_D2,52,42,4,5,2.0,2.0,2.0,1155.0,1157.0,2021-08-17 19:12:00,2024-08-28 19:19:00,0.6666666666666666,0.8076923076923077,1.0,0.7756410256410255,40.33333333333333
P112_C111_D2,51,42,4,5,2.0,2.0,2.0,1165.0,1167.0,2021-08-23 19:20:00,2024-08-29 19:28:00,0.6666666666666666,0.8235294117647058,1.0,0.780392156862745,39.8
P120_C119_D4,46,42,4,5,3.0,3.0,5.0,1244.5,1248.0,2021-08-19 20:40:00,2024-08-29 20:46:00,0.6666666666666666,0.9130434782608695,1.0,0.8072463768115941,37.133333333333326
P110_C109_D2,44,35,4,5,2.0,2.0,2.0,1146.0,1148.0,2021-08-17 19:08:00,2024-08-20 19:05:00,0.6666666666666666,0.7954545454545454,1.0,0.771969696969697,33.96666666666667
P7_C7_D2,54,45,2,5,2.0,2.0,2.0,64.0,66.0,2021-08-17 01:03:00,2022-12-27 01:03:00,0.3333333333333333,0.8333333333333334,1.0,0.6166666666666667,33.300000000000004
P6_C6_D2,44,40,3,5,2.0,2.0,2.0,55.0,57.0,2021-08-17 00:52:00,2023-04-07 00:52:00,0.5,0.9090909090909091,1.0,0.7227272727272727,31.799999999999997
P117_C116_D4,43,40,3,5,3.0,3.0,5.0,1214.0,1217.0,2021-08-24 20:12:00,2023-06-15 20:11:00,0.5,0.9302325581395349,1.0,0.7290697674418605,31.35
P25_C25_D4,42,38,3,5,3.0,3.0,5.0,245.0,248.0,2021-08-23 04:00:00,2023-04-07 04:03:00,0.5,0.9047619047619048,1.0,0.7214285714285713,30.299999999999994
P28_C28_D4,40,36,3,5,3.0,3.0,5.0,273.0,276.5,2021-08-17 04:30:00,2023-01-02 04:38:00,0.5,0.9,1.0,0.72,28.799999999999997
P113_C112_D2,46,39,2,5,2.0,2.0,2.0,1174.0,1176.0,2021-08-19 19:32:00,2022-09-05 19:38:00,0.3333333333333333,0.8478260869565217,1.0,0.6210144927536232,28.566666666666666
P27_C27_D4,44,40,2,5,3.0,3.0,5.0,264.0,267.0,2021-08-17 04:27:00,2022-12-12 04:27:00,0.3333333333333333,0.9090909090909091,1.0,0.6393939393939394,28.133333333333333
P109_C108_D2,35,30,4,5,2.0,2.0,2.0,1133.0,1135.0,2021-08-17 18:53:00,2024-08-19 18:53:00,0.6666666666666666,0.8571428571428571,1.0,0.7904761904761903,27.66666666666666
P37_C37_D2,35,29,4,5,2.0,2.0,2.0,365.0,367.0,2021-08-25 06:04:00,2024-07-03 06:07:00,0.6666666666666666,0.8285714285714286,1.0,0.7819047619047619,27.366666666666667
P127_C127_D6,28,28,6,4,6.0,6.0,6.0,1319.0,1325.0,2021-11-25 21:57:00,2026-03-02 21:59:00,1.0,1.0,0.8,0.9600000000000001,26.880000000000003
P26_C26_D4,38,32,3,5,3.0,3.0,5.0,254.0,257.0,2021-08-25 04:11:00,2023-06-07 04:11:00,0.5,0.8421052631578947,1.0,0.7026315789473683,26.699999999999996
P39_C39_D2,37,32,3,5,2.0,2.0,2.0,383.0,385.0,2021-08-25 06:23:00,2023-01-02 06:28:00,0.5,0.8648648648648649,1.0,0.7094594594594594,26.25
P123_C123_D4,30,30,4,6,4.0,3.0,5.0,1279.0,1282.0,2021-08-23 21:18:00,2025-04-27 21:18:00,0.6666666666666666,1.0,1.2,0.8733333333333333,26.2
P105_C104_D2,33,28,4,5,2.0,2.0,2.0,1093.0,1095.0,2021-08-26 18:12:00,2024-08-19 18:12:00,0.6666666666666666,0.8484848484848485,1.0,0.7878787878787878,26.0
P24_C24_D4,37,31,3,5,3.0,3.0,5.0,234.0,238.0,2021-08-18 03:50:00,2023-04-07 03:58:00,0.5,0.8378378378378378,1.0,0.7013513513513514,25.950000000000003
P108_C107_D2,37,30,3,5,2.0,2.0,2.0,1123.0,1125.0,2021-08-17 18:42:00,2023-05-29 18:47:00,0.5,0.8108108108108109,1.0,0.6932432432432433,25.650000000000002
P23_C23_D4,35,32,3,5,3.0,3.0,5.0,224.0,227.0,2021-08-17 03:40:00,2023-04-07 03:46:00,0.5,0.9142857142857143,1.0,0.7242857142857142,25.349999999999998
P21_C21_D4,34,30,3,5,3.0,3.0,5.0,203.0,206.5,2021-08-23 03:22:00,2023-06-15 03:24:00,0.5,0.8823529411764706,1.0,0.7147058823529411,24.299999999999997
P29_C29_D4,34,30,3,5,3.0,3.0,5.0,283.0,287.0,2021-08-18 04:41:00,2023-01-02 04:43:00,0.5,0.8823529411764706,1.0,0.7147058823529411,24.299999999999997
P40_C40_D2,39,30,2,5,2.0,2.0,2.0,393.0,395.0,2021-08-24 06:33:00,2022-02-23 06:32:00,0.3333333333333333,0.7692307692307693,1.0,0.5974358974358975,23.300000000000004
P30_C30_D4,31,29,3,5,3.0,3.0,5.0,293.0,297.0,2021-08-19 04:55:00,2023-04-07 04:57:00,0.5,0.9354838709677419,1.0,0.7306451612903226,22.650000000000002
P122_C122_D4,30,30,3,5,4.0,3.0,5.0,1269.0,1272.0,2021-08-19 21:09:00,2023-08-15 21:08:00,0.5,1.0,1.0,0.75,22.5
P4_C5_D2,30,30,3,5,2.0,2.0,2.0,39.0,41.0,2021-09-08 00:39:00,2023-05-12 00:38:00,0.5,1.0,1.0,0.75,22.5
P116_C115_D4,29,26,4,4,3.0,3.0,5.0,1205.0,1208.0,2021-08-17 20:02:00,2024-08-28 20:07:00,0.6666666666666666,0.896551724137931,0.8,0.7622988505747127,22.10666666666667
P103_C102_D2,31,27,3,5,2.0,2.0,2.0,1071.0,1073.0,2021-08-20 17:49:00,2023-05-11 17:48:00,0.5,0.8709677419354839,1.0,0.7112903225806451,22.049999999999997
P104_C103_D2,34,22,3,5,2.0,2.0,2.0,1083.0,1085.0,2021-08-19 18:07:00,2023-04-07 17:58:00,0.5,0.6470588235294118,1.0,0.6441176470588235,21.9
P106_C105_D2,27,25,4,5,2.0,2.0,2.0,1103.0,1105.0,2021-08-20 18:25:00,2024-08-30 18:27:00,0.6666666666666666,0.9259259259259259,1.0,0.8111111111111111,21.9
P20_C20_D4,29,27,3,5,3.0,3.0,5.0,194.0,197.0,2021-08-23 03:10:00,2023-01-02 03:14:00,0.5,0.9310344827586207,1.0,0.7293103448275862,21.15
P127_C127_D4,22,22,6,4,3.0,3.0,5.0,1319.0,1322.0,2021-11-08 21:59:00,2026-03-04 21:59:00,1.0,1.0,0.8,0.9600000000000001,21.12
P102_C101_D2,30,25,3,5,2.0,2.0,2.0,1061.0,1063.0,2021-08-17 17:42:00,2023-05-29 17:42:00,0.5,0.8333333333333334,1.0,0.7,21.0
P101_C100_D2,31,23,3,5,2.0,2.0,2.0,1050.0,1052.0,2021-08-17 17:33:00,2023-05-29 17:33:00,0.5,0.7419354838709677,1.0,0.6725806451612903,20.85
P100_C99_D2,29,23,3,5,2.0,2.0,2.0,1042.0,1044.0,2021-08-30 17:21:00,2023-04-07 17:24:00,0.5,0.7931034482758621,1.0,0.6879310344827587,19.950000000000003
P129_C129_D4,26,26,3,5,3.5,3.0,5.0,1339.0,1342.0,2021-08-24 22:19:00,2023-05-11 22:19:00,0.5,1.0,1.0,0.75,19.5
P3_C4_D2,26,26,3,5,2.0,2.0,2.0,28.0,30.0,2021-09-07 00:28:00,2023-03-10 00:29:00,0.5,1.0,1.0,0.75,19.5
P115_C114_D2,26,23,3,5,2.0,2.0,2.0,1194.5,1196.5,2021-08-24 19:56:00,2023-06-09 19:51:00,0.5,0.8846153846153846,1.0,0.7153846153846153,18.599999999999998
P125_C125_D4,24,24,3,5,3.0,3.0,5.0,1299.0,1302.0,2021-09-02 21:38:00,2023-05-10 21:38:00,0.5,1.0,1.0,0.75,18.0
P22_C22_D4,25,22,3,5,3.0,3.0,5.0,214.0,218.0,2021-08-25 03:30:00,2023-05-24 03:33:00,0.5,0.88,1.0,0.714,17.849999999999998
P41_C41_D2,24,22,3,5,2.0,2.0,2.0,406.0,408.0,2021-11-03 06:46:00,2023-02-23 06:43:00,0.5,0.9166666666666666,1.0,0.7249999999999999,17.4
P139_C1_D4,23,23,3,5,3.0,3.0,5.0,1436.0,0.0,2021-08-19 23:56:00,2023-01-19 23:56:00,0.5,1.0,1.0,0.75,17.25
P2_C3_D2,23,23,3,5,2.0,2.0,2.0,18.0,20.0,2021-08-24 00:18:00,2023-06-13 00:18:00,0.5,1.0,1.0,0.75,17.25
P121_C120_D4,21,20,4,5,3.0,3.0,5.0,1251.0,1254.0,2021-09-02 20:51:00,2024-08-26 20:51:00,0.6666666666666666,0.9523809523809523,1.0,0.819047619047619,17.2
P4_C4_D4,27,24,2,5,3.0,3.0,5.0,34.0,37.0,2021-11-12 00:32:00,2022-03-10 00:34:00,0.3333333333333333,0.8888888888888888,1.0,0.6333333333333333,17.099999999999998
P17_C17_D4,24,21,3,5,3.0,3.0,5.0,165.0,169.0,2021-08-26 02:48:00,2023-01-02 02:46:00,0.5,0.875,1.0,0.7124999999999999,17.099999999999998
P32_C32_D4,26,25,2,5,3.0,3.0,5.0,314.0,317.5,2021-08-25 05:12:00,2022-12-26 05:17:00,0.3333333333333333,0.9615384615384616,1.0,0.655128205128205,17.03333333333333
P5_C5_D4,25,25,2,5,3.0,3.0,5.0,43.0,46.0,2021-08-24 00:45:00,2022-12-27 00:42:00,0.3333333333333333,1.0,1.0,0.6666666666666667,16.666666666666668
P124_C123_D6,21,21,3,5,6.0,6.0,6.0,1282.0,1288.0,2021-08-18 21:24:00,2023-10-15 21:22:00,0.5,1.0,1.0,0.75,15.75
P128_C128_D4,22,22,3,4,4.0,3.0,5.0,1328.5,1332.0,2021-09-21 22:09:00,2023-05-17 22:08:00,0.5,1.0,0.8,0.7100000000000001,15.620000000000001
P107_C106_D2,22,19,3,5,2.0,2.0,2.0,1113.0,1115.0,2021-09-02 18:32:00,2023-05-29 18:37:00,0.5,0.8636363636363636,1.0,0.709090909090909,15.599999999999998
P1_C2_D2,23,23,2,5,2.0,2.0,2.0,8.0,10.0,2021-08-17 00:08:00,2022-12-26 00:08:00,0.3333333333333333,1.0,1.0,0.6666666666666667,15.333333333333336
P130_C129_D8,20,20,3,5,7.0,7.0,9.0,1342.0,1350.0,2021-09-01 22:22:00,2023-05-17 22:22:00,0.5,1.0,1.0,0.75,15.0
P131_C131_D4,20,20,3,5,4.0,3.0,5.0,1359.0,1362.5,2021-08-18 22:39:00,2023-06-13 22:38:00,0.5,1.0,1.0,0.75,15.0
P137_C137_D4,20,20,3,5,3.0,3.0,5.0,1419.0,1422.0,2021-08-17 23:39:00,2023-03-08 23:39:00,0.5,1.0,1.0,0.75,15.0
P13_C13_D4,20,19,3,5,3.0,3.0,4.0,125.0,128.0,2021-08-17 02:03:00,2023-01-02 02:04:00,0.5,0.95,1.0,0.7349999999999999,14.699999999999998
P18_C18_D4,20,18,3,5,3.0,3.0,4.0,172.5,175.5,2021-08-23 02:53:00,2023-02-06 02:52:00,0.5,0.9,1.0,0.72,14.399999999999999
P35_C35_D4,20,18,3,5,3.0,3.0,5.0,343.0,346.5,2021-09-15 05:40:00,2023-01-02 05:42:00,0.5,0.9,1.0,0.72,14.399999999999999
P38_C38_D2,21,21,2,5,2.0,2.0,2.0,373.0,375.0,2021-08-17 06:16:00,2022-05-04 06:14:00,0.3333333333333333,1.0,1.0,0.6666666666666667,14.000000000000002
P42_C42_D2,20,17,3,4,2.0,2.0,2.0,412.0,414.0,2021-08-27 06:52:00,2023-01-02 06:53:00,0.5,0.85,0.8,0.665,13.3
P2_C2_D4,20,19,2,4,3.0,3.0,5.0,11.5,15.0,2021-09-13 00:13:00,2022-02-23 00:16:00,0.3333333333333333,0.95,0.8,0.6116666666666667,12.233333333333334
